,ZBTB20,NUFIP2,TAOK1,ANKRD52,QKI,LCOR,UBN2,AGO3,DYRK2,RUNX1T1,ZNF652,AGO1,CPEB3,NFIB,STRN,AAK1,PTEN,GAN,KPNA4,ONECUT2,TET3,ATXN1,FRS2,SESN3,TNRC6B,TSC22D2,RORA,RPS6KA3,RYBP,ACVR2B,CBX5,CPEB4,CREB1,DCUN1D3,FIGN,ZNF704,BNC2,CFL2,CLOCK,HIPK2,NFIA,PURB,CTDSPL2,FOXP2,NOVA1,OTUD4,PPARGC1B,STOX2,CELF2,KLF7,MAP3K2,SRSF10,TCF4,CNNM2,FNDC3B,FOXP1,RLIM,SCN1A,WDR37,ZBTB10,ABL2,ANKFY1,BRWD3,CHD7,CSRNP3,SOX6,TNPO1,ADAMTS5,BBX,CDK6,CREBRF,ELAVL2,FAM126B,FBXO28,NFAT5,RORB,SH3PXD2A,CADM2,CCNT2,CHD9,HIPK3,PTPRD,UBE2W,DGKH,KCMF1,PLXNC1,RGS17,RNF38,STYX,TNIK,WNK3,AFF4,CHIC1,DLGAP2,ESRRG,ITGB8,KCNN3,MTF1,PTPN4,USP47
TCGA-AB-2863,1.4007,28.5508,14.3778,10.5964,15.0514,6.7114,8.5057,8.0695,6.0563,0.0079,8.2949,16.526,1.4188,0.0692,8.5652,5.3613,18.019,3.0228,13.5468,0.0081,13.8298,0.6355,6.7153,11.4811,13.8167,2.5843,0.4667,28.4591,8.5877,0.1363,23.8012,6.0396,9.7371,4.2692,0.0108,5.1316,0.014,4.0759,4.2632,11.1492,0.2465,13.7751,15.1212,0.0033,0.0,19.8049,3.6279,0.0118,54.3539,7.4082,16.0624,28.4151,3.034,1.5994,37.06,4.9677,14.1619,0.0,6.5847,13.823,6.2096,7.7822,6.6679,7.1544,0.017,0.2479,23.7777,0.0466,8.6671,141.009,6.0234,0.0052,6.9205,8.0385,12.8998,0.0195,1.3425,0.0,11.1527,14.7627,37.1473,0.0072,18.4908,2.8225,8.5509,5.2045,0.4823,20.8975,13.5551,4.2902,0.0163,15.0031,2.9222,0.3094,0.0049,0.1624,0.2675,6.7002,4.2254,7.25
TCGA-AB-2925,0.6462,20.5457,8.1329,10.4735,7.0222,3.5876,3.2548,3.5596,2.2682,0.0022,4.4735,6.9609,1.8652,0.0092,2.7782,12.4504,17.3556,1.2183,8.1243,0.5033,9.1286,3.222,4.2069,35.1765,7.2523,3.5709,0.1504,13.5577,6.3401,0.1911,10.1433,3.378,6.1967,4.3223,0.003,0.0529,0.0038,1.3158,3.1815,14.9983,0.1074,7.3943,6.7399,0.009,0.0,9.4307,3.9562,0.0311,25.1303,4.994,7.5018,17.8504,1.7715,2.8912,18.4419,3.7884,7.5062,0.0,10.6704,1.8116,3.803,6.2017,2.7018,2.6381,0.0,0.1348,8.6182,0.7171,4.137,16.8457,4.3517,0.0057,3.7785,7.2387,3.8034,0.0031,5.6691,0.0,6.1661,5.9904,20.1687,0.0236,6.9749,0.5246,7.7548,1.5074,0.1669,13.9498,6.0053,0.0977,0.0308,6.419,0.7887,0.0039,0.0054,0.0078,0.0303,9.2298,1.2411,4.4237
TCGA-AB-2812,2.9754,63.4001,18.1099,9.5285,12.2396,11.0886,9.1254,13.3411,4.4318,0.0,7.6867,10.2126,2.2933,0.0028,8.1458,19.7878,29.9358,2.6643,17.7554,0.0151,17.2381,0.2596,7.8741,3.7851,17.4366,4.3906,0.1827,27.4621,12.8299,0.3027,20.2091,4.9325,10.5374,8.9287,0.0036,0.0167,0.0023,3.436,5.6415,20.3003,0.007,16.5774,15.2138,0.0219,0.0035,29.8605,3.8831,0.3775,45.8605,4.7784,18.0424,47.8184,6.4448,3.4602,50.5517,11.0659,19.6424,0.0019,6.6097,10.2985,7.0689,5.9113,7.2784,1.9051,0.0028,0.1547,25.759,0.0329,14.3454,106.1319,8.8902,0.0,10.4652,10.1369,17.928,0.0074,7.1675,0.0107,11.0976,20.1663,35.955,0.0255,13.0398,0.2191,7.201,8.0813,0.4056,24.3395,11.7729,0.5715,0.0405,23.4726,3.8949,0.0,0.0,1.0119,0.0421,6.8107,4.5966,8.4853
TCGA-AB-2891,1.0698,20.9511,13.3746,18.0196,8.1336,6.175,5.0183,5.3354,4.767,0.0568,8.8913,11.3703,3.5254,0.0246,6.3084,10.9677,34.6286,2.0321,10.2598,0.0042,13.3033,1.769,5.0536,10.1771,15.0,3.5701,1.4984,46.0854,8.1058,0.2692,15.0239,5.0919,8.0815,4.2286,0.0035,0.1979,0.041,1.2797,4.2264,9.3537,0.2676,10.6428,12.6326,0.0043,0.0,11.9115,2.6892,0.0123,58.5163,11.7439,13.1651,22.0429,3.2921,1.676,15.0448,3.6708,9.4562,0.0037,13.5472,2.3873,4.7065,11.236,3.7435,0.6549,0.0028,0.1317,16.3342,0.0,10.839,87.1143,5.1648,0.0,5.5917,6.3904,9.6849,0.0073,10.1887,0.007,7.8647,10.7529,37.6973,2.4838,6.1457,0.4,7.4943,6.704,0.4802,21.8937,11.3455,0.6074,0.0701,14.5358,2.1149,0.3095,0.0032,0.1199,0.3674,8.8698,2.1055,5.7777
TCGA-AB-2851,1.0474,29.5385,14.8164,13.36,12.4055,5.2265,5.3535,6.2244,3.6043,0.0025,7.4582,12.3185,2.4667,0.0159,5.4139,8.5375,21.5551,1.3583,10.2007,0.1307,23.8116,2.8049,5.3262,11.412,13.0935,4.3156,0.5777,27.2747,11.2916,0.1678,8.8319,7.9796,8.0866,2.5094,0.0,0.0383,0.0485,1.7985,4.3368,19.1149,0.049,10.6781,8.0216,0.0062,0.0033,13.2047,4.7852,0.0059,36.9628,10.1801,13.3383,14.0309,1.5341,2.5112,13.6281,4.3929,8.8662,0.0036,12.4271,2.5373,3.562,11.2714,6.1232,3.1353,0.0,0.2065,10.5107,1.1005,5.4052,33.0827,7.7192,0.0066,5.3502,8.0053,11.4649,0.007,4.1798,0.0034,8.1948,10.175,45.5762,0.003,6.9033,0.6779,6.0991,13.3018,0.311,17.773,9.3457,0.6819,0.0648,13.2322,1.9335,0.0782,0.0,0.0557,0.0199,10.5121,1.9728,4.8025
TCGA-AB-2876,4.0836,39.869,14.9029,10.2067,13.8916,6.9902,7.6094,9.2662,4.9078,0.0052,8.0153,15.9548,1.4137,0.0387,7.6806,8.1586,33.262,2.1641,12.4772,0.0043,14.8364,0.3957,6.6432,19.0773,17.3794,3.7144,1.3672,36.3618,13.2037,0.063,19.2836,5.7621,13.1725,1.8788,0.0,0.4377,0.0069,5.3811,3.6441,6.2418,0.1694,11.4152,16.1261,0.0281,0.0034,19.7058,3.6142,0.0435,58.264,10.486,15.5685,24.5848,0.1877,2.0099,20.4018,8.6225,12.8014,0.0,9.0015,5.0023,4.4757,6.7187,7.9992,0.996,0.0028,0.1978,14.4458,0.0109,8.2263,103.3764,9.7105,0.0,7.1406,8.2836,12.5345,0.0,0.8231,0.0,11.7606,16.8046,22.6029,0.0536,12.6101,0.1091,9.1572,19.5469,0.236,21.0071,16.3437,2.9986,0.0308,14.5637,0.2189,0.3618,0.0,1.6778,0.0493,5.2827,3.554,5.5876
TCGA-AB-3000,2.0233,29.9583,9.9014,14.2109,6.5021,5.616,5.8208,7.6314,4.8201,0.0024,7.8987,15.4143,1.6429,0.0376,5.005,7.3265,24.873,1.7877,9.6953,0.0039,11.8005,0.6417,4.4512,6.4306,13.7146,3.0033,0.8337,27.2234,11.8829,0.0611,21.18,2.6658,10.0123,3.1596,0.0032,0.5197,0.0209,2.5032,4.4236,2.6171,0.1058,10.0654,10.7298,0.0078,0.0,13.1451,2.609,0.0281,39.9875,7.648,10.2496,18.6618,2.4978,1.9974,12.1298,3.9797,7.8237,0.0,10.76,3.2197,3.8748,7.4543,4.5274,0.2498,0.0,0.2962,12.64,0.0229,8.451,142.7363,5.6943,0.0,4.9233,7.2268,10.6221,0.0166,0.5683,0.0032,10.2574,13.7089,16.018,0.0228,7.7497,0.1328,7.1289,12.2599,0.5481,17.6232,9.9239,0.3658,0.0502,10.2802,1.3313,0.0655,0.0,0.1919,0.0235,5.4216,2.6413,5.3462
TCGA-AB-2975,1.8244,32.4007,12.3084,14.4213,10.9689,6.9393,7.4626,9.8329,3.9274,0.0029,5.1171,9.838,2.0691,0.0062,6.4626,4.9093,17.2926,2.7137,9.1855,0.0095,13.9545,2.2795,5.3835,4.2439,15.2517,3.8752,0.9718,17.568,7.1478,0.1886,24.0813,4.2189,9.7828,4.5244,0.004,1.4443,0.0335,2.988,3.4714,6.4347,0.1321,17.0897,11.3507,0.0387,0.0153,14.2192,3.9884,0.0139,59.6339,11.9914,11.2636,23.1103,3.4601,2.8879,38.4603,7.5804,13.6315,0.0,10.2639,5.2252,6.1298,11.5111,5.3202,5.3888,0.0063,0.1789,11.5148,0.0566,8.8879,85.3204,4.4883,0.0077,6.8085,7.7391,12.8046,0.0041,13.2224,0.0119,8.0913,11.452,37.6304,0.0176,11.3788,0.508,8.944,5.6747,0.5077,19.2074,11.2672,0.5208,0.0998,13.4222,2.3101,0.0157,0.0036,0.3621,0.2845,6.0541,3.4498,3.5535
TCGA-AB-2932,0.4511,23.8878,12.5092,11.1831,13.2307,5.1747,3.8559,3.6685,3.9801,0.0039,6.2361,9.3283,1.7632,0.0331,5.2785,9.1084,16.0313,1.3383,8.1971,0.0239,15.5751,4.6866,5.9885,1.9413,7.0823,3.3027,0.2884,16.4329,6.3877,0.3412,8.8707,6.3585,7.2187,3.9112,0.008,0.2339,0.0293,1.864,4.1103,16.4885,0.0708,9.1917,7.3376,0.0016,0.0051,10.4518,2.4472,0.0186,38.2958,10.5755,13.727,15.8077,1.7855,2.4076,19.0985,3.2263,6.7731,0.0,10.8493,1.4804,3.1473,9.5862,4.1778,1.2034,0.0021,0.0954,10.0227,0.5757,5.4977,21.3157,7.5269,0.0,3.6759,6.0988,5.528,0.0219,1.4145,0.0,7.1036,7.6062,47.3639,0.0047,7.2874,0.2701,8.4735,1.2786,0.1664,16.7664,6.6688,0.2306,0.0322,9.3753,1.6813,0.0052,0.0,0.0087,0.1281,7.959,1.344,3.7028
TCGA-AB-2900,0.8273,31.2633,11.5343,13.975,10.0556,8.0802,3.9496,5.1939,3.6267,0.0,5.2802,8.282,2.2851,0.0203,5.826,6.6775,21.823,1.6655,9.3144,0.0692,18.1174,1.6015,6.2637,0.6633,9.5178,3.3685,0.23,14.8421,8.1099,0.3057,11.0387,6.1668,6.2737,2.3979,0.0,0.1427,0.0169,4.1324,2.6834,31.5827,0.0251,8.7245,9.0404,0.0068,0.0036,11.1221,2.573,0.0032,68.7736,11.0168,11.2574,21.009,4.0607,2.3257,15.5686,4.4377,8.1422,0.0,12.1615,4.0415,4.1734,8.5445,4.5378,1.4429,0.0,0.1843,9.3951,0.0076,6.3351,32.4944,8.6898,0.0,5.6764,7.0363,8.4866,0.0154,4.533,0.0037,11.5048,9.0736,40.879,0.1814,6.2721,0.1534,8.2221,4.0121,0.0466,18.7057,7.0555,0.5258,0.0129,13.3237,1.9372,0.0244,0.0,0.0975,0.0353,7.3361,1.7942,4.5268
TCGA-AB-2823,0.9448,20.3383,11.8862,16.7645,8.3758,2.5513,6.5539,7.5741,4.7103,0.0041,5.9268,8.072,1.4429,0.0108,5.2997,7.5791,12.2211,1.8896,9.108,0.0033,12.8662,5.5453,5.1288,2.0877,11.275,2.6794,0.5421,32.6601,10.6156,0.1172,14.0751,3.5399,8.85,11.9457,0.0,0.205,0.009,2.3288,4.6036,6.6778,0.0147,11.2968,8.7195,0.0017,0.0,11.0989,2.0458,5.9405,42.2289,6.5153,10.2775,18.6225,0.6517,2.3473,69.3851,3.8709,9.4598,0.0015,9.3504,4.7185,6.0978,21.9501,4.8879,4.6478,0.0,0.1133,12.0973,0.0,4.2845,124.5971,4.9999,0.0053,5.3347,7.2728,15.3337,0.0057,6.1308,0.0,9.933,12.4371,49.1305,0.0049,12.596,1.1645,7.6079,6.3569,0.2874,17.658,8.8194,0.691,0.0096,13.1114,0.0831,0.0,0.0,0.0181,0.004,5.1125,4.3696,6.1532
TCGA-AB-2897,2.3284,32.532,10.5052,13.8374,8.3025,4.7347,7.5318,10.9794,4.4952,0.0,6.9433,11.6511,1.7117,0.0204,3.5728,20.4125,17.2534,1.4565,6.9134,0.0026,19.3395,8.3498,4.9724,11.0864,13.8224,2.0807,0.87,9.3672,9.081,0.0827,9.5608,4.7684,6.6822,3.9533,0.0044,0.3116,0.113,3.3211,3.7737,14.6671,0.1031,8.1245,10.153,0.0239,0.0042,9.6053,1.5455,2.995,36.7691,7.0415,12.2639,25.5671,1.075,3.9289,88.8344,6.9587,13.7329,0.0069,13.3333,4.7774,4.9821,15.8134,6.8119,11.1216,0.0241,0.2536,8.967,0.031,5.7646,56.1922,6.9911,0.0,8.3636,7.7907,18.5358,0.0,9.6218,0.0,10.2148,13.188,25.6683,0.0,7.112,0.1843,8.1144,5.7795,0.131,19.3951,6.3529,1.4829,0.0113,15.6662,1.891,0.0544,0.0119,0.0143,0.086,4.4124,2.4791,5.3367
TCGA-AB-2867,5.0442,30.3756,15.6327,12.1943,16.3942,8.2532,6.7755,8.83,8.113,0.0,9.4685,16.9932,1.4203,0.0122,8.7533,10.2254,29.9678,2.1641,13.0566,0.0047,16.4823,3.0237,6.4603,19.6813,20.6076,3.2984,5.2059,34.1219,9.5506,0.3186,16.3922,7.7983,10.3096,2.1068,0.0,0.4522,0.0835,6.8903,4.4019,10.2581,0.2262,13.3759,16.5886,0.0095,0.0038,18.3949,2.7081,0.0375,55.5006,9.7859,21.4912,31.2784,0.7859,1.8056,25.4403,10.8445,17.4483,0.0041,9.3558,8.6025,5.1056,6.1403,8.8662,3.475,0.0031,0.391,15.8799,0.004,8.4011,78.8373,11.1636,0.0226,10.0909,6.3587,13.0318,0.0927,0.9336,0.0078,13.5129,13.115,38.8783,0.0139,11.0194,1.0019,9.6325,13.2048,0.2102,24.6992,13.815,4.1229,0.0203,17.7535,2.0568,0.0795,0.0,0.5706,0.0485,8.1703,6.5788,6.9415
TCGA-AB-2898,1.6158,24.1293,11.3783,15.3645,7.6457,4.6218,9.5574,7.7249,4.107,0.028,10.0342,12.5759,1.0893,0.1156,4.9378,4.9419,13.8361,2.0991,7.823,0.0023,16.3255,3.1087,4.8611,23.6167,19.2651,3.7847,1.3202,19.7566,10.4323,0.4505,21.7348,6.7307,8.9377,2.0796,0.0228,1.3613,0.0469,2.7024,2.421,14.3688,0.5429,9.1552,9.4208,0.0046,0.0037,11.0404,2.0548,0.3895,41.8214,12.8428,12.1149,14.1574,2.1495,3.3908,18.5762,5.0602,8.0923,0.002,12.8255,4.7515,3.6091,10.5863,5.9539,8.3559,0.0271,0.4739,11.8679,0.0426,6.5443,64.4899,7.4085,0.0,7.5461,7.5165,15.218,0.1534,3.9939,0.0,10.4532,12.1223,24.7191,0.0372,9.7925,0.3392,5.9021,5.7356,0.8061,14.9783,6.6587,1.9532,0.0495,11.983,2.1373,0.0425,0.0035,0.0549,0.1057,11.4795,4.0724,5.8811
TCGA-AB-2878,1.5079,32.3428,16.2007,10.4234,12.0382,8.4834,5.1293,13.2984,4.2349,0.068,6.5452,14.7724,1.7081,0.2811,7.4698,4.756,23.9418,1.6221,12.2632,0.023,14.3434,2.2434,6.6784,22.0753,14.5475,4.2071,2.1675,16.2443,19.6009,0.8997,20.6655,15.0009,11.9689,3.1386,0.115,0.878,0.0414,3.4053,4.7824,7.4393,4.5102,11.7182,12.4247,0.0292,0.0,21.349,1.3131,0.5281,43.3026,4.378,12.3172,37.3541,4.2546,2.9722,17.9785,6.2924,12.8871,0.0034,8.0378,4.3017,4.0089,9.329,6.9578,2.8134,0.0379,1.4292,17.4686,0.0715,9.4469,50.5211,6.7121,0.0,6.948,9.6209,8.4199,0.1023,15.6713,0.0,10.4515,21.4657,25.6895,0.0907,9.9964,0.9087,8.0698,6.7633,0.1962,20.0203,13.3945,8.7038,0.2021,7.11,2.6449,0.0042,0.0232,0.1571,0.6118,8.3467,3.7479,7.7566
TCGA-AB-2949,2.2669,35.1671,13.6444,9.8669,10.0805,5.6354,6.7288,6.1074,7.0485,0.004,8.0521,11.2702,1.2099,0.0168,7.1428,4.1208,21.4423,2.2197,7.641,0.0113,12.9927,3.0349,5.9911,16.4461,21.8457,2.7438,0.9088,20.0246,11.4171,2.0246,19.6807,4.6435,10.6245,2.3314,0.0054,3.9732,0.014,3.1898,2.0004,8.4428,0.1298,14.6692,12.6046,0.0,0.2099,13.9659,3.7647,0.6099,52.2434,12.1511,13.9426,27.0688,8.9067,1.8232,11.3713,5.4291,12.5044,0.0028,9.7695,8.4568,4.3973,8.5821,5.3814,1.692,0.0021,0.2167,13.5262,0.0082,10.1007,136.3311,10.6054,0.0104,5.6161,6.9222,12.7921,0.0195,9.3046,0.0,14.1086,18.1368,27.9083,0.1984,6.5711,2.0363,8.1522,8.6351,0.2936,21.1349,11.3437,1.5196,0.0163,13.2884,3.3826,3.1242,0.0,0.0159,0.0098,5.1257,3.2074,5.8845
TCGA-AB-2934,1.3978,29.234,10.1877,13.357,10.2237,4.6225,5.9902,5.282,4.5982,0.0045,6.3151,12.7741,1.5927,0.0024,4.6401,5.104,15.4613,1.5227,7.5351,0.0056,11.336,1.8385,3.7734,5.5787,11.3062,3.1801,1.0185,23.949,7.9405,0.168,11.05,4.9921,8.1447,2.7817,0.0,0.5623,0.01,1.4344,3.9885,10.0928,0.05,10.0251,6.7844,0.0,0.0,10.7451,2.2499,0.0054,34.5556,6.3448,10.3196,13.1804,5.7279,1.3479,8.0771,3.6487,5.758,0.0,12.5017,2.0967,2.9199,9.5293,4.6761,1.2278,0.0,0.2344,9.1033,0.0189,6.6808,42.2556,5.999,0.0,4.621,5.75,10.1373,0.0064,3.8554,0.0092,10.6514,9.1034,36.1522,0.3617,5.9983,1.7161,6.3007,13.2499,0.5339,13.6486,6.6756,1.4823,0.0535,10.5164,1.5567,0.0487,0.0,0.1579,0.0271,7.4365,2.4941,4.8193
TCGA-AB-2908,1.1226,16.3504,5.3424,9.3735,7.8456,5.3048,6.2678,4.7216,2.9786,0.0336,3.399,6.3586,1.1723,0.1068,4.6163,3.8465,14.5449,1.5548,8.2153,0.002,10.6866,2.662,4.6633,8.3741,14.3386,3.6056,1.8305,17.3241,6.7453,0.1612,11.332,8.0402,6.8787,3.3857,0.0065,0.4996,0.0466,2.0164,2.8567,6.5429,1.4665,10.8748,7.5576,0.0099,0.0346,14.5287,0.7127,0.8568,34.4165,5.5267,8.7917,21.4871,6.3948,2.066,13.1747,2.6074,8.925,0.0,10.2153,2.1192,2.6373,5.0706,3.4981,1.2473,0.0129,0.9602,6.2902,0.0066,8.4478,100.4619,4.7032,0.0,4.5255,6.357,10.8633,0.5094,9.1226,0.0,11.3773,11.7906,18.8696,0.6348,5.0879,0.9701,7.797,6.5869,0.2905,16.8906,10.3963,3.3996,0.2009,5.5187,2.8113,1.4139,0.0059,0.1285,0.2196,4.8228,3.5623,4.7523
TCGA-AB-2987,2.6026,19.2362,16.4939,8.751,23.1374,6.5317,4.06,5.7514,5.8222,0.0609,8.6943,16.6437,4.1718,0.5252,7.3655,13.4926,27.8563,1.6988,12.5633,0.1041,18.9129,6.9422,6.3582,23.289,17.1081,4.3789,2.7504,26.492,12.886,0.5414,6.0402,11.1466,8.0118,1.8421,0.1055,0.0898,0.2078,3.206,6.8171,31.3903,0.567,7.8183,7.9701,0.0161,0.0109,11.3161,5.7017,0.0659,45.959,13.1191,15.3627,12.7087,1.6002,1.9114,11.0705,8.5963,8.2054,0.006,9.2437,2.6545,3.7683,10.8072,7.6839,6.7276,0.0328,0.2784,9.0131,0.3874,7.7011,8.7773,9.9404,0.0073,7.1375,8.5055,13.1775,0.1635,2.447,0.015,7.0821,8.3882,57.6207,0.0134,7.2021,1.6601,10.5769,15.5792,0.1558,22.5727,14.7556,3.9721,0.0522,14.5197,1.6464,0.0099,0.0069,0.8798,0.1129,13.0153,3.9838,4.6404
TCGA-AB-2994,1.2514,25.9579,13.9274,18.1672,7.9712,3.9648,7.7772,8.3192,6.1807,0.0,6.071,7.8234,2.4879,0.018,5.2618,12.9188,8.9931,1.7335,7.2346,0.0093,18.8389,10.5699,5.8136,5.671,12.0313,2.9152,1.5762,30.8491,7.2331,0.3612,9.4947,8.5257,8.6064,12.5921,0.0,0.2937,0.0976,2.9318,5.4274,16.8663,0.0322,10.9528,8.9784,0.0,0.0074,10.1095,1.3442,2.0641,49.5247,12.7631,15.255,21.6345,0.4757,2.3199,64.6679,4.8239,12.0074,0.002,13.444,3.6507,5.65,16.6349,6.1371,8.835,0.0061,0.2166,11.8605,0.0,3.5165,50.9082,5.6037,0.0,9.1323,7.7298,21.0853,0.0,5.5396,0.0,11.4177,11.4546,51.9699,0.0068,11.1817,1.1494,7.6633,5.5053,0.261,19.6275,6.5384,4.3561,0.0167,15.4702,0.3314,0.0101,0.0,0.4881,0.0733,7.2689,3.3492,5.7376
TCGA-AB-2956,0.6168,26.1261,15.9899,10.8993,10.2324,5.7831,4.8128,5.9482,3.5413,0.0,5.1128,11.8709,2.8597,0.0022,5.7983,11.3995,24.4041,2.0117,10.6101,5.4695,12.338,3.5313,5.4104,20.1782,10.0673,3.2835,0.5413,17.6012,3.9189,0.7165,13.4677,5.8258,7.2017,1.7547,42.8228,0.1935,0.0255,2.0849,4.3968,21.1846,0.0944,9.6424,11.8922,0.0137,0.0,15.7389,6.7094,0.0418,39.5065,10.1478,11.8288,21.5004,0.472,1.9056,10.6084,3.0129,10.5471,0.0,12.6388,2.1429,3.0451,11.0012,4.4041,6.4722,0.0022,0.0881,17.8399,0.0315,2.6345,49.0999,3.3554,0.0,4.9634,7.7508,9.8849,0.0087,3.0617,0.0084,8.5697,10.1345,52.2345,0.0274,8.3883,1.4186,6.4131,3.3203,0.1338,17.4099,9.1788,1.4196,0.0316,11.0742,2.0523,0.0018,0.0332,0.0018,0.0205,9.1539,1.0516,5.8952
TCGA-AB-2966,21.1928,28.0113,16.5126,12.6248,10.8861,8.0786,10.2774,9.3274,4.8054,0.0,10.5174,10.4444,1.9237,0.0274,6.8701,10.2525,39.8979,2.827,12.2115,0.0023,9.9665,5.2877,6.9937,16.6573,27.2587,3.558,2.5226,38.9494,18.2875,0.2475,19.059,3.8884,14.7543,2.6857,0.0039,2.75,0.1851,2.6894,6.2002,6.9157,0.1057,11.8961,17.6947,0.0,0.0,17.6234,3.7086,0.0171,67.4831,5.1232,14.2238,22.449,2.1932,3.3401,12.746,10.1321,10.2467,0.0,9.8682,4.6029,5.7587,8.7183,8.1498,0.4863,0.0,0.3047,17.0576,0.0199,12.258,240.3364,10.3765,0.0076,9.5108,9.9221,26.8796,0.004,6.1751,0.0,13.6987,21.11,15.2421,1.4576,10.8623,0.9724,6.1161,9.6216,1.0877,26.4526,14.2097,3.4184,0.0813,15.2162,2.1674,0.0231,0.0071,0.5,0.1315,5.3314,7.6313,6.882
TCGA-AB-2849,3.5741,43.5136,32.8469,12.8664,1.1093,9.7906,15.3767,10.9876,15.1382,0.0545,22.1152,11.7343,3.852,0.2471,10.8874,9.438,41.2612,5.6646,13.1348,0.0203,19.4384,6.3449,10.4712,4.0956,24.5482,4.3715,1.6362,29.3771,21.918,7.3483,33.9572,13.4629,19.7883,2.3839,0.0439,0.0783,0.0723,6.8514,5.3131,14.4546,0.9073,18.6036,23.8163,0.0431,0.0292,28.5062,0.125,2.1998,44.6845,11.0289,18.4322,33.8124,8.963,3.69,9.2583,9.5761,15.9373,0.0089,8.3561,11.8352,8.6222,5.5985,11.7619,0.4929,0.032,1.9923,19.9828,0.1031,3.0109,204.0415,13.8307,0.0326,9.6848,12.364,24.3811,1.3289,12.557,0.0437,17.6417,22.6226,29.5377,5.1095,9.5125,0.6901,6.2078,15.0179,0.6092,25.674,17.1324,0.7533,0.1112,14.1299,5.7743,0.1109,0.0276,0.0288,0.1333,5.0994,12.3781,9.0974
TCGA-AB-2973,2.3076,33.97,20.0061,10.2744,24.4284,8.0131,6.8992,8.6063,5.9706,0.0033,11.9333,18.3033,3.0804,0.1243,7.2479,13.8236,26.0033,1.7271,10.1798,0.0055,20.0531,8.9776,6.8332,8.7401,14.4565,4.2484,3.3375,25.8007,11.262,0.2772,9.3078,11.7436,12.4418,2.2445,0.0,0.0393,0.1332,2.9543,8.9127,18.4595,0.3756,10.8149,10.8504,0.0278,0.0132,12.1684,4.0702,0.0279,44.2805,11.0148,20.8586,16.9402,1.3199,5.1553,23.127,9.1468,11.695,0.0024,12.3915,1.9617,3.5129,11.683,11.4358,4.8805,0.0144,0.2424,10.8651,0.6268,5.6392,17.6641,10.7133,0.0088,7.7375,7.8256,16.8308,0.0189,1.1532,0.218,11.1395,15.0636,48.8187,0.0648,13.0425,0.588,8.3764,14.3849,0.2915,17.1085,13.0575,1.608,0.0474,13.0266,2.6137,0.024,0.0041,0.1257,0.1867,12.4976,4.2248,6.645
TCGA-AB-2857,2.1087,23.884,12.6903,14.5753,9.8509,9.8741,5.7363,7.1469,4.9062,0.3358,6.6817,9.7355,1.9507,1.0635,8.3877,5.6441,19.2803,2.8062,10.8633,0.0377,20.062,3.1174,7.3263,21.1273,16.275,4.7069,2.6805,17.204,15.7311,0.5013,30.4456,19.157,8.8861,3.4233,0.009,0.3504,0.1784,2.705,5.368,6.9827,3.9538,7.993,9.7219,0.0036,0.0834,16.4226,1.2746,0.2274,35.1541,6.6746,12.3675,23.9383,3.0088,2.6715,13.4599,4.0842,15.0421,0.0016,10.6032,4.0419,5.0054,5.664,6.2507,3.592,0.078,3.0705,11.0226,0.3651,11.0064,55.6733,5.8652,0.0058,8.0679,9.9631,14.5373,0.2038,13.7112,0.006,12.2282,12.7762,17.7098,0.2361,7.0093,1.3753,8.754,10.7451,0.176,20.8354,10.9217,5.8801,0.6189,10.6493,3.2537,0.0687,0.0,0.5273,0.3604,7.1915,5.6746,6.8346
TCGA-AB-2884,0.7961,34.4339,13.5957,12.2487,10.9677,7.5878,6.2969,6.1719,3.6457,0.0066,8.5271,13.6957,2.2725,0.007,5.642,8.2311,28.3964,2.0561,10.6295,0.3945,18.06,1.8841,5.3929,4.985,12.5372,3.5878,0.8901,19.3637,9.4327,0.2784,11.2862,5.5363,6.8887,2.4496,0.0,0.0319,0.0254,2.6842,3.4324,28.211,0.1484,12.1533,8.4212,0.0,0.0,12.8299,4.4396,0.0079,65.9375,9.5728,12.1695,16.9437,1.6334,1.8985,14.264,5.3267,9.7493,0.0,11.1867,4.6692,4.0854,9.3806,6.9253,4.006,0.0,0.1052,12.3305,0.0337,5.1896,33.807,6.6161,0.0,5.776,6.71,9.7293,0.0093,3.1253,0.0,9.3943,9.743,52.387,0.008,6.8115,0.9131,7.5912,7.518,0.2378,19.0649,7.9381,1.4072,0.0209,12.1278,1.3075,0.0059,0.0,0.6046,0.0705,8.2047,2.1427,5.486
TCGA-AB-2981,0.8766,31.8151,17.5733,10.472,16.1487,5.3614,5.0263,5.212,3.7841,0.0063,8.3369,13.8853,2.993,0.0022,7.2981,8.5149,23.8863,1.2756,11.1224,0.0017,22.941,3.6444,6.6357,12.3531,10.3671,4.1181,0.2409,29.1207,11.1014,0.072,7.9277,9.9253,7.7074,2.8411,0.0,0.0094,0.0258,1.3507,4.304,20.2615,2.1049,9.43,7.9726,0.0035,0.0,14.3991,5.1832,0.0149,39.1022,8.8681,15.1275,13.808,2.9141,1.9215,15.9272,3.6067,9.3685,0.0015,12.9097,1.711,3.2472,14.48,6.9865,1.7266,0.0,0.1166,10.5205,0.1709,5.7914,19.2988,9.4922,0.0055,6.2154,7.0381,14.3756,0.0059,5.6779,0.0028,11.197,9.5199,59.2076,0.0025,7.6909,1.0287,8.2849,18.0619,0.1212,21.0954,12.3909,0.6695,0.0173,11.9669,1.0231,0.0019,0.0052,0.3658,0.0645,13.1382,1.4317,4.9964
TCGA-AB-2875,1.1835,24.5921,15.1668,13.658,7.669,6.1291,7.4814,7.401,4.6851,24.7974,3.9549,17.9486,0.7478,0.0186,6.0775,5.4081,24.6306,2.1836,8.1596,0.0018,15.3891,0.6452,4.6406,16.4765,16.4753,2.5817,2.1064,19.0518,8.5738,0.2387,23.8347,3.6698,10.1055,1.8843,0.0,3.2497,0.0505,1.7341,2.704,10.2594,0.0511,11.8326,10.2356,0.0,0.0029,15.5434,4.0241,0.0393,38.3717,8.7036,8.9106,18.6874,2.3354,1.6789,27.0147,4.9944,7.4344,0.0032,11.7074,3.9439,4.6609,10.8912,5.0028,1.4756,0.0024,0.1848,11.7692,0.0,6.9013,157.2281,5.9983,0.0,5.7935,6.9796,18.0964,0.0124,9.401,0.0,12.77,14.2818,38.2828,0.0,6.8837,0.7838,6.2032,2.2749,0.4389,20.8611,12.678,1.57,0.0311,13.2287,0.7505,0.1613,0.0027,0.2081,0.0372,6.6599,2.5575,5.2046
TCGA-AB-2927,2.0669,37.1905,12.5747,11.8827,9.7154,6.1355,6.4975,5.8361,6.178,0.0409,8.5485,9.5781,3.3399,0.1329,5.0731,8.1631,18.3306,1.4598,9.0664,0.0042,12.5599,3.7298,6.5693,9.7887,18.9367,4.9367,3.0932,20.6244,10.8768,0.3086,14.2568,7.826,8.8116,3.2994,0.0696,1.1349,0.061,1.0858,4.3675,5.4913,3.503,8.2647,9.2807,0.0212,3.4558,13.3082,3.3171,0.0335,43.8616,7.6586,15.0953,21.069,34.6283,3.4674,6.5813,7.603,8.4373,0.0018,11.7356,4.7103,4.4142,9.2413,5.7009,1.3221,0.0165,0.5411,11.1947,0.0177,11.3446,35.391,8.9656,0.0,5.2698,5.6011,10.2246,0.0216,14.5443,0.0069,11.2041,11.325,36.3871,0.0371,5.3884,1.0065,7.4382,16.0483,0.2313,18.4487,7.8992,3.5109,0.0453,14.5092,2.2351,0.6476,0.1615,0.249,0.168,4.7103,3.1057,5.5402
TCGA-AB-2881,1.1637,28.1062,12.5509,12.3741,10.5623,5.0162,6.2165,6.2275,5.6945,0.0,5.2041,11.2722,1.5556,0.0069,5.9679,6.1175,17.7295,1.8042,10.153,0.0018,15.1249,4.5458,5.08,6.7632,14.3565,2.4584,1.865,21.4772,8.3512,0.4919,15.9182,5.5752,8.7887,2.1632,0.0,1.9145,0.0458,2.2321,4.5262,5.5535,0.0764,10.5923,10.831,0.0,0.0028,12.8631,2.756,0.0129,49.5862,9.844,12.6825,21.4246,2.187,1.2207,16.0641,6.0623,10.2316,0.0,10.7178,2.8957,4.2359,8.105,5.6572,1.6676,0.0,0.1818,12.0955,0.006,7.3224,46.1747,8.5244,0.0,5.9,6.6978,12.4455,0.0091,7.2454,0.0,11.5449,9.9124,38.5429,0.0915,7.0455,0.3765,7.9467,2.0998,0.3246,21.0084,11.2508,0.8665,0.0383,11.9884,0.8729,0.2456,0.0027,0.0772,0.0237,5.937,2.8762,4.6485
TCGA-AB-2918,0.905,37.351,10.5644,16.4907,7.433,5.0011,6.1926,6.5401,4.004,0.002,4.6121,11.6106,1.319,0.0384,5.5819,4.9566,12.9552,1.9804,8.1922,0.0,11.3182,0.2469,4.163,1.6251,11.73,2.4321,0.3052,22.3105,5.2386,0.0433,22.3656,3.529,7.6364,4.6471,0.0027,0.0072,0.0018,2.053,4.4693,6.3918,0.0204,12.3451,9.4969,0.0,0.0,11.7088,3.9063,0.0311,34.7055,4.9455,9.5183,21.9829,7.0906,1.7829,13.4676,3.9286,9.2733,0.0,9.2856,3.7355,3.7633,9.2517,4.1716,0.2877,0.0043,0.1066,10.5718,0.0139,5.2791,71.9361,4.3338,0.0,4.4846,5.1554,7.7036,0.0057,4.6275,0.0,11.0437,9.6992,24.2319,0.0073,9.1167,1.207,6.5407,8.8789,0.4527,14.2074,8.5974,0.1354,0.0261,10.3006,0.4194,0.0,0.0,0.7592,0.022,6.0298,2.3418,5.1519
TCGA-AB-3009,1.5623,30.4373,13.7178,13.5506,8.0996,5.821,7.1416,7.1739,7.3418,0.0136,8.2599,15.7739,2.3348,0.0607,6.6731,8.6574,23.7748,2.5834,9.7947,0.0067,18.7242,0.6585,6.0862,15.0505,18.1734,3.7865,0.9777,19.7906,11.9952,3.9759,7.6591,4.0211,10.4306,2.4021,0.0111,1.9918,0.3661,2.5912,4.2814,11.3486,0.1935,10.1414,13.7798,0.0,0.0,17.2979,5.0879,0.0617,45.2375,10.7501,10.0886,21.6663,0.3024,4.0173,26.1741,6.7631,11.2098,0.002,11.9304,6.3795,5.7095,10.8631,7.5732,9.8071,0.0088,0.2725,13.083,0.0076,13.3627,111.7223,9.0338,0.0072,6.4215,7.7609,16.8218,0.0422,11.4046,0.0,13.618,16.7459,31.3079,0.0395,6.8482,4.5256,6.2248,14.4629,0.428,20.887,7.1542,0.6318,0.0257,13.1541,2.8506,0.1439,0.0,0.039,0.0814,4.9797,3.7971,3.0848
TCGA-AB-2931,1.6287,33.1706,14.509,16.1586,8.0667,6.5936,7.4168,6.8378,6.1571,0.0,4.2578,9.023,0.6469,0.002,5.8985,8.8364,16.7672,2.1162,11.7816,0.0152,11.2776,0.6096,6.3488,4.1377,13.2362,3.826,0.4706,26.7073,9.9835,0.1599,13.656,2.4549,9.2583,13.1932,0.0126,0.0402,0.0147,1.8699,3.2529,7.8539,0.3824,13.4777,8.2802,0.0015,0.0,17.2265,1.8041,0.5435,38.0487,6.8566,10.1531,21.2259,5.2941,2.0675,19.6871,4.9344,10.4963,0.0027,10.4374,3.0012,5.3671,8.0044,5.7741,0.7672,0.0,0.1023,12.5252,0.3549,8.0536,96.811,6.2936,0.0,5.0693,7.8212,14.5131,0.0,10.8425,0.0025,8.7658,12.5312,32.85,0.1345,4.6819,0.4007,6.5331,3.056,0.649,21.3392,7.9924,1.7175,0.0088,13.3625,1.3571,0.005,0.0,1.9468,0.0369,5.2712,3.6581,6.9064
TCGA-AB-2862,1.1298,15.8454,7.1254,13.6637,5.0354,2.0991,5.5294,6.3582,3.7533,0.0061,7.0171,7.7838,1.3032,0.0097,2.609,10.3092,11.994,1.3832,5.1651,0.005,9.6854,2.8052,4.1703,6.9193,9.6588,2.2911,0.97,12.4716,8.6516,0.1314,11.4802,2.2925,6.5944,4.923,0.0,0.1953,0.0189,2.2637,2.9638,7.3462,0.0717,7.3021,7.8763,0.0051,0.008,8.6356,2.2132,0.7156,22.8218,2.9595,6.2346,17.6334,0.7006,2.362,22.6825,4.235,7.0855,0.0022,9.4408,3.3014,4.9595,14.9872,2.9959,5.2972,0.0033,0.1913,8.7168,0.0085,3.4297,59.9643,4.0468,0.0,4.6244,6.4048,11.3995,0.0043,4.4561,0.0,10.192,8.4644,22.1527,0.0111,6.0576,0.4224,6.6575,1.7693,0.177,13.552,6.2216,2.5819,0.0216,7.5017,0.238,0.0327,0.0,0.2942,0.0395,3.4414,2.7581,3.7214
TCGA-AB-2929,2.6809,36.7681,15.3469,21.5106,6.3431,7.8201,4.9778,8.1642,12.7168,0.0,8.2485,11.3491,2.3043,0.0747,7.706,10.2556,26.3011,3.5079,10.5908,0.0234,9.2868,5.5045,5.625,16.6671,22.1632,5.6385,1.953,65.1361,18.7675,1.834,31.9577,4.4451,11.7034,2.8465,0.0,0.0656,0.0973,2.7693,5.7911,8.3387,0.231,7.7125,10.2945,0.0,0.0,15.0101,1.9987,0.0026,61.811,10.2403,11.5555,19.5943,4.5186,2.7088,3.9922,6.3702,13.3777,0.0,11.9389,5.0696,6.4817,8.5777,5.815,0.2996,0.0071,0.2232,16.5649,0.0031,14.7979,38.2163,8.4761,0.0058,8.3816,7.1421,22.1482,0.0062,13.2013,0.009,12.0927,14.3247,20.9306,6.2865,4.3555,0.7295,7.3568,8.4608,0.2932,15.5543,10.8304,14.0357,0.0234,15.4434,2.7457,1.1214,0.0436,0.0708,0.0833,5.6356,4.6063,7.5899
TCGA-AB-2990,1.0199,22.4281,9.0073,10.8018,7.4077,4.7857,5.2768,5.1739,5.2238,0.007,5.9208,9.4551,1.0127,0.0197,4.2645,9.7209,16.9278,1.7769,9.2805,0.0038,12.7093,1.9495,4.644,5.4556,8.1713,3.2429,0.6891,13.8811,8.7534,2.6253,16.0006,3.758,9.1921,3.9728,0.0063,1.2112,0.0677,2.8,3.6458,10.3233,0.1047,10.4717,9.7022,0.0039,0.0,14.1592,2.5815,0.2103,37.3017,7.4972,10.6169,30.7039,2.0164,2.4409,28.1281,6.8057,9.3812,0.0,7.302,4.6392,4.9051,7.8269,4.2023,2.9343,0.0,0.1201,12.5434,0.0548,9.0153,53.4421,5.6482,0.0,4.7898,6.6294,8.3162,0.0163,7.9452,0.0221,10.0813,11.2808,28.0669,1.4492,9.0013,0.2676,7.061,3.6016,0.3727,13.1371,6.1535,1.9257,0.0466,9.2666,1.4322,0.0187,0.0,0.4192,0.7377,5.1254,2.7905,5.528
TCGA-AB-2870,0.895,23.3828,11.2702,16.711,7.8445,4.7176,5.2791,5.0991,4.4281,0.0022,4.539,12.4903,2.2507,0.0232,5.375,6.8546,14.5135,1.6624,7.1343,0.0161,17.7852,3.5798,3.9946,6.6137,14.1283,2.9667,0.5906,34.3073,10.1362,0.744,20.7032,3.9413,7.0303,2.2164,0.0,2.4029,0.0948,1.5902,4.1272,9.0534,0.008,9.1424,8.5514,0.0054,0.0057,11.8308,3.9461,0.0209,42.3371,7.6463,10.3004,16.8137,4.2839,1.2372,10.2275,3.4444,7.9981,0.0016,11.0465,2.1946,3.7388,10.2101,4.0232,1.5055,0.0047,0.1253,9.5851,0.003,6.9603,56.3278,4.5929,0.0,3.901,5.8426,11.7697,0.0062,14.7122,0.0,9.8757,9.3351,32.1303,0.0424,4.3126,0.2614,6.8856,2.4445,0.2206,17.9978,6.9693,1.5258,0.0284,11.4068,0.936,0.1117,0.0027,0.3874,0.0632,7.6025,1.8965,4.4241
TCGA-AB-2938,2.8912,27.5661,14.5817,16.8786,8.8189,6.5094,9.2249,4.4852,4.1802,3.508,5.7632,8.2575,1.2988,3.7061,10.5539,5.5818,13.7639,2.4408,10.0859,0.0348,12.7303,2.4644,4.994,11.0336,14.5885,4.444,2.1291,19.8835,15.4028,0.6568,20.4827,10.9848,9.9575,1.5327,0.1188,0.24,0.0827,2.7867,4.9288,16.8234,11.4531,10.233,9.2797,0.0053,0.0139,11.7025,0.7086,0.1141,26.6144,2.8276,7.2879,17.6462,4.1439,4.1,7.7888,3.5175,12.4549,0.0015,7.5308,2.0982,3.3578,5.3109,6.382,3.477,0.1238,2.8092,12.8504,0.3009,12.7314,81.9864,6.3542,0.0,6.239,7.4947,13.4561,0.2965,8.8056,0.0144,11.2122,13.6322,14.3738,0.1775,4.7506,1.0975,7.1485,5.6112,3.8756,19.6768,13.7377,15.5607,0.0879,8.2492,2.6947,0.9236,0.0053,0.3118,0.3072,4.6918,5.5708,9.4924
TCGA-AB-2817,2.3493,22.6069,12.8402,13.7252,8.514,6.5679,3.6927,7.5991,6.935,0.0116,9.0871,12.4366,2.405,0.0956,6.46,7.2148,20.1636,2.2157,8.5806,0.0048,14.1127,4.3232,5.3708,19.3177,19.6964,4.034,1.6944,16.1196,10.3955,0.4836,25.6827,5.1052,8.9552,2.3147,0.004,3.4635,0.0282,1.5447,3.7531,5.2871,3.2361,5.9928,9.6285,0.0096,0.0038,13.8983,3.2483,0.1143,36.2347,10.5788,12.4703,19.6847,10.6665,2.2659,8.092,7.3537,10.9677,0.0,12.1652,5.4425,5.5031,9.2703,5.482,0.6358,0.1221,0.1923,11.6961,0.0242,11.4224,30.0772,8.3051,0.0,5.907,6.5299,14.9039,0.0286,11.8457,0.0,11.1623,13.3399,33.9513,29.4472,6.5056,4.4827,6.2817,12.0053,0.3026,17.54,7.9599,2.3992,0.048,13.7363,2.3817,0.2575,0.1116,0.0545,0.1563,6.3342,3.5093,5.3682
TCGA-AB-2808,2.3144,32.5199,14.6119,10.164,12.7153,8.6024,9.2694,9.4528,4.2344,0.0089,9.8951,13.1822,1.6333,0.0921,8.2817,9.8048,32.1356,2.5754,12.7446,0.0073,14.6339,3.5799,6.5618,11.421,15.0388,3.3595,0.8767,25.3603,16.5453,0.167,24.1913,11.2701,14.1381,3.3096,0.0,0.8217,0.0138,2.9772,6.3918,9.0052,1.4199,14.8039,14.5404,0.0166,0.0,16.8894,2.9357,0.573,42.0831,10.905,19.4214,31.5456,3.3235,2.3771,19.922,7.3126,13.1046,0.0,10.7948,4.6187,4.6032,9.0,5.8207,3.0841,0.024,0.4452,17.4576,0.105,7.4868,127.0934,7.3511,0.0059,9.6711,9.9014,13.5317,0.0188,1.09,0.0,14.5089,15.5646,26.8632,0.0242,14.1248,0.2306,7.8705,18.8779,0.2395,20.989,16.9234,1.6645,0.0237,15.0683,0.1651,0.1535,0.011,0.4973,0.0953,9.1291,3.5905,6.4883
TCGA-AB-3011,1.508,33.0049,14.4844,16.4989,7.4144,6.7413,8.0308,8.5261,4.9658,0.0158,11.1342,16.0216,1.2602,0.0235,4.775,6.7615,22.0201,2.69,9.2703,0.0207,21.7374,0.5687,6.0703,2.2755,17.8016,4.057,0.9686,18.1131,11.3854,2.1081,17.339,3.5595,10.5908,5.0731,0.0086,0.2597,0.0168,2.4786,5.2808,7.4873,0.1701,9.798,11.611,0.0026,0.0,16.2123,2.3493,0.4861,34.8197,8.3744,13.3013,38.2212,4.9223,4.4235,19.8845,12.6363,18.3456,0.0,9.2374,4.9847,5.2045,9.4005,8.2174,9.0439,0.0068,0.2486,12.9521,0.0395,8.5032,61.4145,8.8068,0.0,5.8376,8.3097,13.3964,0.0178,1.3589,0.0,11.3994,15.695,30.0234,0.4284,8.7816,0.3558,7.1006,1.9509,0.243,18.1141,6.8417,5.3985,0.0597,15.4407,2.8392,0.0311,0.0039,0.0904,0.0693,5.7148,4.181,6.0863
TCGA-AB-2818,1.6094,43.376,19.6502,10.5406,14.5266,8.1431,8.8896,8.6047,4.4124,0.0092,9.0015,10.4774,1.7287,0.0464,8.0527,10.8475,27.9744,2.2028,12.3562,0.1282,14.1316,4.3011,6.6188,10.9014,13.6315,4.5803,1.3592,22.9873,14.2952,0.1767,14.1297,11.9788,12.8439,3.7638,0.0125,0.0623,0.0204,2.7511,6.4189,21.4881,0.0809,15.9226,11.6907,0.0057,0.003,16.3373,2.4992,0.1125,37.7191,14.7835,24.3412,18.1998,2.4965,2.554,29.8164,5.7183,11.8958,0.0017,12.4564,3.0432,4.3498,8.9248,8.6885,3.536,0.0174,0.1826,17.0743,1.5616,5.7452,49.7519,9.8583,0.0,9.7882,10.536,14.6095,0.0259,3.4483,0.0,12.2452,13.6096,49.6088,0.0195,13.4117,0.3917,6.6139,21.0788,0.6801,20.0115,11.6147,1.4682,0.0652,14.3573,2.5705,0.0062,0.0,0.4136,0.0825,12.1352,3.0582,6.6584
TCGA-AB-2883,2.7973,23.9646,11.3413,10.1961,9.6667,6.9476,8.6259,10.1531,2.8852,0.0555,5.8618,8.5407,2.4606,0.492,5.3151,26.8814,18.5734,1.884,6.2638,0.5029,13.9151,10.0463,4.4745,24.5608,14.857,2.9929,1.3591,9.3873,4.001,1.3056,12.3791,3.4847,12.1587,2.407,0.0054,0.7511,0.0035,2.5742,7.3865,10.6038,10.7932,9.4542,8.4826,0.0329,0.0,12.2051,5.5599,1.1477,20.7224,8.4789,10.9895,15.4971,1.7779,4.6398,27.6169,15.0974,6.6423,0.0057,10.7255,4.3506,5.0144,6.2834,3.4921,2.7533,0.0085,0.3608,6.5972,0.6432,4.9652,40.2228,6.2066,0.0209,9.1141,7.7397,11.91,0.876,14.1091,0.0538,13.294,14.893,17.3318,0.1965,14.9386,0.5764,7.2286,4.0555,0.3654,11.2377,5.5478,0.5017,0.4258,7.3135,1.9881,0.0213,0.1228,0.0,0.3158,6.6586,2.988,4.5378
TCGA-AB-2869,2.3937,32.5453,13.5643,16.0393,6.9333,5.9971,8.1616,7.2488,4.8759,0.0024,7.1685,10.98,1.3923,0.0077,5.5911,9.0681,19.1213,2.6352,9.8254,0.0278,12.1792,0.7375,5.841,3.5998,17.7246,3.8447,1.5563,17.7435,11.3845,0.3416,20.5527,2.9905,10.7263,7.0245,0.0033,0.1294,0.0494,2.6372,3.3902,14.2521,2.6124,11.7571,11.1715,0.0242,0.0,14.8211,2.3619,0.3678,33.2232,3.8554,10.4128,19.4222,3.6606,2.6553,20.5363,6.3386,11.8738,0.0052,9.7361,2.8543,5.9142,8.4731,5.614,0.9978,0.0079,0.243,14.3247,0.0607,8.571,67.8612,6.2338,0.0,6.0993,9.6985,14.2454,0.0,15.1595,0.0033,9.7165,13.4485,26.8,0.0176,5.2421,0.4401,6.0057,5.6192,0.668,19.8177,8.0116,3.1279,0.0602,12.3699,2.528,0.0,0.0,1.253,0.0557,5.751,4.9456,6.176
TCGA-AB-2880,2.2691,32.3942,12.2061,15.7526,9.6332,6.7689,7.8677,9.2651,4.7841,0.0025,7.1057,18.0199,1.6205,0.0053,6.6961,8.2542,25.2768,2.3359,11.0568,0.0061,16.6419,3.4092,5.7992,5.7234,15.2133,3.0972,0.5251,29.1999,7.3839,0.0604,18.4501,4.6556,9.3331,2.2857,0.0,1.5207,0.0066,3.1106,3.7639,3.9752,0.0188,9.129,10.895,0.0062,0.0,14.1592,3.9669,0.003,46.9722,10.6604,12.1018,24.3932,1.4663,1.5163,15.0319,5.3107,10.1992,0.0036,10.2317,5.7705,4.7233,7.92,5.7639,0.746,0.0,0.1121,11.6364,0.0,6.5204,137.334,6.0017,0.0,6.6478,5.6809,12.2613,0.0,0.6164,0.0034,12.6925,13.2003,24.516,0.0121,8.2835,0.283,7.3177,12.6289,0.1921,21.9723,10.2675,1.2511,0.0295,13.69,0.0976,0.0179,0.0,0.2525,0.0124,6.277,2.7877,5.4559
TCGA-AB-2834,1.4659,30.9655,16.1799,10.677,10.5944,8.063,5.8194,8.0847,3.1744,0.0188,9.3846,11.4029,1.4542,0.2367,7.4124,11.3936,28.8047,2.2188,10.3082,0.0096,16.0415,5.9932,5.3472,3.3531,12.7399,3.4737,0.6148,21.1098,9.3793,0.3079,30.2115,9.0675,13.1339,3.3743,0.4,0.036,0.0125,2.8193,4.6256,13.2786,0.3034,10.6576,17.9268,0.0117,0.0031,13.4727,2.2064,0.0672,34.4303,9.1256,19.5569,25.285,10.0026,3.3303,17.6387,8.5796,11.0815,0.0,11.7883,4.076,4.6146,8.8696,5.9045,0.813,0.0253,0.3984,12.3371,0.1075,4.0526,43.4211,5.6977,0.0124,12.7566,10.2037,9.4302,0.0099,0.7387,0.0032,9.9941,12.4437,41.061,0.0057,14.8714,0.1547,8.2002,19.4517,0.2286,18.108,11.6633,0.3918,0.061,10.2417,1.6687,0.021,0.0029,0.8731,0.124,12.4312,1.8953,6.7553
TCGA-AB-2810,2.8684,17.3541,6.0418,10.2656,6.2845,5.3145,2.8907,4.9132,3.6739,0.0083,5.4698,9.6656,0.7193,0.0044,3.1326,9.4145,20.7967,1.3269,12.051,0.0034,12.6702,1.8106,3.1908,3.7695,10.0282,3.1185,0.3018,12.9459,8.6216,0.8214,6.2018,1.8074,5.2753,3.2043,0.0056,0.9563,0.0109,4.3054,1.7529,13.7167,0.045,12.5945,5.3757,0.0103,0.0,11.0014,1.5078,1.0319,26.7379,9.569,8.3663,28.3375,2.022,2.3811,25.5047,9.779,13.2429,0.0059,5.9028,6.9699,3.7847,4.362,3.1074,2.159,0.0089,0.2986,6.9243,0.2631,8.3121,37.5214,8.4904,0.0,4.5688,5.1765,5.5162,0.0,0.2945,0.4308,8.1362,8.1888,11.9573,0.2244,4.0114,0.0679,9.6441,2.6662,0.0704,14.2846,4.3373,1.1171,0.0195,15.4999,0.8612,0.0,0.0153,0.2027,0.0329,3.7958,2.5492,3.728
TCGA-AB-2984,2.3459,42.6906,17.0045,14.5917,22.9122,10.8078,8.7047,8.149,8.4209,0.0344,11.8892,7.0862,1.6991,0.0405,8.3334,3.3266,55.0406,2.6931,18.901,0.0281,17.5689,0.4724,8.6344,2.6271,11.3756,8.452,0.5958,17.1547,21.8923,1.5816,17.3576,4.8955,15.454,4.7241,0.0156,0.0276,0.0101,4.2199,4.4198,4.9987,0.1232,13.5651,20.6116,0.0127,0.005,21.6397,1.341,0.041,35.161,5.0621,15.9727,27.8905,4.544,2.4252,19.8818,11.01,14.0537,0.0027,3.1702,12.6384,2.5272,2.1211,9.7325,2.1892,0.0041,0.1818,15.5848,0.0318,7.9852,70.9496,10.3557,0.0,6.9807,9.7567,15.3156,0.0592,0.2553,0.0104,9.511,12.1816,31.3132,0.4021,17.3731,0.1258,11.1838,1.6505,0.1957,34.7271,21.3207,0.4023,0.0677,15.4041,4.7357,0.0274,0.0095,0.5805,0.0381,4.625,7.1177,3.5902
TCGA-AB-2940,2.6557,28.1131,12.0794,15.8214,8.2597,6.3602,7.2812,6.7677,3.9662,0.0097,6.4344,10.9469,2.4755,0.0413,6.4306,7.2585,31.5724,2.2792,11.1958,0.002,14.9527,3.3652,5.0199,4.127,15.2727,3.7953,1.7032,25.2729,15.1818,0.1133,21.8022,6.4766,10.7951,4.1198,0.0066,0.483,0.3247,2.4201,4.9937,5.8568,0.336,8.7365,10.6013,0.0202,0.0032,13.6978,2.592,0.1015,39.3192,6.7339,11.1171,21.2298,1.2562,2.7712,14.2557,4.7152,8.7585,0.0,10.1023,2.8768,4.3314,9.5062,5.1525,0.6795,0.0026,0.5838,12.7504,0.0101,8.1621,127.5288,5.8452,0.0,7.1193,8.1657,12.7081,0.0445,3.7611,0.0,11.1349,11.8642,17.9428,0.2413,6.8352,0.2253,7.5009,9.5825,0.2409,22.1959,9.9577,3.2234,0.0402,11.481,1.7093,0.0131,0.003,0.3326,0.2253,7.9802,3.9261,6.4541
TCGA-AB-2894,1.8935,30.7756,16.5993,12.5595,13.2624,7.4944,4.6076,12.0376,5.9764,0.0106,10.0003,16.5536,2.9383,0.0449,6.0266,11.5018,20.6592,2.3715,9.6743,0.0346,10.1025,6.7945,7.6675,3.3503,16.3667,4.9331,2.4247,14.5661,7.7515,0.9938,32.2224,5.0626,10.6284,2.1115,0.0072,0.4866,0.0631,3.1365,5.106,4.0743,0.4458,7.2317,17.3221,0.0066,0.0,20.0947,4.7799,0.0252,40.7969,8.1398,13.0587,28.4633,0.2001,3.0131,13.6996,10.8497,11.753,0.0038,8.1924,6.4476,4.0798,8.1492,6.217,1.3209,0.0085,0.4484,33.1558,0.0037,3.9464,57.9102,6.049,0.0348,6.7292,10.1031,12.5962,0.0074,4.6711,0.0,11.9484,15.3894,26.2697,0.0,10.9036,0.5766,8.8506,13.2588,0.501,16.68,9.5907,0.8693,0.337,11.5857,1.8933,0.0118,0.1441,0.0,0.1632,4.8304,2.8609,8.9769
TCGA-AB-2861,0.7111,30.3071,10.0845,12.09,7.2482,4.4166,4.6936,6.2317,3.3124,0.0232,3.8415,9.1213,3.0413,0.0819,4.1944,13.5766,12.9762,1.5408,9.7437,4.8744,12.1681,3.5382,5.3825,6.6163,9.0682,2.5463,0.7002,19.5981,3.716,1.4603,12.0824,3.0669,7.1765,1.8542,0.0,0.1463,0.0318,3.7308,3.9197,19.1383,0.1179,9.0193,7.7809,0.0469,0.0,13.5745,8.721,0.0337,37.0004,7.2102,11.9815,29.1029,0.1876,1.9238,16.025,4.007,14.8082,0.0,7.7663,4.4352,3.6924,8.689,4.1725,6.9647,0.0194,0.1792,11.4512,0.3284,7.5588,13.416,3.2557,0.0,4.8731,7.3877,8.1414,2.4127,5.5353,0.0,12.4202,10.5994,51.0346,0.0405,11.5094,1.3824,7.3488,3.8387,0.1406,12.3903,5.8125,0.7216,0.0304,8.4162,0.1758,0.0023,0.0,0.0023,0.1871,6.8452,0.9845,4.6559
TCGA-AB-2882,1.5313,30.6489,12.6887,18.3605,8.5537,6.3647,5.1568,8.101,5.6264,0.0809,10.2025,13.9992,1.5251,0.6359,5.3861,7.783,19.1782,2.24,8.3296,0.0068,15.9332,2.0878,7.5626,17.5274,17.2108,3.2331,4.0837,24.5567,10.6599,0.8656,26.4549,6.1155,9.2305,2.2706,0.0932,1.3755,0.3318,3.1486,3.6117,11.4367,0.3619,9.5075,10.4544,0.031,0.0625,15.6454,2.3644,0.2051,67.1634,5.8316,14.278,19.0856,1.4474,2.1989,14.0563,4.0253,12.4909,0.0015,11.2109,4.0388,6.2775,12.0512,8.116,4.2692,0.114,0.2603,12.8301,0.2157,9.2443,42.4534,7.2057,0.0055,6.2972,8.6641,19.6976,13.6539,3.5241,0.0,12.4276,12.1087,23.6595,0.3938,6.3738,0.7284,6.5953,8.4041,0.3718,17.7639,9.7232,7.4144,0.0857,15.611,3.2341,0.1095,0.0103,2.4296,0.4523,7.3022,6.1121,6.9533
TCGA-AB-2830,1.1768,20.4594,10.7008,13.7979,7.2643,5.1649,5.3853,5.3674,5.8863,0.0248,6.3202,11.1809,1.6124,0.0237,5.1229,5.7455,20.8148,1.6887,7.4501,0.0325,10.0657,0.9673,4.1827,13.8462,14.8479,2.8403,3.1266,18.4407,4.9694,0.3188,16.9053,4.8258,7.8518,1.7065,0.0,0.0336,0.0636,1.9037,3.5777,5.076,0.377,8.7714,10.279,0.0185,0.0098,12.1009,2.3619,0.1656,30.4328,5.6412,9.5476,20.2085,8.3328,1.9081,12.0215,5.8508,8.3693,0.0018,9.4333,3.789,3.6884,7.3017,5.2004,4.8841,0.008,0.6056,12.3383,0.0206,10.2113,54.8992,5.5824,0.0065,4.467,6.2513,10.0919,0.0175,9.4863,0.0,9.1096,10.6071,24.9206,0.009,4.4759,2.6279,6.5236,5.9679,0.5422,18.5411,9.002,3.0143,0.0527,11.6698,2.1161,0.0244,0.0061,0.6363,0.215,6.1195,3.5711,4.6672
TCGA-AB-2909,1.8778,34.1521,16.0773,20.6765,8.3398,7.0554,8.6683,7.2729,6.8082,0.017,7.3096,13.4405,1.2235,0.0232,8.9235,4.7648,19.1922,2.6173,11.1633,0.0199,16.6779,3.0105,5.2762,12.5876,19.1421,3.8876,0.5325,35.7366,4.7801,1.512,24.4882,2.7108,9.7462,2.6236,0.0165,0.1444,0.0193,3.2366,4.0782,11.2734,0.2327,20.1757,13.5138,0.008,0.0095,17.5461,3.407,0.0144,69.435,8.2626,11.7844,32.6369,6.8232,2.9336,15.4067,3.8354,12.1031,0.0122,10.3887,6.7805,5.6148,9.5897,5.9902,0.1389,0.0,0.097,14.2216,0.0135,12.2435,174.0987,7.1559,0.0192,5.0049,4.9649,21.1414,0.0683,12.93,0.0132,19.2127,16.2094,37.089,0.0792,4.5305,3.5586,6.991,3.4799,0.2195,27.4668,12.3983,3.5547,0.02,17.6466,2.1395,6.12,0.003,0.0758,0.0266,6.2614,2.0212,5.1199
TCGA-AB-2921,0.6528,24.2959,9.8906,11.2016,6.7198,4.1251,4.9962,5.35,3.591,0.0016,5.2043,8.1117,1.013,0.0034,4.3425,4.9772,14.837,1.5439,9.0109,0.0052,8.1328,0.6969,4.5503,2.8785,7.4047,2.9217,0.5941,20.2329,9.532,0.0535,12.0525,3.0207,8.066,5.5244,0.0,0.0302,0.0113,2.57,3.0515,4.7112,0.022,11.8284,7.2825,0.0026,0.0,14.2536,1.8905,0.0361,33.1415,5.6995,8.8782,16.4857,4.7747,1.5442,13.2533,3.2948,8.1958,0.0,11.2012,2.7187,3.6321,6.0217,3.7329,0.7475,0.0017,0.0933,12.3205,0.0044,6.7927,65.9252,4.0862,0.0,4.0872,7.1534,8.1438,0.0,7.339,0.0,9.1874,8.7777,27.7685,0.0539,6.7816,0.5603,7.8402,17.7855,0.6035,14.7519,8.5641,0.3183,0.0677,8.8733,1.8863,0.0029,0.0,0.0839,0.027,6.4673,2.3357,4.6013
TCGA-AB-2998,0.7029,25.9593,12.5877,13.052,7.8617,3.0456,6.6465,8.4453,2.8544,0.0068,6.8151,7.9662,1.5179,0.0024,5.1202,11.9154,13.7806,1.9653,8.804,0.0,13.3727,4.6509,5.1171,11.1685,12.5257,3.5241,0.3096,25.5953,11.9703,0.0648,17.4032,6.4099,6.9967,9.7935,0.0031,0.0739,0.0181,1.634,3.6586,7.2704,0.0132,10.2328,10.4656,0.0094,0.0,10.4198,2.0757,0.838,63.0869,12.5457,11.7203,21.5156,0.3435,2.6113,49.5154,3.7108,9.6233,0.0,14.1758,4.8091,5.8877,14.6981,4.8201,5.4183,0.0025,0.1114,13.2197,0.0,3.105,72.0395,4.1436,0.0,8.9603,8.6424,15.254,0.0032,5.6343,0.0,11.9269,12.6713,41.1248,0.0,8.5912,0.8743,6.9976,7.4743,0.3497,21.4719,8.3256,0.8131,0.0188,13.7156,0.0533,0.0122,0.0,0.0569,0.0181,7.6312,5.0542,5.8355
TCGA-AB-2991,1.5905,30.9286,10.4831,16.6217,8.9541,3.8039,7.4983,8.8563,5.1417,0.0121,7.5001,11.699,1.322,0.0193,5.7732,14.6454,17.1841,1.6528,7.3457,0.0,18.3582,5.5691,5.768,13.9414,14.0835,3.6006,1.3192,16.3997,9.5824,0.2013,13.9537,7.0287,7.3232,2.7846,0.0083,0.1286,0.1661,3.7218,4.9945,6.5176,0.086,9.2367,11.9313,0.0025,0.0,11.5274,1.4684,3.5583,40.1133,5.5586,11.9478,36.5071,0.9952,2.339,61.485,4.6764,16.9253,0.0,9.2263,9.2552,5.2325,22.3376,6.8849,3.3699,0.0196,0.2864,14.7639,0.0462,5.2304,104.2479,6.5647,0.0,6.5349,6.5812,18.8069,0.0128,13.9518,0.0165,12.0531,12.6421,26.8492,0.0293,6.7335,2.063,7.8834,6.3836,0.1398,20.354,9.2114,1.6138,0.0072,18.0768,0.4615,0.4776,0.0038,0.0894,0.0815,5.0928,3.0739,6.4387
TCGA-AB-2952,0.6009,14.7132,6.9043,17.4659,7.8546,4.0458,2.7289,4.6863,3.7586,0.0425,4.6387,13.5573,1.4244,0.0261,3.6877,4.1497,11.5238,1.5141,5.5326,0.0091,15.5727,1.9624,2.8797,8.6624,8.8373,4.1829,1.1334,14.8814,8.3351,1.0783,15.8324,7.1057,5.6035,1.8226,0.0061,0.2922,0.0513,1.2361,1.846,5.6196,0.5958,3.9341,4.9614,0.0074,0.0,9.7752,1.3209,0.0426,33.1886,8.4435,6.475,15.86,2.587,1.8952,6.2756,1.8439,5.6714,0.0,11.197,1.9093,2.4173,10.473,3.1635,0.6201,0.0,0.7268,7.8525,0.0093,5.6912,23.288,3.07,0.0,2.5921,5.139,6.3816,0.0,11.5758,0.003,6.7569,6.0486,17.0726,0.3565,3.3265,0.7567,6.4027,6.2604,0.061,11.519,5.9596,2.6495,0.0343,4.7314,1.1375,0.022,0.0055,0.0439,0.2179,9.9857,1.9043,4.0727
TCGA-AB-2844,0.8162,34.8865,12.4367,12.2746,10.1206,6.38,6.9145,8.0841,4.2447,0.0156,7.6346,11.1506,1.5106,0.033,4.529,7.77,19.8235,1.9194,8.4393,0.0,15.6643,0.7128,5.4643,11.2805,12.2592,3.3395,0.5983,17.8257,8.7175,0.2322,19.9094,4.4345,10.0765,3.7581,15.7665,0.002,0.0275,2.7011,4.9799,7.0037,0.0512,10.9636,10.67,0.0018,0.0,15.6919,4.2619,0.1909,30.8381,5.3453,13.2492,24.3627,2.681,1.8551,18.1646,5.3638,9.5698,0.0016,12.0942,4.0468,4.5482,8.2513,5.1802,0.4161,0.0024,0.4127,10.8283,0.0185,7.6852,56.3483,5.3483,0.0,6.4641,7.9937,13.4248,0.0063,7.8202,0.003,12.3836,11.4276,29.9924,0.0108,12.4163,0.1084,6.8676,7.0699,0.4331,17.2509,8.9013,0.2501,0.0525,10.7351,2.5621,0.006,0.0,0.5786,0.051,6.5968,2.6351,4.8991
TCGA-AB-2877,1.3265,25.2403,12.3055,14.0249,6.8121,5.347,7.3162,7.8164,5.7275,0.0106,8.0975,13.6699,1.4243,0.0084,4.4753,28.2701,19.9965,2.5192,11.3977,0.0261,17.8416,3.6744,6.8311,2.6555,11.6914,3.0087,0.6858,15.807,11.4425,2.2117,15.7363,2.0223,9.1044,20.4599,0.0,0.4117,0.0234,2.4204,4.0084,9.9216,0.0289,11.2912,9.3779,0.0,0.0,13.548,2.3326,0.1422,30.011,5.8096,11.68,28.3637,1.7673,2.8936,18.6907,7.3091,14.9502,0.0019,9.0357,4.3916,7.0984,8.571,5.9228,8.9463,0.0,0.1774,11.3066,0.6364,7.4064,67.7845,5.2163,0.0,5.8185,8.1268,11.542,0.0149,1.4422,0.0108,10.2488,13.6856,34.4859,3.2174,10.0597,0.1128,6.7621,1.7436,0.2445,18.5746,6.3652,3.3981,0.0344,14.4114,1.729,0.0,0.0,2.1875,0.0317,5.2471,3.6039,6.1281
TCGA-AB-2836,0.8809,30.6123,15.7348,13.7049,12.5591,5.4023,6.0019,6.3837,3.9264,0.0023,7.4913,14.4978,2.7585,0.0,5.6051,8.3865,18.6853,1.9106,10.1339,0.073,21.3194,2.6392,5.9482,11.6759,11.5448,3.8055,0.7062,18.4187,14.2192,0.1401,11.7777,6.9542,8.2878,3.3366,0.0031,0.1053,0.0344,2.7775,4.7527,17.4187,0.0338,9.8541,8.33,0.0076,0.0,13.8332,4.3369,0.0791,37.7736,8.2298,12.4421,15.2315,2.0111,2.3974,16.4811,4.4184,8.6393,0.0016,11.7923,2.3051,3.6037,13.8067,5.8666,2.1082,0.0049,0.2792,11.2616,0.2665,6.084,34.7096,7.4794,0.0,5.5319,7.7412,13.1208,0.0032,4.7601,0.0031,10.3626,8.8447,45.5825,0.0055,7.5052,0.3939,7.3731,11.5566,0.2266,19.087,8.5998,1.2694,0.027,11.7476,1.7504,0.0041,0.0,0.5806,0.082,12.2833,2.0889,4.8549
TCGA-AB-2899,2.0378,25.9988,14.7432,15.569,8.237,6.7055,8.7496,8.7132,7.3316,0.025,10.0171,14.2771,2.545,0.1646,6.5666,8.3979,24.6934,1.9196,8.6872,0.0272,16.9131,3.4692,5.6611,19.1446,19.7596,5.6829,1.7439,18.7861,11.9375,0.5711,27.8168,6.2454,11.0592,2.0086,0.0189,0.5877,0.0612,1.9137,5.5158,9.4053,3.2476,11.6306,12.1526,0.0069,0.8321,14.3682,3.203,0.0297,32.2037,6.8601,12.5817,19.7112,16.2468,2.9566,8.2361,5.0056,9.7648,0.004,11.1381,4.3496,4.8349,12.3719,6.4888,0.613,0.0239,0.3459,8.9744,0.0346,8.2085,42.3627,3.9377,0.0,7.3214,6.9699,14.8898,0.0468,6.3657,0.0075,12.8406,13.0414,28.5888,0.2212,6.4112,0.3099,6.5894,23.005,0.6529,15.3043,8.4429,5.5829,0.0752,12.1263,1.9579,3.9219,0.0172,0.0074,0.2925,8.8928,3.087,5.7846
TCGA-AB-2889,0.9555,28.1314,12.1894,12.2924,10.7769,4.5646,5.7451,5.3411,4.906,0.0,5.0346,13.8976,1.4958,0.0024,5.2377,5.5893,20.4303,1.5169,7.9338,0.0446,15.0191,3.9725,4.467,10.1716,14.033,3.1569,0.7157,20.7128,10.6502,0.6445,18.1726,4.6841,8.5568,1.889,0.0,3.1838,0.0281,2.2911,4.3485,7.7717,0.0259,10.6847,10.8253,0.0019,0.0,12.8789,3.7096,0.0244,42.2391,6.614,11.304,18.1027,2.8441,1.2308,13.5111,4.0683,9.4298,0.0,11.5629,3.5117,3.8605,8.1051,5.298,3.3497,0.0024,0.1097,12.2717,0.0032,6.7968,53.574,6.2968,0.006,5.1232,7.8708,11.5766,0.0096,9.0712,0.0,10.3372,10.5387,34.8078,0.0357,7.5608,0.653,7.0355,1.1439,0.4112,18.0857,10.3794,0.4811,0.0349,10.6505,0.7227,0.3071,0.0028,0.138,0.0249,7.6756,2.306,4.7468
TCGA-AB-2944,2.7861,36.9439,18.4185,16.0746,5.9208,9.8454,5.4409,10.2412,6.1564,0.0,8.2519,12.4385,2.0965,0.0304,8.2735,6.7179,17.7999,3.0203,10.5566,0.0332,10.6314,4.1853,6.7176,27.3713,21.0291,4.2463,1.3301,31.8711,12.769,1.563,23.9873,6.7543,10.9263,4.1945,0.0,0.028,0.0042,1.5751,2.6354,5.7065,0.0133,7.7425,10.2257,0.0,0.0031,15.7372,1.8294,0.0767,74.2701,14.434,12.8463,18.7806,5.7797,2.8136,6.8046,6.9295,12.27,0.0017,10.5495,5.2452,5.8816,7.1666,7.359,0.2998,0.0,0.1628,11.0461,0.0033,13.5098,86.6274,10.5622,0.0,6.9062,6.3741,25.97,0.0,12.1137,0.0,12.4738,16.8935,33.7515,10.2021,4.8355,1.5723,7.1223,6.3228,0.1751,17.518,11.0712,2.8158,0.0197,18.333,3.6354,2.7669,0.0,0.0746,0.076,4.6737,3.5107,7.8336
TCGA-AB-2901,3.9996,23.6503,15.8324,17.3582,8.7584,9.0742,8.614,6.5908,3.3027,0.0275,4.8523,9.3348,2.7334,0.7448,11.1863,4.1584,17.6028,2.5111,10.8361,0.0075,14.7354,0.9028,4.8763,11.6661,16.5753,4.0658,0.593,18.1708,9.8829,0.3668,23.1976,3.3446,8.8215,4.1757,0.0,4.7747,0.0626,1.6919,3.4503,11.4735,0.0438,8.9997,10.2479,0.2237,0.003,13.2749,1.9029,0.0054,38.6032,2.6714,9.0657,17.0398,3.5155,2.542,17.3034,4.4158,9.9426,0.0016,13.6332,6.1261,5.1825,8.2491,7.4296,11.4098,0.0,0.123,12.858,0.0159,5.9138,69.7452,5.5818,0.0,5.2096,7.8858,17.6993,0.0129,7.3151,0.0031,10.8919,15.2547,31.9876,0.0083,6.4925,0.9317,6.2455,1.1698,0.5153,23.9544,10.4591,11.3152,0.0081,13.9834,2.6777,0.0164,0.0,0.8296,0.0296,5.6399,3.0417,7.3435
TCGA-AB-2986,2.6266,19.1879,7.3951,7.902,7.3577,5.9594,3.7257,4.995,2.8492,0.0,4.8112,6.8144,0.7626,0.0705,3.244,3.6462,18.6654,2.529,12.6607,0.0078,6.4361,0.5376,3.9425,1.0365,10.7769,3.2426,0.4956,13.0921,9.7539,0.2509,11.0362,2.4523,7.3571,5.376,0.0,0.0114,0.014,1.9326,2.0908,11.9396,0.0805,11.7975,8.1762,0.0236,0.0083,11.3365,2.5919,0.0452,24.9843,4.2727,8.2733,18.2223,5.2791,1.7211,16.3583,14.5823,6.6378,0.0045,4.9823,4.2804,5.5253,4.095,3.3459,0.6467,0.0068,0.205,8.9041,0.0044,8.2799,43.7215,7.4698,0.0083,4.6808,7.8117,4.2957,0.0045,4.6997,0.0,5.2682,11.0758,15.9272,0.0076,7.0243,0.0607,7.4231,7.654,0.1512,11.7435,8.7841,0.4901,0.0037,8.4018,1.7653,0.017,0.0,0.1102,0.0126,4.6587,2.8712,3.7017
TCGA-AB-2924,0.8348,36.0717,15.4213,11.8943,11.3291,6.2926,7.2131,6.6179,4.3929,0.0021,7.4112,11.7715,2.2132,0.0022,6.1025,10.0159,23.6626,1.608,8.68,0.0522,14.6552,3.4617,5.8797,3.4902,11.1397,3.1477,0.8544,24.947,7.8837,0.2555,11.0915,7.9211,8.9687,2.3556,0.0,0.0724,0.0055,2.1143,5.1413,17.872,0.0818,11.4178,9.9538,0.0,0.0,16.1829,2.8666,0.0662,41.8974,9.7473,16.9585,16.5703,2.8202,2.2719,24.5786,3.8452,9.5598,0.0,14.0978,2.4956,4.0371,9.017,6.9591,2.4557,0.0,0.4838,12.1906,1.0073,6.9988,42.9376,7.8962,0.0,5.8751,7.7297,11.2859,0.0058,2.7044,0.0028,10.4846,12.3449,47.1851,0.01,8.6617,0.2668,6.6408,5.1879,0.2213,18.0312,10.0876,0.4649,0.0389,13.5726,2.4455,0.0313,0.0025,0.0515,0.0246,9.8914,2.3402,5.444
TCGA-AB-2920,1.2193,10.9273,4.53,26.6927,7.1931,6.6064,3.195,5.8658,4.7095,0.0,5.6939,8.664,1.7827,1.3985,4.2414,2.0883,20.4975,2.8832,6.7398,0.0096,20.6461,1.6879,3.7043,5.5747,10.9054,5.4598,1.0301,16.1767,5.0807,0.6772,23.2144,2.373,6.1416,4.0393,0.0,0.1751,0.0186,1.5628,2.1654,5.1282,0.0804,4.9543,6.6806,0.0058,0.0,11.2263,2.4582,0.0028,54.0587,8.219,6.5297,13.5445,2.1195,1.9507,19.8435,3.6626,7.5893,0.005,12.5586,2.2773,3.4936,7.2723,3.8804,0.491,0.0,0.1241,4.2126,0.0,6.2124,39.67,2.2277,0.0,3.5754,5.1843,12.4982,0.0033,32.8293,0.0,6.7063,8.922,23.9024,0.017,6.0095,0.4169,6.5069,1.4922,0.1237,16.0429,6.8984,0.4866,0.16,4.2677,2.5271,0.0398,0.0029,0.0439,0.2677,4.8297,2.2531,2.7196
TCGA-AB-2822,2.3731,34.5565,16.0843,13.6372,12.6228,7.1494,9.1273,8.7755,9.0584,0.0046,6.842,11.7055,1.1217,0.0123,7.4123,3.2458,19.0897,2.9451,10.7832,0.0019,13.1399,3.6015,6.489,13.0412,19.8408,2.828,0.8592,40.1309,15.1369,0.3318,21.2503,3.1827,14.1727,2.6939,4.3663,3.1162,0.0164,4.4776,3.3122,8.5834,0.1398,17.1186,16.8325,0.0058,0.003,15.6495,1.7558,0.0304,57.7925,9.2686,13.0483,24.1524,5.2744,2.49,7.8941,8.252,10.3583,0.0,8.6876,8.6182,5.5012,6.4281,8.7478,1.9899,0.005,0.2893,14.4715,0.0096,7.4168,98.075,10.2056,0.0,6.231,10.553,17.1877,0.0033,5.7991,0.0,12.2773,21.274,31.1612,0.1121,13.8486,0.3959,7.1616,1.6487,0.6371,20.3679,15.5712,3.7563,0.0274,18.1467,4.1932,1.1017,0.0057,0.5882,0.0369,4.9504,5.1399,6.5077
TCGA-AB-2912,2.3109,38.4384,24.9407,9.2395,21.8692,11.6111,8.0959,10.3234,5.3648,0.0435,12.0214,15.9279,4.2241,0.1569,11.5095,12.2764,30.3904,2.1533,13.5514,0.0047,15.3609,1.2057,7.9108,14.6646,20.0901,4.6235,1.8036,42.5462,7.5615,1.2275,28.5414,8.6575,15.0871,1.7037,0.0316,0.1308,0.0282,2.3516,2.7609,12.2217,0.373,11.5675,17.1824,0.0168,0.0038,15.1672,5.0596,0.076,47.158,6.4475,21.4013,31.419,12.2068,2.5615,29.9941,10.5677,17.3235,0.0,7.9881,0.5726,4.3828,9.7877,9.6926,1.1465,0.025,0.2159,17.8491,0.0402,21.4828,56.9337,6.3128,0.0076,7.5611,7.1414,18.0998,0.0449,10.7605,0.0,13.9345,21.2412,57.1416,0.0456,17.413,0.6941,8.411,8.3821,0.4801,21.7351,13.6781,1.1043,0.024,17.1579,2.1331,0.0389,0.0108,0.0674,0.4619,7.8975,3.2649,8.7381
TCGA-AB-2911,2.8293,30.358,15.5308,14.0448,14.5401,7.805,9.5967,8.3712,5.3544,0.0162,9.5667,11.2268,2.2583,0.0138,7.0298,14.0486,25.2386,2.2671,11.6459,0.008,18.9457,6.8765,6.4399,12.2206,16.2921,5.1481,1.7139,26.8585,10.0585,1.7234,9.4231,8.9654,12.7196,2.8318,0.0,0.0293,0.0344,2.1872,5.8939,9.7908,0.0747,8.3338,11.4099,0.0,0.0043,15.1083,3.3238,0.1972,33.6129,10.9255,13.8713,15.7752,0.3977,5.1196,19.5953,9.4582,12.4702,0.0023,10.3206,2.8258,3.3963,10.5091,8.5415,2.104,0.0,0.1544,10.7675,0.1395,4.5816,42.4889,7.6848,0.0171,6.596,7.9996,15.6243,0.0046,1.1512,0.0088,12.1545,12.7127,33.7994,0.1177,12.1895,0.3962,8.2882,5.667,0.5263,20.6811,11.3221,2.7289,0.1762,14.8866,1.849,0.1394,0.0121,0.7625,0.0969,6.831,4.2629,4.6398
TCGA-AB-2959,4.8606,34.43,25.432,11.0298,11.8409,13.4332,12.7154,11.7328,9.2674,0.012,15.2376,15.368,2.9711,0.0925,11.0083,12.6806,36.9476,2.8289,12.3463,0.0074,12.3667,4.7826,8.3816,28.2109,32.9202,5.2085,5.6529,26.4894,14.2008,0.4925,32.1847,6.887,16.481,4.5272,0.0082,3.4554,0.1063,2.2074,5.9296,6.7409,0.2928,19.1052,18.4684,0.0174,0.0118,25.6996,2.7318,0.0143,60.4953,12.3981,19.9179,32.376,25.0494,3.9399,17.9211,13.3321,16.0457,0.0022,8.3272,9.3955,6.0538,11.7848,12.6459,0.8921,0.0389,0.3275,11.4433,0.0083,18.5867,207.2448,12.0108,0.0,9.4409,9.7167,28.9491,0.0169,8.9542,0.0122,17.3429,31.7257,62.8589,0.1672,10.3298,1.7217,7.8316,29.2849,2.0938,28.5764,19.483,3.5771,0.0355,22.6569,2.7865,11.018,0.0037,0.4002,0.1736,5.5283,7.371,10.172
TCGA-AB-2933,3.9472,30.9413,21.9522,7.8779,15.8828,8.087,7.2017,8.1665,5.5751,0.0,13.7368,11.4257,3.1998,0.1014,7.3196,7.1651,27.6299,2.1887,9.3239,0.1067,15.7781,4.6757,6.1712,9.3556,21.005,4.4546,2.0508,24.617,13.0549,1.7983,17.7917,6.1819,11.0801,1.9228,6.4822,2.1562,0.0256,1.7858,7.6763,12.4815,2.3211,9.1944,11.8389,0.0,1.1204,11.8833,2.9641,0.1829,47.2105,13.0142,18.0274,18.6036,36.3037,4.1738,12.1113,12.3017,10.4272,0.0,7.8375,5.6057,3.8075,5.7138,7.2916,1.4888,0.0062,0.3016,10.5783,0.0362,14.767,49.4452,6.3164,0.0,8.0042,7.3172,13.7159,0.0897,8.5083,0.0,8.0903,17.9344,31.3212,0.4834,8.1073,0.4888,7.5269,19.5401,1.0187,16.6025,12.5396,4.9374,0.1333,13.0703,1.9333,0.4926,0.0502,0.0362,0.9807,7.5121,3.7139,5.5198
TCGA-AB-2856,0.6953,13.3296,5.4788,11.0878,4.444,2.4944,2.3398,3.6343,1.8311,0.0119,3.9471,9.9573,0.4988,0.0453,2.1973,7.5074,13.5306,1.1496,6.4398,0.0039,7.3875,0.9378,2.4862,4.4109,7.1167,2.0599,0.266,18.1906,4.859,0.0736,8.091,2.5212,5.0132,4.1237,0.0065,0.0107,0.0084,1.1696,1.7792,6.2016,0.0328,8.0211,4.3684,0.0,0.0,6.7107,2.6833,0.1695,24.3078,4.691,4.9976,10.9549,1.9092,1.5344,8.4281,3.5627,5.1219,0.0,10.6565,1.1756,3.0055,4.8719,1.8702,0.4,0.0051,0.0899,6.4347,0.0099,4.2962,21.7299,2.8667,0.0,3.1886,4.9875,2.4494,0.01,4.2557,0.0097,4.5334,3.8661,15.2969,0.0,5.7718,0.5221,7.2421,12.9754,0.1053,10.6622,5.9868,0.2637,0.0224,4.2101,1.0274,0.0021,0.0,0.0254,0.0519,6.2182,1.1368,2.6959
TCGA-AB-2874,2.5962,33.9076,15.7988,12.6624,10.0804,7.5251,4.5416,11.2082,3.7485,0.0054,10.9865,24.868,1.9126,0.0057,7.3442,7.4989,21.7999,2.4458,11.389,0.0,17.6921,0.6772,6.5743,24.7671,17.8502,3.3607,0.5601,16.3661,10.6051,0.1588,27.0567,6.194,8.9625,5.723,0.0037,1.6323,0.0239,2.5007,5.2212,4.756,0.0545,6.3954,13.3454,0.0045,0.0,17.6172,4.1028,4.24,43.664,9.7402,14.9264,20.1512,1.7025,2.3858,48.5321,5.9297,13.8241,0.0019,12.5655,5.8727,6.8976,8.1316,6.3766,1.4135,0.0029,0.1624,18.9562,0.0075,12.0298,86.7562,6.8599,0.0143,7.8612,8.5711,15.7189,0.0191,7.7331,0.0,8.1696,17.694,32.0276,0.0164,9.0642,0.4402,7.7965,3.8196,0.1757,23.9463,10.3621,1.3839,0.0288,18.8481,1.7969,0.0121,0.0101,0.2153,0.0998,7.8403,3.3258,6.8684
TCGA-AB-2971,3.1418,36.2165,15.6176,12.559,14.8205,8.6201,8.489,8.4373,6.9563,0.0185,9.292,17.5229,1.9929,0.0163,6.3227,20.7293,26.4128,1.801,8.6713,0.0327,19.9367,5.7889,7.4076,22.0135,14.4468,4.3332,3.4711,27.8331,10.2642,1.575,14.7758,7.1888,12.5384,3.0518,0.0,2.2252,0.0163,2.6036,6.2861,16.4705,0.2198,12.0341,12.1553,0.0102,0.0121,14.1869,3.1145,1.5096,44.9869,10.0439,19.7568,26.4805,2.0959,3.454,24.9492,11.4332,16.5829,0.0022,10.0254,4.7038,5.0876,10.5889,11.1841,8.957,0.0099,0.1378,13.4343,1.0149,10.5014,47.9221,8.3499,0.0,6.4721,7.1454,17.3436,0.0173,1.3035,0.0042,12.2342,16.3825,43.1868,0.8181,12.8025,1.0061,6.8357,8.9234,0.5355,16.6416,9.5183,3.4847,0.0399,16.6366,3.2946,0.0028,0.0,0.7858,0.0919,7.6152,4.8805,6.2969
TCGA-AB-2930,0.702,31.0235,11.2223,17.0819,5.8905,5.033,7.7843,6.3315,3.0365,0.0071,5.4411,11.3201,1.4609,0.0037,4.8786,8.9049,13.6609,1.7388,7.3569,0.0014,11.2903,0.6175,4.4105,7.7712,11.7401,3.0442,0.6965,18.8207,8.2544,0.0837,21.2933,3.1355,10.3321,2.5279,0.0048,0.0255,0.0203,1.8815,2.5907,5.9643,0.047,11.5011,9.482,0.0,0.0,15.0837,2.8708,0.5153,35.4412,4.9603,9.7042,20.5072,6.3999,2.1306,12.5688,2.8277,8.7678,0.0013,11.062,2.1573,3.5649,8.515,3.938,1.1544,0.0057,0.1546,9.7433,0.0049,6.0703,96.9275,3.8375,0.0047,4.5045,6.8295,11.7381,0.0025,0.671,0.0,11.0975,10.6988,22.0909,0.0,6.3867,0.8064,6.4168,12.577,0.5545,15.3981,9.2677,0.2046,0.0792,10.1771,1.1988,0.0727,0.0,0.0347,0.0404,5.242,2.4397,4.3253
TCGA-AB-2910,0.3584,26.2858,11.254,13.6998,10.7164,5.493,5.0393,3.752,4.4258,0.0019,3.0177,10.0693,1.6828,0.0182,6.5074,13.1947,15.7839,2.3085,9.1444,0.6496,14.2378,2.7424,4.1158,39.7122,5.6623,2.1701,0.4346,15.672,4.1405,1.1817,14.1891,3.981,6.5461,2.3407,0.0078,0.8811,0.0269,2.3314,3.1223,7.6114,0.101,19.3182,7.2547,0.0252,0.0025,12.1362,5.4636,0.2041,29.2818,12.2814,8.6862,21.7512,1.8718,1.4732,11.7951,2.5274,8.584,0.0014,13.3688,2.508,2.4094,11.8606,2.5171,3.8574,0.0021,0.0879,13.3756,0.0528,4.1053,38.855,2.0336,0.0,4.3745,5.8446,5.0434,3.5044,7.0821,0.0,7.0025,9.5646,41.9669,0.0529,9.042,2.5304,10.2258,4.234,0.3705,17.3648,8.5559,0.3422,0.0427,7.9835,0.9287,0.0,0.0094,0.0085,0.0303,9.331,1.1552,4.2547
TCGA-AB-2895,3.3758,37.1963,15.9338,19.3173,7.2337,5.8013,9.5859,9.0174,4.4022,0.0053,6.4582,11.8085,1.0947,0.0197,6.1908,8.9478,17.8661,2.6165,11.089,0.0152,13.5424,1.9815,6.1554,1.1153,16.0638,3.8816,0.4205,24.7944,12.8156,0.3527,19.1735,3.11,11.2664,8.5096,0.0072,0.0383,0.0,2.9696,3.964,13.1702,0.0386,14.5678,10.4609,0.0154,0.0,16.9808,3.4856,1.1647,34.4229,3.9185,11.4803,18.7763,3.6862,2.5648,15.1393,5.6683,11.3185,0.0038,11.6169,4.2955,5.8645,7.6673,6.7446,3.0792,0.0,0.2344,15.8509,0.0111,7.9247,73.8698,7.3263,0.0,6.4666,9.07,17.9069,0.0075,12.9546,0.0072,10.1955,16.324,29.5061,0.0353,5.5115,0.7251,5.5074,11.856,0.9795,22.4736,8.0846,1.0431,0.0314,13.8987,3.4627,0.038,0.0,1.0371,0.0291,5.4839,4.3377,6.1207
TCGA-AB-2826,1.4618,22.6669,14.7101,9.7148,14.2942,7.1823,5.1926,8.2159,3.967,0.0053,8.9734,19.962,2.2606,0.0085,6.2696,16.5124,26.9042,2.3471,10.6633,0.0261,16.825,6.4478,5.4282,18.2375,12.7033,3.4242,0.4528,23.6634,13.9802,1.4403,14.7088,6.8044,11.1156,3.5544,0.0,0.5064,0.0282,2.4707,5.4592,32.528,0.049,8.8213,10.6965,0.0088,0.0139,12.7143,3.4736,0.1426,35.7202,12.0205,17.0235,21.6204,0.6372,2.9743,22.5239,8.4101,8.8869,0.0,9.3577,3.293,4.2366,9.2883,6.058,7.2461,0.0086,0.1137,11.6083,1.5049,5.6336,33.8057,5.4322,0.0,7.9573,10.5842,11.9645,0.1123,0.9743,0.0036,8.9125,13.3041,39.2042,1.8141,14.3267,0.2007,7.8339,14.9596,0.3042,15.0166,11.9412,2.1646,0.0691,11.1718,0.4931,0.0,0.0066,0.6393,0.0636,12.953,2.222,5.3758
TCGA-AB-2846,0.9678,27.6754,14.3197,11.6216,13.7492,6.0419,6.5812,6.9032,6.3638,0.0067,6.0556,16.3463,2.0586,0.0708,6.4251,7.6062,19.75,1.8311,10.1532,0.0146,20.185,5.6223,5.3894,10.1069,15.6133,3.4892,0.7027,23.1752,9.5597,0.5334,16.6293,8.8286,8.78,2.0389,0.0212,1.7769,0.0531,2.1157,4.8597,9.5151,0.0518,9.782,10.5823,0.0018,0.0029,14.219,4.5378,0.0716,46.5906,7.3331,15.1475,24.0604,3.7865,1.486,18.8974,5.3344,12.4393,0.0032,11.023,4.1205,4.2448,8.7682,6.1751,1.6447,0.0072,0.1074,15.7293,0.0154,7.6447,51.6384,6.824,0.0059,5.8078,7.4381,12.8074,0.0125,12.1084,0.0,9.0388,11.3217,41.3789,0.0188,9.821,0.3846,8.0891,1.793,0.3001,19.9313,10.0442,1.3003,0.0289,12.8533,0.1433,0.0159,0.0055,0.511,0.0576,8.5883,2.3446,4.8311
TCGA-AB-2915,1.6232,25.7709,14.293,12.4431,8.5903,5.8979,3.8916,6.0319,4.1111,0.006,5.9093,13.2038,2.1035,0.0,8.9079,7.0362,9.0639,1.7161,8.6861,0.0098,13.3407,3.9827,4.8487,15.322,13.15,4.38,2.2312,19.4598,11.4293,0.2349,19.4917,22.9012,8.5425,4.2165,0.0,0.0633,0.0177,1.9818,2.1783,3.944,0.784,10.5353,9.1682,0.0017,0.0,13.943,2.2354,0.0119,43.7105,8.3307,14.692,15.6377,3.239,1.8913,11.5208,4.4039,9.1498,0.0,11.5178,2.5548,3.9942,9.0905,5.5732,1.1381,0.0022,0.2114,17.2178,0.0028,10.5834,31.9361,10.0025,0.0,6.5337,9.4415,11.8837,0.0085,4.7194,0.0,9.4199,9.6971,45.2382,0.1866,6.3297,2.3678,7.5657,11.0463,0.1471,20.9422,10.4645,1.8651,0.0284,12.2532,2.0018,0.1004,0.005,0.3294,0.1137,7.899,3.425,6.4949
TCGA-AB-2842,1.1159,38.3967,22.7948,8.5135,16.6237,9.0864,8.6048,9.2965,5.0195,0.0022,16.9437,12.1675,2.5715,0.0508,9.2016,15.5811,31.0801,3.0785,15.4702,0.0036,13.355,7.31,8.561,0.8023,15.308,3.8086,0.6613,21.9525,13.9232,0.3077,13.0612,8.2505,12.4563,3.4291,19.9546,0.1924,0.0115,3.6375,5.1309,21.0542,0.2521,12.5832,18.9993,0.009,0.0057,15.2939,2.3024,0.0052,38.3092,9.6057,21.1239,23.7246,1.6843,2.466,18.5434,7.3159,14.004,0.0031,7.8432,6.7154,4.9531,10.2368,8.8239,1.9531,0.0164,0.1305,31.8389,0.003,5.764,136.9646,9.3906,0.0,8.9651,13.2319,10.9318,0.0092,2.8,0.0,8.723,15.515,46.2869,0.0053,13.6731,0.3374,9.8601,7.7632,0.2043,24.2698,14.9388,0.2059,0.1464,16.9042,1.1722,0.074,0.0027,0.0136,0.0477,9.8785,2.071,9.327
TCGA-AB-2890,2.8038,22.6455,16.5375,15.7482,8.0055,6.8922,9.5923,8.2011,7.3182,0.0135,11.5422,15.005,2.2592,0.0029,9.4247,10.9943,21.1795,1.9566,9.6761,0.0066,14.4875,5.657,6.7735,12.3834,26.0369,3.7355,7.4873,24.336,10.464,0.5545,17.6176,11.7991,9.2204,2.5591,0.0073,0.0097,0.0499,1.9759,3.8766,11.0813,0.8991,10.6209,11.1821,0.0045,0.0,12.9041,2.4906,0.0128,50.8851,8.4857,13.4882,22.7286,8.8838,2.1339,6.7109,7.115,10.365,0.0039,12.6526,4.8935,4.4103,9.4653,8.0328,1.642,0.0029,0.2059,9.79,0.0149,8.1073,64.3893,12.5859,0.0,7.9701,6.7608,18.8595,0.0265,9.4998,0.0,15.9896,13.9266,34.3171,0.1009,5.6473,3.1358,7.5408,23.9294,0.5007,30.8095,11.2682,11.3786,0.0445,17.1898,2.636,5.1203,0.0033,0.3318,0.0831,6.513,4.7948,6.7526
TCGA-AB-2885,1.1293,27.7213,14.7187,18.6854,6.5554,8.0628,5.0491,10.109,7.51,0.0054,9.0586,10.887,2.0647,0.0115,7.9777,8.1559,21.1498,3.811,6.1211,0.0044,12.4937,4.2406,3.1013,25.1293,22.6322,2.292,2.6661,20.9648,6.6583,1.0317,29.5241,4.1911,8.4729,3.0815,0.0,2.8359,0.0311,3.2936,4.1354,6.5002,0.0669,6.83,13.9296,0.0,0.0,17.5764,1.4989,6.161,57.6373,12.8795,10.4996,29.748,5.7152,2.5781,5.5275,4.2357,12.2394,0.0,10.9496,4.4963,6.6096,9.0721,6.5366,0.364,0.0029,0.1904,17.1039,0.0038,7.1118,91.3177,6.6346,0.0071,8.2591,7.7825,19.6384,0.0457,18.0117,0.0073,13.4269,17.8122,29.6006,0.1735,3.105,0.2191,6.7816,3.9827,0.245,17.834,12.0727,1.5659,0.0735,9.0633,2.388,2.411,0.0067,0.0363,0.027,6.1214,5.7132,7.8037
TCGA-AB-2946,3.9067,30.9055,13.3507,11.7161,9.8595,6.2452,7.6158,7.1078,3.3219,0.009,7.1604,12.8077,1.7796,0.057,6.857,5.8776,28.2338,1.7239,9.2277,0.0,12.8971,1.2671,5.8555,8.8444,12.8027,3.3432,1.1501,27.3349,11.7344,0.0753,17.6925,5.8616,9.1279,2.377,0.0061,2.1385,0.0336,3.1091,3.4056,4.7801,0.0504,9.2771,11.4143,0.2115,0.0,13.9729,3.2684,0.0373,51.8589,9.679,13.6811,25.4692,1.3249,1.7452,12.5375,3.721,8.2903,0.0032,9.8889,4.8266,3.2106,7.5915,6.7729,0.8173,0.0121,0.2762,13.158,0.0217,8.489,98.5659,8.151,0.0,5.1173,7.5011,12.739,0.126,6.5171,0.0,12.6118,16.5341,27.2068,0.0271,7.3074,0.241,8.1319,14.312,0.3477,20.1549,10.6617,2.9412,0.0264,13.1961,0.3494,0.004,0.0,0.4759,0.1671,6.1227,2.9083,6.0449
TCGA-AB-2872,2.1962,49.2608,17.6006,14.3633,8.4899,9.1537,13.0643,16.0781,3.2831,0.0298,10.343,19.9126,1.5704,0.1866,5.3542,14.1304,13.1321,1.9316,6.3897,0.0024,18.4563,9.6367,8.4868,16.3258,16.5746,2.4518,1.1101,8.6968,11.5813,0.1285,22.6107,7.2141,12.8302,5.6588,0.0284,0.0457,0.1555,2.5083,6.5049,8.1779,0.3367,13.016,13.6101,0.0198,0.0039,12.0203,5.2943,2.2205,47.7741,9.4078,18.0766,28.1179,2.0517,7.6283,86.6553,8.1708,14.6244,0.0,23.6139,5.4148,6.1114,19.8538,7.5428,9.8832,0.0771,0.6106,13.1412,0.1323,4.3121,45.5934,9.3406,0.0079,12.2709,9.6987,24.3112,0.0294,5.1588,0.0,14.802,21.7545,15.6584,0.0036,11.4324,0.8386,7.0134,6.1896,0.6821,19.4652,6.0287,0.462,0.0387,16.7115,2.1472,0.0133,0.0037,0.016,0.2019,5.9993,3.084,7.8566
TCGA-AB-2913,2.2339,50.9084,19.0154,12.2148,7.6443,7.7038,10.3787,9.7124,4.1388,0.0062,8.0563,11.5575,0.9909,0.0294,6.7711,5.7815,30.3485,2.5551,12.9692,0.0252,12.9123,4.1983,6.4921,1.2627,19.9289,4.5902,1.5178,23.8493,15.374,0.5448,26.2246,2.7936,14.4881,6.883,0.0042,0.1057,0.0191,1.875,4.9294,9.3544,0.1202,15.5171,13.8085,0.1993,0.004,21.4648,2.6426,0.1065,39.6532,6.751,15.8758,25.0267,11.9629,3.6284,25.6164,9.6466,13.0363,0.0044,9.9499,7.334,6.3778,8.5394,8.3722,0.4194,0.01,0.1955,13.5464,0.0256,11.8812,155.3428,7.9163,0.0081,6.758,12.3072,19.622,0.0087,12.4696,0.0669,12.0382,22.4737,33.2227,0.0149,12.3876,0.2453,6.391,10.6712,0.942,19.8094,10.3451,0.536,0.0837,16.6281,4.6739,0.0166,0.0,0.1322,0.046,6.16,4.4048,6.9294
TCGA-AB-2983,2.7076,35.6262,15.9255,13.2501,11.9786,7.8657,10.7918,9.0853,5.8118,0.0051,11.9078,14.1368,3.1131,0.0703,6.8979,7.5385,28.1582,2.6546,10.4118,0.0334,12.0795,1.1122,5.985,9.7956,22.0379,5.246,1.5172,33.5661,12.1758,0.4023,26.4251,4.0829,13.5926,3.3962,0.0729,2.2523,0.0608,2.2217,6.0595,7.7512,0.4368,11.7848,16.9159,0.0021,0.0,16.714,3.954,0.0577,40.1451,2.8369,14.6836,20.74,15.2845,4.5666,10.7206,7.2677,10.4652,0.0,11.3102,4.9717,4.8826,8.1295,6.1056,1.1989,0.0165,0.218,16.1468,0.0601,10.4582,67.679,9.026,0.0067,6.035,10.3584,17.6418,0.0072,2.984,0.0,12.6499,16.6363,32.4386,0.1079,9.0735,1.4079,6.539,18.5218,0.5615,18.2483,10.8025,0.9682,0.1294,14.6792,3.2592,0.0274,0.0505,0.4283,0.2691,7.2738,3.6593,6.5347
TCGA-AB-2980,1.3652,22.0646,11.1304,11.1013,10.8068,4.1823,7.9242,7.4984,4.4314,0.0628,7.4192,8.1421,1.1083,0.2933,6.2913,10.5419,18.5897,2.4066,8.9351,0.0095,12.0055,3.0629,6.9941,7.0156,12.7262,2.7913,1.4673,17.0885,13.3158,0.2764,26.6575,7.1206,10.4628,4.8386,0.0664,0.1237,0.0205,3.0873,6.0118,4.7645,1.9752,13.9675,14.483,0.0039,0.0152,13.2276,2.4285,0.7308,29.6474,2.5576,11.8721,32.8669,0.9395,2.5245,36.1144,6.0407,11.5331,0.0017,6.9697,5.3057,5.7417,18.8034,6.038,3.0627,0.0826,1.5793,13.9051,0.1675,7.444,133.8945,4.5761,0.0,6.4464,9.1972,15.5115,0.1014,5.9888,0.0063,14.0681,15.1021,31.0076,0.0393,8.5403,0.9163,8.52,3.4616,0.3331,17.2617,11.8624,1.5636,0.0055,13.1037,0.6483,0.0749,0.0173,0.0374,0.0416,4.4772,5.3434,6.1349
TCGA-AB-2858,0.8777,24.8953,12.0795,12.3481,6.86,5.305,5.5043,6.6661,5.1864,26.5629,4.8161,11.0907,1.033,0.0236,5.0647,5.3197,28.1616,2.0885,8.5073,0.0041,13.2643,0.6765,5.1912,10.2814,14.6706,2.4722,0.9591,17.3665,9.446,0.2284,16.444,2.9083,10.559,3.3461,0.0101,3.1185,0.0109,2.3065,2.3779,7.8545,0.057,10.455,10.3826,0.0,0.0,14.0545,2.0705,0.0088,46.0068,7.5,8.3989,19.0186,2.076,2.7171,27.9472,5.6943,7.3159,0.0053,11.9556,4.4532,4.1483,13.6634,5.2547,2.4307,0.008,0.1144,11.0287,0.0172,6.6053,103.2503,6.1082,0.0,4.8679,8.2923,14.1678,0.0174,7.2749,0.0,11.2232,14.1952,28.3966,0.0299,8.9502,0.5044,6.8499,2.4661,0.2663,19.4938,13.604,1.6429,0.0877,11.1772,0.3769,0.1795,0.0061,1.0153,0.0937,5.7869,2.202,5.5974
TCGA-AB-2942,1.586,24.1177,10.8308,10.9321,11.7744,5.0593,5.4481,5.1276,4.5942,0.0079,4.2489,9.7854,1.7245,0.014,6.0981,5.9474,20.2081,1.5211,8.013,0.0043,14.6918,4.3189,3.9913,5.4749,14.437,2.9944,1.1739,25.4815,8.2258,0.5053,16.6741,5.1721,9.2172,1.8443,0.0036,1.372,0.0093,3.0816,3.8747,5.8514,0.0377,11.9035,11.1637,0.0022,0.0,11.7097,2.499,0.0189,53.3308,9.5529,12.4414,23.867,2.3656,1.4147,11.0435,7.7219,8.918,0.0,7.8693,3.8318,3.4937,6.899,5.7564,2.4911,0.0,0.1129,9.8022,0.0073,6.0093,44.7398,7.2351,0.0,4.6717,5.6593,11.1884,0.0,8.7062,0.0,9.7394,10.8326,29.9428,0.1852,8.4192,0.3332,7.4702,1.6141,0.4146,16.5234,11.8518,1.602,0.0218,10.3847,0.541,0.1229,0.0,0.1085,0.0289,5.7591,2.2377,3.7151
TCGA-AB-2893,0.501,16.4832,7.9743,9.1658,9.1522,4.8545,2.3715,3.7335,2.114,0.006,4.7083,8.3552,1.4679,0.0569,4.5262,10.6807,21.0227,1.3421,10.319,1.153,8.5059,4.6089,3.2085,14.2884,7.1071,3.0766,0.2561,13.815,6.8611,0.3204,13.6598,5.5779,8.1376,2.5602,0.0,0.0143,0.0193,1.8077,3.0494,18.0943,0.0674,8.3417,9.4557,0.0016,0.0026,8.1802,3.0793,0.0805,29.0282,5.7581,10.405,18.9649,21.9002,1.5313,13.1955,3.5734,6.991,0.0014,7.1402,1.7147,2.3153,6.7005,3.4727,3.3295,0.0064,0.0562,21.8913,0.3114,3.6316,29.9662,3.2705,0.0,4.2536,6.8834,3.7013,0.0056,0.6844,0.0243,4.6402,6.7792,25.471,0.024,7.4588,0.3189,7.8583,6.4903,0.0984,11.3366,8.7047,0.463,0.0258,6.0037,0.7445,0.0285,0.0025,0.0124,0.0574,6.4533,0.4864,3.0787
TCGA-AB-2955,8.8785,43.5073,20.9404,10.2628,12.7995,13.3056,13.4766,11.6583,3.7877,0.0079,8.4686,14.911,1.7095,0.0209,11.0896,11.216,86.5742,2.9197,15.2357,0.0064,8.1959,0.7935,9.3561,3.003,22.7923,4.1311,4.7621,48.1097,17.0786,0.0781,20.0601,4.9399,16.4347,3.0238,0.0,2.4539,0.32,2.8256,6.4606,3.2821,0.1173,13.5553,15.4429,0.5188,0.0052,20.343,3.1964,0.0141,91.8992,14.5414,17.085,27.2734,0.603,3.7351,27.9608,13.8054,15.8383,0.0,10.3618,7.3039,5.0618,9.5137,13.8205,0.5543,0.0,0.2605,19.6734,0.0164,20.5849,247.5054,7.8566,0.0104,8.7997,7.9061,26.3059,1.0415,4.1619,0.0053,18.1415,30.4949,22.2421,1.3755,14.2639,0.1998,8.4883,31.8574,1.3371,25.9107,12.5356,2.7375,0.1161,19.3092,0.1229,0.3417,0.0,0.3728,0.0157,4.75,6.054,8.7936
TCGA-AB-2811,0.3873,17.4157,1.7131,12.7165,10.4491,4.6918,1.0287,1.808,3.9195,0.0019,2.3333,5.6212,0.6211,0.004,3.163,4.2771,11.1337,0.7049,8.0267,0.0077,5.0017,1.8762,6.473,0.9251,2.2211,5.4387,0.9917,4.8535,12.0815,0.2186,4.141,3.1419,4.1722,1.0828,0.0,0.1383,0.01,3.0063,0.7818,6.1835,0.0215,6.454,7.4167,0.0016,0.0,11.7377,1.1726,0.0023,40.7785,4.9977,12.1803,27.0761,1.4474,2.2942,7.5749,2.6036,8.0293,0.0014,11.3953,2.7105,2.9163,3.8395,3.3293,2.223,0.0,0.0535,4.8015,0.0236,4.3297,11.57,10.1567,0.0,3.1335,4.5317,3.3783,0.0,4.0899,0.0,9.7517,6.3,16.5231,0.0023,2.1049,0.1103,18.3376,4.2459,0.0097,14.6068,2.4367,0.3692,0.0022,11.4059,0.8712,0.0322,0.0023,0.0642,0.0791,3.014,1.6169,5.6134
TCGA-AB-2841,0.4879,18.5611,9.2662,17.2819,6.9103,2.8337,5.7632,5.0647,3.9855,0.0023,4.5709,6.9795,0.8217,0.0721,3.7691,11.657,9.501,1.4356,5.1095,0.0,11.4547,6.2456,4.3589,9.903,6.7874,2.1423,1.007,15.5074,12.1523,0.0808,10.052,6.7657,6.5517,11.224,0.0,0.9328,0.0932,2.2417,2.8212,7.9897,0.0244,9.2287,6.4876,0.0,0.0,10.1741,0.5418,0.3436,39.9295,14.1101,10.4681,16.0778,0.5344,2.1332,56.304,2.2391,6.9479,0.0,11.3855,3.4242,3.3533,25.0194,4.0298,5.8656,0.0051,0.2877,8.8549,0.0033,2.2315,60.0038,3.8248,0.0,4.7206,6.9867,13.4398,0.0099,9.7936,0.0064,9.4311,7.0934,33.1199,0.0028,8.7748,0.246,6.7208,4.9673,0.3562,15.3442,5.7333,1.331,0.0166,9.4941,0.3202,0.0126,0.0,0.132,0.0257,6.0276,2.623,4.0761
TCGA-AB-2914,2.3712,35.1325,16.9832,9.9671,12.641,8.1034,7.0133,8.7195,4.8164,0.009,6.4698,12.4778,0.8853,0.0192,8.5919,7.2784,28.8963,2.1005,11.3861,0.0123,15.5989,6.6032,5.541,9.645,21.0818,3.6167,2.0688,28.4634,12.1817,1.334,25.3653,3.7038,12.6631,2.247,0.0,3.1261,0.0213,3.0105,8.4788,7.8537,0.1094,13.7534,15.3255,0.005,0.0,18.3046,3.9057,0.538,52.2306,8.683,14.4549,23.137,7.7467,3.1812,20.3867,8.1771,14.5524,0.0,9.2248,4.9994,4.7822,6.6885,9.3555,8.5977,0.0,0.2013,18.8406,0.0042,12.5759,108.8386,6.9836,0.0,6.6122,8.6601,23.5009,0.0508,9.0565,0.0,12.3976,24.6434,37.6357,0.0073,10.2228,0.9188,7.2335,2.6286,0.37,18.8466,13.9224,1.9013,0.0462,15.1215,0.1704,0.8756,0.0261,0.3496,0.033,6.7042,4.6177,7.1589
TCGA-AB-2840,1.3494,29.5528,11.4337,13.7902,6.0266,3.6751,8.3468,8.7353,4.7099,0.0056,8.6423,7.3856,1.5838,0.1941,4.1945,10.1647,13.4283,1.8382,6.044,0.03,12.464,5.8514,4.6824,5.3086,14.4421,2.8177,0.5576,15.8502,11.9505,0.3253,23.1881,4.3765,9.4583,9.264,0.0268,0.5385,0.0124,2.0982,4.5946,6.4277,0.0362,14.5064,11.6458,0.0047,0.0258,10.4472,2.2627,1.9422,63.5311,7.878,12.6047,30.9477,1.443,3.5404,39.8217,7.1933,8.2041,0.002,9.4806,4.3511,5.4046,22.4568,4.5932,7.4542,0.0061,0.163,11.379,0.0742,3.8565,45.9465,4.615,0.0,9.2195,7.6434,15.6896,0.0317,3.9173,0.0,12.6822,13.4666,27.5456,0.0102,10.7183,1.3807,5.9518,6.3037,0.4133,16.0178,7.3827,0.4229,0.0399,13.4294,0.3077,0.0454,0.0,0.0302,0.0449,5.7835,5.3238,5.4313
TCGA-AB-2950,1.3852,31.6908,18.6244,13.8574,9.1839,8.2323,11.2786,9.4992,4.8212,40.5568,4.1973,14.9982,1.8246,0.1111,8.7076,3.5774,36.6338,2.4334,11.2365,0.008,14.3155,0.4552,6.2645,25.5042,19.8844,2.8621,0.9534,18.7513,11.1117,1.044,30.2863,5.654,12.1057,2.4654,0.0133,0.1451,0.0258,2.4765,3.8787,11.1455,0.1623,12.0385,13.4772,0.004,0.0,17.7515,3.3964,0.1771,63.7872,16.6512,10.2051,23.8572,0.9999,3.4719,49.5651,8.7411,8.7757,0.0,12.0469,5.651,5.7818,9.9055,6.3711,1.4634,0.0158,0.4065,13.8462,0.0203,11.0268,139.0311,8.704,0.0,8.5163,9.387,23.1411,0.0103,10.6072,0.0,17.9603,16.5564,61.1895,0.0118,10.3202,1.671,7.7297,1.2396,0.3244,27.8455,13.3465,0.6772,0.4256,16.417,0.2377,0.9049,0.0,0.0218,0.1456,6.739,1.3443,6.2939
TCGA-AB-2928,1.9166,25.8972,11.9604,16.496,9.5635,6.9376,5.0702,7.5412,3.1244,0.0021,7.4316,10.1258,1.4868,0.0109,7.7446,2.6005,15.2361,2.7145,8.3077,0.0034,12.233,1.093,6.6186,15.7802,14.7648,2.2695,0.8568,23.4154,7.5864,1.5809,35.7139,2.4812,7.6859,3.0465,0.0,3.5016,0.0036,3.4807,3.8398,2.6477,0.0125,7.7817,10.2583,0.0,0.027,15.8586,3.4855,4.3129,50.5446,14.2358,10.9688,28.5221,4.1877,1.2993,13.0649,4.8788,13.6383,0.0074,11.4015,5.9641,5.7957,9.1092,7.2666,5.4704,0.0399,0.18,11.9011,0.0029,10.5561,84.886,6.8113,0.0054,5.8407,5.7565,16.518,0.0145,14.9708,0.0028,12.0858,16.4908,32.1814,0.082,4.8008,4.6964,5.3622,3.0656,0.7334,19.1458,9.1888,2.3852,0.0388,14.3922,4.0875,0.0,0.0,0.0551,0.0287,3.9823,5.0193,6.1604
TCGA-AB-2886,0.9696,29.1736,14.5813,13.7014,6.8928,6.6268,8.7982,8.1547,5.8408,26.7895,4.5898,12.4871,0.9444,0.0045,6.1993,4.7228,28.5974,2.5596,8.5345,0.0,15.2925,0.3894,5.0493,14.8632,15.7627,3.0005,1.0442,16.244,11.5408,0.196,23.0944,2.4043,12.4022,2.9633,0.0,2.6257,0.0282,2.2874,2.7609,9.6112,0.0268,12.0109,11.7821,0.0053,0.0,15.3268,3.4167,0.0025,44.6391,9.4378,8.5681,20.7846,0.9655,2.2977,25.4889,5.1664,8.5883,0.0,12.0241,4.5668,4.4708,11.5306,6.7878,1.5193,0.0023,0.1596,12.9109,0.0059,9.2493,172.4932,6.5,0.0,5.8852,8.051,24.0391,0.0,19.9335,0.0,17.6491,15.6716,33.7174,0.0822,6.9639,0.5303,5.7506,1.2557,0.3771,20.4177,13.5074,1.7513,0.0476,11.247,0.2404,1.7396,0.0026,0.7345,0.0444,6.3043,1.6423,5.274
TCGA-AB-2815,1.2548,29.9377,17.1386,11.619,17.5122,6.6018,6.2399,7.2537,4.9013,0.0107,7.6687,13.0022,2.7727,0.1344,7.2244,9.3124,27.5871,1.6487,10.6945,0.0088,18.2394,4.9843,5.9561,16.0229,15.1693,3.3301,0.4391,38.8236,12.3442,0.5685,23.2591,7.3596,11.034,2.8839,0.0059,2.2265,0.0171,1.9243,6.5462,12.2978,0.0286,12.1375,14.8216,0.0018,0.0028,12.7358,3.9418,0.1305,46.0127,8.5909,17.8769,19.5213,1.9693,2.243,15.8507,5.4708,8.957,0.0,10.3387,4.0765,3.6699,9.7199,6.6647,1.977,0.0185,0.0933,16.6523,0.0536,7.0993,35.1628,5.7419,0.0,6.8834,8.3623,12.0896,0.0393,13.4155,0.0058,10.0111,11.3498,46.2058,0.0234,10.9598,0.7911,7.5954,1.5624,0.5096,19.1843,14.223,0.4039,0.0558,13.9107,0.2096,0.5152,0.0053,0.1324,0.0235,10.2364,1.8248,5.2137
TCGA-AB-2820,2.1985,25.6022,14.6523,14.5987,5.4733,11.8973,6.8721,12.6445,7.6161,0.0095,5.5762,13.2558,1.3413,0.0201,7.6013,7.389,21.9737,2.8154,9.8259,0.0958,10.7745,1.5418,5.1896,18.5318,30.5681,3.6461,1.2127,34.5526,9.3498,1.0827,15.5618,3.5964,8.5397,1.9962,0.112,0.1284,0.355,2.8512,2.1428,14.5304,0.0307,9.9093,9.3304,0.0,0.0,18.4364,3.5522,0.0075,97.7954,13.6367,9.3898,26.6472,9.2028,3.3321,9.2351,5.9682,8.5279,0.0,16.089,6.3766,7.8965,7.9853,5.9095,1.9678,0.0,0.2421,11.4931,0.0,10.412,91.0929,9.5187,0.0,3.3367,9.882,15.9529,5.6447,28.4277,0.0,14.3566,13.0922,51.5062,2.0806,7.9995,1.8028,7.0791,8.4779,0.2916,16.9768,12.6777,3.2848,0.1643,14.3283,2.6047,1.2315,0.0078,0.0735,0.0189,8.9154,3.3003,10.0659
TCGA-AB-2813,0.6882,24.6702,13.117,8.9323,16.8071,6.5686,6.1218,8.8356,3.9818,0.0097,8.1823,15.2844,3.0876,0.1103,6.4616,8.02,21.7997,1.0446,9.0737,0.002,27.2745,7.5064,6.3964,21.0385,14.9584,3.3977,1.071,26.9545,8.0489,0.2876,13.8237,9.8253,9.6372,2.5567,0.0198,0.0545,0.0192,1.7817,3.8485,17.4807,0.171,10.8067,12.1656,0.008,0.0,10.6286,2.8341,0.2909,37.7293,10.8671,21.3293,18.7009,2.194,2.5586,22.0703,3.9342,12.2649,0.0017,19.1322,0.9003,3.7833,12.9603,6.6067,1.2231,0.0339,0.19,8.9476,0.0168,3.2754,39.2764,3.7024,0.0064,9.0888,8.3896,6.3345,0.0408,8.2276,0.0,11.3504,5.9419,64.522,0.5203,8.8428,0.3316,8.1132,15.7087,0.1898,21.5388,12.1391,0.569,0.0827,8.1997,0.9104,0.1082,0.009,0.0173,0.8713,16.1305,2.1844,6.0278
TCGA-AB-2853,1.3189,38.285,15.8289,11.6318,12.3241,6.7816,7.4476,7.2634,4.4753,0.0041,7.6211,9.3301,1.4321,0.0044,7.7781,6.9629,26.1345,2.8096,15.0992,0.0253,10.9062,2.2317,6.6218,0.8877,12.3505,3.5415,0.6269,19.2355,13.1121,0.2608,18.1195,4.7649,11.3183,5.5352,0.0,0.5347,0.0127,3.3322,4.3078,10.6447,5.1708,14.8917,14.417,0.0,0.0081,22.8934,3.1779,0.0147,33.7804,6.0198,13.2855,26.5694,3.9065,2.3624,25.9588,6.9966,10.2703,0.0,9.6491,4.784,5.7468,8.5331,6.5011,1.4718,0.0,0.1149,24.2323,0.1056,8.8498,126.7616,7.1462,0.0,7.3782,11.738,10.9274,0.0029,6.3734,0.0,10.6166,18.4955,39.7037,0.0149,10.6386,0.4474,7.4975,4.9685,0.3197,20.1013,14.9189,0.1606,0.0777,13.2144,3.3771,0.1547,0.0051,0.011,0.0287,5.5281,3.6918,7.7082
TCGA-AB-2896,1.4478,34.4259,12.4769,15.3752,7.5254,6.3673,7.2002,6.3047,5.112,0.0,4.2792,10.6074,1.2985,0.0,6.9174,5.1557,16.7117,2.1056,11.1434,0.0021,11.0706,1.2815,4.162,0.8677,12.7613,2.8577,0.6142,24.299,8.0087,0.1955,25.1274,3.2675,9.5933,5.6289,0.0,0.0391,0.0068,2.9394,4.0869,7.5628,0.0136,11.4855,9.12,0.0063,0.0,16.3657,3.7881,0.0182,33.8923,3.8298,12.0804,24.4242,7.9336,1.7185,10.3459,4.9421,8.4355,0.0,8.8056,3.283,5.2226,7.4789,5.7161,1.1657,0.0027,0.0966,12.0136,0.0883,5.8524,75.162,4.6275,0.0067,4.4175,6.666,11.0831,0.0,4.5612,0.0069,9.3587,12.4251,28.3852,0.0524,5.2568,0.5645,6.5996,8.849,0.4959,19.1583,7.5132,0.9886,0.0211,10.8828,2.357,0.0068,0.0,1.3979,0.0279,5.4852,3.0929,6.1205
TCGA-AB-2865,1.4388,18.953,11.8106,14.2888,9.6851,6.2125,5.8816,6.3067,2.0773,0.0,7.3088,13.2243,3.3622,0.0219,7.0121,6.4192,12.0648,2.012,10.1548,0.0042,15.6496,3.054,4.6967,10.2828,16.4851,4.7312,1.0407,14.8734,9.6759,0.1246,13.9016,6.303,7.0648,2.1733,0.0,0.2445,0.0342,2.1706,2.8206,5.8332,2.5515,8.0729,8.0827,0.0021,0.0,12.8224,4.4812,0.0154,36.9017,4.5798,9.3243,14.8013,3.8732,1.5625,7.6391,5.1179,8.8742,0.0019,8.074,1.4912,4.248,14.3164,5.754,0.5543,0.0056,0.0854,7.9177,0.0143,12.9486,57.1464,5.8901,0.0068,5.5071,6.1292,15.5436,0.0109,7.4959,0.0,7.8493,10.5158,24.9304,0.0998,5.1579,2.0177,6.5471,13.6205,0.2247,16.9468,12.1519,3.4581,0.067,11.6955,1.1229,0.6513,0.0032,0.0207,0.0385,7.1597,2.224,4.8737
TCGA-AB-3012,1.7155,25.1998,11.7572,14.4837,11.3107,3.8851,7.6102,7.3465,3.035,0.0364,9.5263,11.832,1.3699,0.1435,4.3074,14.4629,19.856,2.0708,8.8475,0.0021,13.838,7.8801,5.5949,12.2069,13.3611,3.4661,0.6228,15.126,17.8042,0.1189,10.0598,6.3976,7.6675,6.3402,0.0354,0.3614,0.1609,2.1025,3.9977,9.1291,0.1399,12.0179,9.188,0.0151,0.0,10.7854,1.2133,2.5847,38.3664,5.8944,13.0507,20.3789,1.5856,2.8784,90.4503,5.0002,14.5237,0.0019,10.8389,6.9093,5.0272,34.1598,5.6369,7.8432,0.0477,0.1829,12.6896,0.0974,4.6471,143.5188,6.6514,0.0,5.4442,7.5008,18.1898,0.0549,7.3944,0.0035,10.3832,12.8754,31.5981,0.1069,6.2804,0.4835,8.779,4.2303,0.1599,23.7913,9.9594,2.4152,0.0154,15.3178,0.2233,0.17,0.0064,1.1132,0.0622,6.3002,3.1014,5.6214
TCGA-AB-2937,0.9772,22.8037,12.3222,16.1887,9.7938,5.3935,5.8301,8.909,3.0399,22.5373,6.6045,11.976,0.8109,0.0068,5.0438,5.5407,25.1391,2.1315,8.8501,0.0,17.5325,0.4509,4.0573,12.4386,12.7329,3.3597,0.7057,9.5738,8.341,0.2281,24.2703,3.1914,8.4364,2.7241,0.0,2.771,0.0171,2.2275,1.981,12.4211,0.036,11.7537,10.0627,0.008,0.0,9.0508,2.9859,0.0115,31.9012,8.4707,7.0377,9.3997,0.9526,2.767,20.491,6.1036,6.6428,0.0046,8.0005,3.6731,3.552,6.4647,3.3022,0.2849,0.007,0.1401,6.2952,0.0089,2.2297,108.008,4.7286,0.0085,5.596,6.821,18.7029,0.0,13.0575,0.0,7.9613,7.6229,20.2847,0.0819,7.0828,0.1106,8.1249,1.8592,0.3249,30.2113,18.4711,0.5418,0.0533,11.0632,0.1637,1.3513,0.004,0.0894,0.0289,4.4892,2.2901,2.0215
TCGA-AB-2965,1.6725,38.6542,16.683,9.464,14.819,7.8842,6.6345,7.8729,4.5595,0.0295,7.2322,10.1709,2.0413,0.1083,7.313,14.4103,27.228,2.5625,14.3016,0.8934,11.4152,4.4221,6.137,31.6847,14.9249,3.5585,0.8088,27.7844,11.8447,0.2818,22.9068,7.4681,11.7081,4.0304,0.0,0.1351,0.0261,2.4625,6.2247,23.5613,0.1061,14.2241,13.5124,0.0226,0.003,16.4142,3.3071,0.0379,40.2721,5.3089,17.7506,24.3263,3.7374,2.438,24.668,8.7388,12.221,0.0016,8.8328,3.9107,5.191,7.7953,6.3368,3.1707,0.0318,0.0923,17.3301,1.3124,7.6028,52.3111,5.9804,0.0,8.2023,10.3988,10.2926,0.0256,4.0493,0.0,8.2913,13.6602,41.189,0.0247,12.768,1.1457,7.5441,5.2838,0.4998,20.0222,13.2968,0.6738,0.0455,12.1173,2.5776,0.0041,0.0225,0.1622,0.1514,8.6206,2.5695,6.0536
TCGA-AB-2941,0.8583,12.647,10.5475,10.3892,10.6656,4.9288,7.6072,8.818,2.1495,1.5408,3.0501,14.6531,1.9235,2.2738,20.821,10.1603,9.0949,2.6233,9.2039,0.2142,18.4596,5.1919,4.4757,19.4504,9.4616,4.0347,3.4295,23.1061,7.6007,1.3808,10.888,15.7754,8.3414,1.0594,0.0195,5.3294,4.43,3.8444,5.6985,9.6637,6.5132,6.6868,14.0759,0.0017,0.0,10.4748,2.9244,0.078,29.8823,13.7638,9.9488,33.7128,6.853,2.0919,6.506,3.7257,14.9278,0.0,8.1314,3.0498,5.8414,5.8957,24.3893,13.5367,0.0132,0.4851,21.3199,0.2241,8.3816,22.4724,9.8155,0.0,15.5036,12.0487,14.1945,0.0029,7.6376,0.0028,21.6595,10.1088,26.8775,0.0495,5.7181,1.8672,9.3777,11.2044,1.257,17.7685,16.8905,15.795,63.6368,18.9036,2.1952,3.2987,0.1317,0.0439,0.0591,5.4045,3.9365,5.6855
TCGA-AB-2873,1.2961,36.6182,18.7951,8.8755,22.9423,8.5774,6.052,6.5167,3.8987,0.1645,6.8665,9.6892,4.6435,0.1802,7.4078,14.6539,38.3296,1.4914,11.4149,2.0744,41.539,4.5598,6.6418,23.699,15.035,5.1388,1.9552,18.7783,9.7458,0.534,11.2937,19.2245,7.735,2.7493,0.0149,0.1558,0.0702,1.6969,4.8486,47.3457,2.373,8.1431,8.1676,0.0045,0.0036,10.4379,7.1771,0.0588,71.1598,22.0144,20.191,17.2828,0.6272,1.848,18.3079,4.8638,13.4255,0.0,13.0734,1.718,2.8059,15.1774,7.148,9.0759,0.0354,0.8294,13.7773,0.9044,4.0407,14.307,8.2137,0.0072,8.7479,9.2272,11.9863,0.108,1.3225,0.0,8.9363,10.7671,59.0451,0.0331,7.6775,2.4133,7.6978,21.2103,0.1357,22.3253,9.3007,4.0613,0.0485,17.7586,1.4973,0.0123,0.0034,0.071,0.2401,12.6381,2.5518,5.9058
TCGA-AB-2999,1.7969,24.1196,10.1413,11.0696,8.8484,3.8678,9.2653,7.8564,5.0647,0.0126,9.9993,9.2138,1.3564,0.1198,4.5098,15.4628,23.9715,1.9963,7.1532,0.0062,9.856,6.5028,5.4229,16.4528,11.798,3.182,2.2085,32.6774,23.292,0.2684,10.3549,4.8234,11.0588,6.2881,0.0068,0.3556,0.1752,3.3497,3.7372,10.4225,0.3388,11.808,10.952,0.0042,0.0033,13.0886,1.5956,1.0618,31.1556,6.1069,15.4718,23.5277,0.7191,2.8674,53.7685,5.6066,9.1833,0.0036,11.5824,5.337,4.5909,19.0774,6.3833,8.5978,0.0216,0.45,12.8736,0.0627,4.5563,88.6887,8.1638,0.0,6.7931,8.8142,16.5431,0.0177,7.3414,0.0068,13.3444,13.0126,29.4743,0.003,10.2002,0.6526,8.3486,2.6088,0.3728,16.7965,10.0686,4.6676,0.0267,12.9808,0.725,0.1168,0.0,0.9397,0.0525,5.2249,3.8841,6.3143
TCGA-AB-2970,2.2594,33.7451,17.4836,11.6033,14.8023,6.929,8.5173,8.592,6.2513,0.0656,10.3086,10.1488,3.1339,0.2668,7.5982,6.1988,24.1327,1.9675,9.601,0.0286,13.8094,2.8128,6.7477,14.0515,19.3463,3.9136,1.5936,32.6545,14.1455,0.3903,22.6118,6.8848,14.0799,2.3322,0.006,0.7183,0.0367,2.7026,6.3528,7.7591,0.1441,14.5475,16.0476,0.0127,0.0086,16.5896,3.5086,0.0651,43.0059,5.4548,20.6928,25.6395,22.8827,2.6687,8.1216,7.4345,9.7146,0.0016,10.1567,7.1283,3.7389,7.9388,6.6557,0.9431,0.0259,0.4101,13.2607,0.2184,12.7927,47.3536,7.4319,0.0115,7.1228,9.3911,13.9452,0.0308,14.8376,0.0,13.2469,15.8822,34.4574,0.0185,10.7435,1.3861,6.7124,16.8869,0.519,21.041,11.9992,3.4871,0.0439,15.0292,2.151,0.3798,0.0027,0.5628,0.1045,6.9913,3.065,6.4142
TCGA-AB-3001,1.4763,26.2441,13.2585,17.7128,8.8462,4.1143,8.3093,7.1836,4.2029,0.0387,8.6892,11.4299,1.5923,0.1325,4.5054,14.6866,18.2881,2.1144,8.5424,0.0,17.8394,6.0245,6.0043,23.4213,17.9668,4.606,2.9179,18.7469,19.28,0.218,10.0725,5.8552,8.7961,5.1602,0.0162,0.1235,0.0946,2.5759,5.4456,13.8967,0.6891,13.0035,10.2698,0.0025,0.0,12.4627,1.644,2.1906,49.9063,7.5333,12.9767,18.692,0.453,3.9214,96.0828,4.9137,12.7939,0.0,10.223,5.0592,5.2984,29.5196,5.8754,1.9551,0.0321,0.9107,14.9239,0.0825,5.3794,128.6747,8.7769,0.0078,5.4342,9.2079,18.3849,0.0209,10.2288,0.004,9.6309,15.0286,32.9077,0.0288,6.3323,0.4224,7.9022,5.9546,0.1473,24.2312,10.154,1.3689,0.0351,15.434,2.1074,0.0133,0.0,0.0957,0.0711,7.4024,4.9794,5.9831
TCGA-AB-3002,3.0506,22.8727,13.0347,11.8013,10.9,7.9213,5.5606,6.7031,4.8496,0.0056,7.3812,11.8872,2.4479,0.0623,7.2208,4.8281,11.3183,1.898,13.8091,0.0092,15.7511,1.4435,7.8063,8.9839,19.4172,3.1616,1.0809,16.5684,6.1934,0.5135,17.0046,6.8081,6.9843,2.933,0.4456,2.6791,0.0371,9.7832,1.5101,5.71,0.166,13.8658,11.3865,0.0116,0.0623,26.5144,2.7789,0.02,45.5245,10.6365,18.9339,30.5763,23.3663,2.4516,11.3294,6.3133,14.6108,0.002,6.7719,9.2874,5.8258,8.6082,6.2455,0.7363,0.006,0.2911,13.6246,0.0039,15.4794,94.3576,6.9227,0.0,5.261,4.8238,17.0481,0.0157,1.3526,0.0076,13.5668,14.526,38.158,0.0101,5.9597,4.969,8.9996,13.989,0.0907,24.9632,10.888,0.5788,0.0198,26.0843,3.0664,0.4154,0.0035,0.0749,0.323,5.796,3.7359,6.7931
TCGA-AB-2847,1.9263,19.0476,11.6771,14.0372,7.6101,5.0199,3.6883,7.8127,3.3941,0.0068,7.7902,11.7087,2.095,0.0215,5.8675,6.7088,15.6285,2.7675,8.6063,0.0018,15.609,1.9082,4.9797,13.272,18.0251,3.4332,1.9205,14.717,9.9958,0.784,23.5335,4.47,8.8547,1.7334,0.0154,4.5439,0.0758,2.17,2.5909,5.2219,3.1621,8.6444,8.9845,0.3386,0.8845,11.848,2.7284,3.7395,34.9477,4.0278,8.4932,17.0283,2.0501,2.8786,10.9977,5.7932,9.7119,0.0,9.7173,3.7384,5.0492,9.0882,4.8103,0.7755,0.0195,0.2256,11.6758,0.0626,9.9994,27.8396,5.4898,0.0,6.3181,6.1462,12.7086,0.1715,11.2612,0.0061,9.7604,10.5392,20.4448,0.0136,3.7507,0.7057,6.7755,14.2122,0.1464,17.0934,8.4737,6.7122,0.0399,11.0122,2.4789,1.6883,0.0,0.0363,0.1168,5.5492,3.7766,5.0054
TCGA-AB-2996,2.4686,25.6965,15.5995,12.3051,12.2826,5.7777,10.263,8.7234,3.1545,0.0176,10.2713,18.917,2.6097,0.35,7.9534,9.0049,19.5604,1.8117,9.1061,0.0103,19.9205,1.2878,6.1559,32.5869,17.4978,5.1667,1.7108,17.8357,9.9584,0.3474,19.2258,10.1679,11.4011,2.6473,0.024,0.8975,0.1224,2.4014,4.5063,15.01,4.5912,9.9034,10.6898,0.0021,0.0693,13.1418,2.6802,0.03,36.0747,7.5259,15.6583,19.1817,6.6355,2.7304,23.8259,5.1125,10.8625,0.0,9.8447,3.6586,6.1894,11.0789,7.0749,0.7534,0.0244,0.5695,12.4598,0.0454,10.6247,58.7446,7.3856,0.0133,6.9988,8.078,12.7314,0.0603,7.7713,0.0102,11.619,14.9579,44.1565,0.0975,5.8669,0.8706,6.8564,4.3235,0.3654,23.9959,9.8207,3.3006,0.0476,13.7666,2.7128,0.4891,0.0062,0.8483,0.2909,9.3398,3.7323,6.8741
TCGA-AB-2988,1.0133,43.6116,14.0685,13.1611,8.8062,6.8727,7.3308,6.964,5.5257,0.0,4.8528,10.1127,1.0129,0.01,6.8668,4.0885,14.2055,2.2404,10.6621,0.0058,10.7414,0.1998,5.1132,1.0231,13.787,3.2604,0.4581,22.0189,8.0185,0.2006,23.1899,3.5475,9.8964,7.7861,0.0,0.0191,0.0125,3.3814,2.3238,10.3689,3.1713,17.139,10.0805,0.0078,0.0,18.1618,4.4526,0.0,27.0373,3.1651,10.9917,26.135,14.6731,1.8309,12.0641,5.9192,11.4447,0.0,10.7397,3.661,5.4528,8.6109,7.1201,0.3946,0.0,0.1669,14.1331,0.0163,7.9548,53.4705,7.0639,0.0,5.8417,7.7672,14.6642,0.0066,12.2815,0.0032,11.8053,15.1166,35.0855,0.0057,6.964,0.3047,6.4994,7.5126,0.5337,20.354,8.6745,0.1835,0.0361,12.9312,2.9174,0.0042,0.0029,0.0252,0.0398,6.0481,2.9322,6.7942
TCGA-AB-2892,1.8363,34.5713,17.3918,9.0267,15.9813,7.1166,6.7869,7.8448,5.7509,0.0141,5.5414,13.4783,3.0528,0.0568,6.5679,8.8933,30.0383,1.934,10.9706,0.0046,18.9043,5.3093,5.7556,12.6113,17.8104,4.3144,1.4673,27.834,14.0037,0.9703,15.7027,5.8143,10.9204,3.1673,0.023,2.1987,0.0424,1.561,8.5238,12.028,0.0752,9.6265,13.3137,0.0234,0.0,13.3166,4.3202,0.0941,44.0603,9.1706,15.0635,18.5837,2.7577,3.9258,19.4167,8.0092,13.9763,0.0061,8.8008,4.6693,3.7301,8.2805,8.0574,2.5356,0.003,0.107,17.2829,0.0626,8.9634,41.4679,8.4725,0.0297,6.1118,10.3916,14.931,0.0119,4.0836,0.0038,8.4365,13.5558,35.9319,0.1671,13.3802,0.2824,8.2921,2.2345,0.3707,20.2219,11.7111,1.3478,0.0866,14.2528,0.765,0.0353,0.0105,0.7812,0.1011,9.7379,2.986,5.4997
TCGA-AB-2917,5.1395,55.0475,29.5276,10.2669,12.5219,11.5594,10.7378,13.0259,8.4138,0.0101,17.5088,12.1967,3.3396,0.0133,11.9877,8.9031,28.8829,3.8402,13.5591,0.0803,14.4141,4.8792,8.9739,26.7376,27.1508,5.283,6.058,31.0618,16.9898,2.5237,31.9928,7.4823,16.8518,2.4374,0.0069,0.8447,0.2135,3.579,5.7741,13.1438,1.9337,14.5187,19.088,0.0021,2.4055,22.6878,2.4617,0.8576,56.7979,23.0009,19.3203,27.7985,5.2886,3.8519,10.4435,10.1362,15.0309,0.0,8.2536,8.7635,7.3759,7.0034,9.4598,0.5186,0.0027,0.7739,18.669,0.0035,16.8251,82.0437,11.2246,0.0,12.6982,8.6049,26.7823,66.3145,6.0298,0.0,13.4991,24.1909,28.3986,9.1759,7.5425,0.1968,7.4935,21.8719,0.3222,25.0797,15.9286,9.9787,0.0416,16.8723,4.5528,0.5091,0.0187,0.0742,0.0376,7.5463,5.6911,8.9931
TCGA-AB-3007,1.4223,28.8216,10.7372,15.5731,6.7577,3.2052,5.2877,10.4635,3.5184,0.0025,8.6724,11.0525,1.9573,0.0026,4.1796,11.5214,14.8929,2.2959,7.5411,0.002,14.3684,5.1014,5.944,7.6665,14.8759,3.3144,1.3391,11.0873,11.896,0.2141,17.5176,4.7581,7.4439,5.7658,0.0,0.0717,0.0219,2.1907,4.7723,3.9386,0.2039,10.984,10.2204,0.0,0.0,11.9496,2.5982,8.0202,24.526,3.1909,10.2462,20.5617,1.4756,3.7754,92.852,5.1709,12.9591,0.0018,12.6196,7.9217,5.4294,38.5364,5.5155,2.7399,0.0027,0.4674,12.6522,0.0069,6.695,112.9482,5.2261,0.0,6.6851,8.6792,19.0732,0.0245,9.6954,0.0,10.5705,12.319,30.035,0.003,11.2061,0.9588,6.4687,6.8766,0.4154,17.7587,7.0645,1.0162,0.041,13.1377,0.2423,0.1311,0.0,0.0355,0.0124,5.6773,4.8954,6.378
TCGA-AB-2843,0.8335,16.825,10.9157,15.0928,6.9726,5.6364,6.0308,5.4503,4.7887,0.0875,8.127,10.0811,2.2679,0.0186,6.036,7.3741,16.5203,1.4519,8.3533,0.0286,14.933,3.7215,4.4404,8.7757,17.601,4.0178,1.5087,17.5988,8.1036,1.2642,20.0032,7.9491,8.6281,1.8431,0.5052,0.0221,0.0866,1.7547,1.6188,10.9866,0.602,5.9489,8.5098,0.0,0.0367,10.0471,2.386,0.0334,31.8124,2.9623,9.446,18.0915,9.9107,2.3368,7.6891,4.6911,8.0441,0.0025,7.1219,0.3757,5.4346,9.5679,4.461,1.0468,0.0,0.456,9.0405,0.0049,7.2602,38.5819,5.7864,0.0,4.7645,7.3992,11.0253,0.0591,11.0686,0.0,8.5735,11.6284,22.5091,0.9056,4.2064,0.2472,7.1841,10.9716,0.1135,16.359,8.8724,5.3065,0.0454,10.2241,1.8302,3.3201,0.0043,0.322,0.2962,5.0061,1.5063,5.8119
TCGA-AB-2992,1.1591,30.6271,16.6518,13.8137,12.282,5.4346,8.0545,7.1402,4.7738,0.0904,9.4994,15.8881,1.6421,0.3416,6.3776,8.4136,21.2053,1.681,8.6541,0.0,25.9011,5.3607,5.2889,26.655,14.4569,3.5869,1.9277,19.0396,8.2096,0.5553,17.0812,10.99,11.4028,2.3974,0.0462,0.6779,0.1473,1.8961,3.8138,21.7456,0.516,9.9636,9.9771,0.0023,0.0074,12.5761,3.555,0.2187,38.8915,13.4496,16.5112,17.1918,2.586,3.2333,25.364,5.2111,10.3472,0.002,16.2372,2.4522,3.8616,14.1732,8.0315,3.9775,0.0487,0.9523,12.8757,0.1684,6.9759,43.0908,6.5094,0.0,9.0198,7.427,16.5828,0.8309,1.6722,0.0077,12.4879,12.7668,37.2351,0.6216,8.0819,1.6971,7.3297,10.0716,0.5208,17.1918,7.1766,3.0336,0.0533,12.8123,1.4,0.0076,0.0,0.159,0.3403,15.6119,3.3505,6.0874
TCGA-AB-2825,0.8813,36.2079,18.5293,12.888,12.6304,7.2381,5.7127,6.3962,3.7252,0.0025,8.5275,12.3785,3.2617,0.008,7.5286,11.7501,34.8092,2.1172,11.2947,0.9469,21.1407,4.5872,5.9802,2.3229,12.4097,4.0897,0.5331,39.6629,9.4796,0.29,9.7882,7.055,8.4294,3.5833,0.0034,0.034,0.0288,2.3107,5.0568,51.7801,0.0541,8.9126,8.9646,0.0021,0.0,12.7543,7.8868,0.0179,52.5924,11.6358,15.4368,14.5029,2.1849,2.2839,16.5366,3.7345,10.1988,0.0,13.2634,2.3886,4.7429,10.702,6.0886,3.4066,0.0,0.0865,16.2767,0.3759,4.8842,19.2994,5.8862,0.0,7.365,9.0216,10.303,0.0071,2.7811,0.0,9.4799,8.7849,54.1683,0.003,7.5629,1.1018,6.88,7.6387,0.1671,28.9476,9.6168,0.5819,0.0356,13.6114,1.4841,0.0315,0.0031,0.148,0.2824,9.9249,1.8483,5.9145
TCGA-AB-2939,1.8411,41.9981,14.9162,13.3128,12.8964,7.9084,4.927,8.5124,6.55,0.0065,8.1724,13.9518,0.9805,0.0463,8.6095,9.9362,27.7842,2.3338,9.8072,0.0856,16.3483,0.2067,5.9324,25.8419,16.4003,4.1064,0.5342,16.3536,12.3991,0.1354,30.1534,3.819,9.1281,2.1874,0.0327,0.059,0.0366,2.061,3.9525,5.456,0.4078,14.6177,8.4875,0.5169,0.0029,15.9828,1.5301,3.2316,42.7439,8.2016,12.4835,20.039,10.7602,2.5935,22.4482,4.4142,13.9323,0.0,12.4165,4.0632,5.4203,9.0392,5.5359,0.7442,0.0188,0.3337,16.6584,0.0091,11.8197,157.9381,4.2299,0.0,5.8401,7.523,14.1199,12.2193,12.745,0.0059,11.5707,15.8636,25.4875,0.0475,8.5215,0.0837,6.9621,6.7916,0.402,24.0111,8.8694,4.722,0.0386,8.2202,3.3144,0.0761,0.1269,0.263,0.0543,6.6408,3.1378,5.0367
TCGA-AB-2866,0.9577,18.7778,12.2915,12.2659,7.8032,4.8209,5.1764,6.2544,5.3163,0.0024,6.7983,13.1613,2.474,0.0103,4.3938,9.8676,13.7877,1.4661,8.353,0.6766,15.0883,3.387,4.5623,11.041,9.7045,4.168,1.2108,17.9669,7.3822,0.759,12.9645,5.2808,7.176,2.5084,0.0,0.1119,0.0129,1.8522,4.5395,8.8314,0.0542,6.9549,7.6736,0.004,0.0032,10.7749,3.367,0.0232,37.351,14.2522,11.4048,14.6311,0.9585,1.9828,11.7211,4.211,9.7817,0.0244,12.7559,3.526,3.502,11.9031,4.8417,2.5227,0.0,0.1073,10.1555,0.0303,5.4048,27.0808,5.2782,0.0128,4.7964,5.7485,6.5027,0.0137,4.2125,0.0033,6.9763,7.2142,42.2516,0.0147,7.2511,1.7746,8.1078,6.4686,0.2657,17.1233,6.2048,0.6184,0.0373,9.9531,1.4425,0.0087,0.003,0.0152,0.0508,8.6058,1.6518,4.5568
TCGA-AB-2948,0.7861,24.133,14.5889,11.7505,13.5313,5.2836,5.9477,6.2687,5.554,0.0208,8.1458,9.9456,2.4064,0.054,5.6817,6.4861,19.3597,1.7801,8.2945,0.1343,20.563,4.0785,4.9848,16.2521,10.8677,4.2487,1.0639,16.941,6.5978,0.662,14.8803,9.6489,8.2643,1.5724,0.0077,0.2723,0.0117,2.5121,4.8241,16.2568,0.618,7.3186,9.2105,0.0,0.1385,12.6178,3.1552,0.0584,36.4226,13.0922,18.9386,17.2544,2.2518,1.5946,14.2811,3.4437,8.6294,0.0014,12.7621,2.988,2.951,12.4562,6.9739,3.467,0.0163,1.3162,12.2721,2.9926,8.2764,22.2113,6.0438,0.0,5.6433,6.9674,9.4322,0.0956,5.6995,0.0051,9.2687,10.0482,40.7385,0.0114,8.7471,1.5915,7.2741,10.4439,0.1868,19.6557,8.8122,0.7743,0.0356,10.5792,2.8125,0.0118,0.021,0.0287,0.0526,13.3845,2.434,5.5363
TCGA-AB-2828,1.1281,30.9053,18.4869,9.9529,23.6465,5.6178,6.5524,7.7935,4.9532,0.0258,7.6888,14.4614,2.699,0.0473,7.5395,7.9896,32.9141,1.7741,10.1654,0.0173,23.2691,5.3836,5.5969,19.89,17.9641,2.9892,0.5821,33.1026,12.5399,0.5662,19.5852,9.6849,13.2351,1.5619,0.0032,0.0508,0.0332,2.0885,4.5903,18.229,0.046,11.4689,13.902,0.0019,0.0092,14.5453,6.1821,0.0224,47.469,7.7835,20.5731,19.2797,3.3069,1.9824,17.2566,6.329,11.105,0.0051,8.9866,3.8454,3.8686,11.3376,6.8987,1.3957,0.0025,0.0663,12.5632,0.0813,8.1745,31.1118,7.9981,0.0,7.6159,8.8416,11.254,0.0165,8.677,0.0032,10.9916,10.8278,50.4571,0.0369,12.4048,2.3985,7.3297,4.4821,0.4204,21.0684,13.6706,1.3621,0.0221,13.6282,0.0641,0.0126,0.0029,0.1027,0.0887,10.578,1.5142,5.3902
TCGA-AB-2943,1.2309,21.916,8.4451,12.2807,6.6495,6.8382,7.4282,8.6873,8.9549,0.0206,7.2568,10.7029,0.67,0.0853,7.2595,7.1823,12.366,2.1628,7.9105,0.0051,9.0453,2.7506,5.2486,34.8287,27.4163,3.1018,4.2468,24.9203,11.2134,1.0472,20.7075,12.0713,9.5011,1.6381,0.1657,0.1247,0.2843,2.8872,2.5834,9.2213,0.9263,12.1347,10.0682,0.0034,0.0081,16.4287,1.6638,0.0344,47.3381,7.5913,10.0162,27.0826,4.6146,1.7003,8.1146,4.3859,9.4566,0.0015,11.07,3.2089,4.643,6.9769,4.5689,1.7522,0.02,1.436,8.2089,0.0515,11.3341,87.559,7.5304,0.0,5.4277,9.467,14.3761,0.1364,10.4106,0.0224,12.4564,12.2883,37.8043,0.7182,4.2571,2.8062,7.163,7.3113,0.6759,16.6229,12.4458,4.4904,0.1071,9.7549,3.6579,0.0812,0.0102,0.1492,0.1417,7.7698,6.6527,10.663
TCGA-AB-2888,0.9174,32.9362,18.0517,10.0807,19.6791,5.4377,6.2053,6.6411,6.7486,0.002,9.6312,17.2477,2.0779,0.0174,7.1944,10.6603,21.5407,1.4646,8.9952,0.0067,21.6363,6.0727,5.8494,20.0815,13.3857,3.1769,2.7942,38.6832,12.0918,0.3792,9.3176,12.1775,9.7296,2.6091,0.0585,0.0314,0.0723,1.2724,4.6671,12.5921,0.1031,14.7904,9.054,0.0,0.0027,12.7926,5.2421,0.0293,45.6693,11.1264,23.5042,16.1286,2.8181,1.5222,11.6431,4.1618,9.6295,0.0015,14.0908,1.6406,3.6585,11.8588,8.0242,0.988,0.0044,0.1396,13.5378,0.0,6.4527,17.8518,10.0427,0.0054,7.5192,7.7125,13.6916,0.0029,5.2054,0.0083,12.8796,8.4212,77.9663,0.0025,11.5307,0.8293,8.8169,5.4173,0.1816,19.5108,12.9589,2.0399,0.0507,14.459,0.9222,0.0568,0.0076,0.488,0.0856,13.4229,2.9171,5.5033
TCGA-AB-2819,0.9727,26.6687,11.0036,9.0661,12.2441,6.8478,5.5517,7.848,5.3165,34.6553,4.5596,11.9432,1.6791,0.1491,6.8533,3.6548,28.2621,2.3153,11.6571,0.0035,10.3755,0.945,4.3856,13.5175,11.9686,2.2225,0.874,14.613,8.3697,0.3767,25.0857,3.0203,9.7002,1.7652,0.0177,1.4598,0.0115,3.5263,3.8703,7.4544,0.1132,10.1521,13.702,0.0018,0.0028,17.2814,3.988,0.1082,37.1299,4.4967,9.0401,28.4417,1.6118,2.3307,31.7244,8.6893,10.0734,0.0016,7.4744,7.629,5.486,6.9063,4.4836,2.7086,0.014,0.1193,15.1738,0.033,10.3392,114.8194,4.8755,0.0057,5.4576,7.799,10.9344,0.0091,9.5022,0.0029,10.7628,12.5556,36.55,0.0209,8.1381,1.4138,8.0132,2.1573,0.1625,18.3949,12.5078,1.0234,0.0128,11.0732,0.2828,0.0871,0.0107,0.0135,0.0797,5.7338,2.4201,5.4023
TCGA-AB-3008,2.8598,21.6565,10.2363,18.6433,6.7385,6.1303,6.4139,6.4721,4.5434,0.0241,5.2864,12.7938,1.7749,0.1324,5.9073,6.9932,50.3546,2.4913,10.2043,0.0018,13.9961,1.2105,4.8779,3.8208,17.0978,2.9586,0.918,27.6071,15.363,0.0453,20.7338,5.1843,9.2609,2.5211,0.0119,0.2845,0.1838,2.496,3.9029,4.844,0.4202,9.2085,11.0305,0.0109,0.0,14.915,2.8688,0.0626,39.4167,5.3017,9.4976,24.5244,1.3268,2.2652,7.2261,4.8968,6.9673,0.0,8.4849,3.396,3.8147,8.2199,3.8123,0.2369,0.0236,0.3941,10.4403,0.0668,11.1483,182.1782,5.6621,0.0,5.2152,6.5708,10.4735,0.0894,6.447,0.0,9.649,11.6029,13.3879,0.0291,4.4294,0.4401,8.016,11.4348,0.1794,22.6282,10.4673,0.8211,0.0129,12.2253,0.094,0.0216,0.0027,0.088,0.0829,5.2594,2.6959,4.7476
TCGA-AB-2871,1.918,31.3785,13.8979,19.443,7.3146,5.7572,7.852,6.9311,7.7077,0.0026,6.806,11.4055,1.5311,0.0465,6.2695,8.5514,16.8976,2.544,9.3096,0.0063,14.1262,1.6929,5.4345,9.1961,18.0628,4.3482,6.6237,19.0659,8.3489,0.5584,17.1499,4.1652,8.9686,2.4372,0.0,0.2235,0.0707,2.6018,3.6447,16.7078,0.3514,10.5936,9.8379,0.015,0.0304,17.2593,3.2965,0.0922,37.7929,4.9835,11.0884,18.2807,4.7477,2.1854,9.8183,5.2403,9.7422,0.0,11.196,3.5673,4.5328,9.9242,6.8439,3.373,0.0028,0.4554,12.7897,0.0,8.9439,69.394,7.9158,0.0,5.4689,8.3696,17.4631,0.0036,9.0919,0.007,11.3969,15.0274,33.6143,0.053,4.3009,1.1894,5.7139,6.2269,0.4141,21.0113,10.5041,4.0746,0.067,14.0619,4.0233,0.03,0.016,0.1084,0.0848,4.9335,6.3902,7.0916
TCGA-AB-2919,1.6358,30.1021,11.2753,17.6313,7.722,5.1297,9.8329,5.8515,5.8178,0.002,8.0015,11.8777,0.6836,0.0043,5.0241,5.4237,16.1547,2.3669,8.4433,0.005,15.3834,2.3785,5.7167,5.3014,12.8329,2.8171,0.787,15.8093,10.8027,2.5993,20.8856,1.809,10.3693,3.9901,0.0,0.0328,0.0107,3.3417,3.6937,7.3825,0.067,11.6808,10.5896,0.0,0.0,16.2908,2.2423,0.5052,35.566,4.1152,11.6657,23.0632,2.4608,2.901,13.788,4.7893,10.6543,0.0029,9.7938,3.0832,5.0313,9.2037,6.4292,6.1046,0.0044,0.2701,12.0924,0.1204,8.8588,88.5449,5.6466,0.0,5.2528,6.8628,14.9605,0.0057,1.2955,0.0,10.8242,13.9692,23.5073,2.4392,5.3385,0.1039,5.2261,2.4908,0.6963,16.4284,6.8808,5.1445,0.0524,10.851,0.0946,0.0108,0.0025,0.7649,0.0804,4.5724,3.9975,4.2581
TCGA-AB-2805,1.9478,38.2866,24.118,9.5688,15.3314,10.2719,7.7164,10.7045,8.7828,0.002,12.0153,24.8326,3.3885,0.0173,9.6658,8.152,27.8261,2.6744,11.488,0.0633,16.6857,8.2944,7.5243,18.6114,20.1919,4.4807,0.9791,26.9905,14.1242,0.7806,19.4432,6.0354,13.4479,2.9976,0.0,0.2313,0.0342,3.395,5.4202,9.4966,0.0365,13.7003,13.6844,0.0034,0.0027,15.9368,4.4481,0.017,53.2326,16.0623,24.6962,16.7088,11.2359,2.4539,11.5915,6.8742,13.0426,0.0,11.4161,3.1875,4.9821,12.4617,8.6865,0.3755,0.0022,0.1361,12.0762,0.0,12.9039,67.021,11.5757,0.0054,8.5123,10.6813,12.9913,0.0115,1.0428,0.0,13.4761,13.82,68.9422,0.3346,10.6248,0.6433,8.0008,19.4192,0.9413,24.1836,19.03,0.8447,0.0768,17.7617,0.9767,2.1342,0.0076,0.2309,0.0344,11.1455,3.175,6.5191
TCGA-AB-2976,2.5528,36.6393,15.0903,12.6099,9.0737,7.4164,7.717,9.2079,3.5392,0.0194,6.1321,10.3218,1.4729,0.0026,6.3603,8.8042,17.5934,2.9196,11.6013,0.0119,11.3178,1.1183,6.0498,0.8889,14.8512,4.3381,0.8507,16.0721,10.5564,0.2816,26.0677,4.0028,10.9614,11.3053,0.0099,0.0415,0.0192,1.9358,6.5565,14.6092,0.0498,14.7844,11.5483,0.012,0.0,17.554,3.7061,0.0375,34.4936,5.4652,10.9266,23.0803,10.867,3.5825,26.0277,9.4273,11.0216,0.0035,10.1548,3.8997,6.0091,7.6033,10.001,1.4168,0.0,0.0984,13.3463,0.2751,6.1657,82.5452,5.6637,0.0,6.4272,8.9744,13.4619,0.0034,6.7192,0.0033,8.583,18.1283,26.4983,0.0234,7.6618,0.2307,6.657,14.2343,0.8013,21.0785,10.9077,1.2392,0.0743,11.8609,3.8528,0.0022,0.0,0.2162,0.0458,5.2164,3.6598,5.9117
TCGA-AB-2814,3.2344,38.8228,14.618,12.6662,9.2293,8.5269,10.4671,8.7613,8.3052,0.0024,11.1855,11.489,2.7113,0.0151,6.4458,8.746,27.6349,3.0629,11.0327,0.0272,12.041,4.1165,7.1593,2.3093,24.7289,3.3336,1.1518,31.2397,12.6724,0.1474,15.934,2.5205,11.5113,2.9342,0.0032,0.7153,0.0147,4.5461,4.6625,12.4064,0.341,20.3496,16.1695,0.0039,0.0062,23.8333,2.4987,0.0481,70.7037,10.0499,19.534,20.6887,3.7854,2.345,12.1749,6.8402,10.2198,0.0017,11.36,4.3229,6.2631,6.9643,6.6252,4.5398,0.0026,0.2848,20.4491,0.0,14.3031,131.1764,8.6602,0.0,7.3843,11.0093,21.8569,0.0367,4.9186,1.1238,16.7592,17.6015,28.0471,0.0,10.5465,1.3627,5.9822,10.8409,0.9766,17.4427,13.4939,0.3341,0.2157,15.8471,5.123,0.0765,0.0,0.0042,0.0236,6.4372,6.2099,6.7811
TCGA-AB-2821,2.9317,32.0679,15.6661,15.3513,9.4077,7.6072,9.7577,8.9599,6.5715,0.0374,10.0251,19.9879,1.6271,0.2616,6.581,8.3283,17.6862,2.8919,11.3233,0.0102,20.2529,2.607,6.0561,18.6826,21.1272,4.2957,2.2608,25.319,9.3445,0.3565,16.5308,6.9404,8.894,4.532,0.2103,1.5373,0.1123,2.341,4.9895,15.2651,0.6162,11.476,10.8058,0.0103,0.0065,17.9411,6.4142,0.0416,43.2702,11.1037,16.2876,22.9057,3.6961,2.4155,17.8472,4.9763,15.1907,0.0,9.3358,7.0986,6.3846,12.0512,7.8887,4.8276,0.1101,0.4362,17.6578,0.0311,8.2226,51.0429,6.6104,0.0066,6.9461,6.7404,15.8316,0.1788,6.1572,0.0,9.5013,14.2408,42.2823,0.0813,8.0476,4.0185,6.3921,7.7492,0.1403,20.926,9.3819,5.4449,0.0823,16.9114,3.9617,0.4838,0.0093,1.0905,0.2108,9.9049,4.9746,6.922
TCGA-AB-2916,2.8334,32.8577,24.1443,8.8664,25.0928,8.8668,7.7795,9.061,8.0733,0.0066,14.3857,20.2132,3.8529,0.0764,10.179,14.0309,27.4761,1.8672,11.5492,0.0214,23.05,10.0528,6.7322,35.4299,20.7277,4.4932,5.5385,37.4378,9.7439,0.7398,8.6848,15.558,13.0826,2.2808,0.0,0.065,0.1042,2.1626,7.702,13.7595,6.4482,9.1077,11.8696,0.0081,0.0086,14.4934,3.2411,0.0117,46.0115,11.5393,27.0214,12.5339,6.7906,2.5727,21.1784,10.3828,14.0591,0.0047,13.2246,2.839,4.3845,12.3994,12.7427,2.5248,0.0071,0.3252,15.8475,0.0045,14.678,34.9407,11.8086,0.0086,7.9036,8.5748,14.8689,0.0323,6.2167,0.0044,11.7204,15.9396,111.6392,0.0436,11.4002,2.4373,7.547,26.4589,0.2684,22.5204,16.8382,3.467,0.0464,18.4449,1.6297,0.3752,0.0,0.1083,0.0391,14.6547,5.4382,9.3788
TCGA-AB-2806,1.8764,37.0741,18.6123,11.6296,11.6908,8.675,9.8522,8.7659,7.1168,38.1395,6.879,15.4231,1.408,0.0102,6.4649,3.4297,53.5578,3.0056,12.016,0.0032,15.1257,0.1788,6.4182,8.9288,18.3289,2.9543,0.8299,23.9917,13.9416,1.2387,41.2611,3.3203,11.9241,2.7237,0.0026,0.0313,0.0051,4.1689,3.8921,4.8641,0.3177,24.9104,16.8576,0.0016,0.0025,19.9117,3.8331,2.3895,64.1656,11.1673,14.1522,25.7096,0.2462,2.3515,35.3706,6.5418,11.6692,0.0,10.6008,8.2253,6.1866,10.8606,7.8829,2.7861,0.0,0.1556,19.7026,0.0,4.8439,273.3735,7.5989,0.0,7.2732,11.5554,15.7748,0.0054,11.839,0.0078,20.0682,17.7332,34.1247,0.007,15.7089,0.66,6.9476,1.2311,0.5794,24.5299,19.2844,0.5292,0.0501,16.7401,2.7622,0.1001,0.0024,0.1499,0.0979,5.9553,2.7891,6.51
TCGA-AB-2977,1.2567,11.3387,4.7723,9.5236,6.0922,3.1023,2.8864,3.1502,3.0465,0.0,5.6378,6.8434,0.7386,0.0,2.3229,2.8469,12.3124,1.1246,7.6801,0.0108,9.0038,0.7315,3.5854,3.7892,5.0816,2.0714,0.7019,7.8203,6.9659,0.1988,5.5861,2.2882,5.0962,3.6218,0.0,0.2487,0.0023,1.7571,2.1468,5.7562,0.0135,8.3917,4.4327,0.0088,0.0,5.1526,1.3586,0.1768,25.9042,8.0004,6.1552,8.5624,0.7111,1.6992,8.8147,3.9151,3.8595,0.0038,6.4181,2.687,1.9867,3.7463,2.8462,0.8433,0.0,0.0731,6.031,0.1066,3.799,29.8174,4.5622,0.0,2.4286,4.2083,1.4265,0.0,0.2381,0.0,4.4494,5.1399,24.3809,0.0096,4.7958,0.1381,8.6466,3.4764,0.19,10.3769,6.1138,0.5799,0.0657,5.6683,1.479,0.0451,0.0033,0.0497,0.0528,3.9347,1.5298,1.4592
TCGA-AB-2995,6.5654,23.6278,15.8107,15.7387,7.9126,7.7075,11.1133,15.511,5.8195,0.0158,9.0158,11.4467,1.5734,2.2792,7.3492,6.8709,14.2566,2.6139,8.5345,0.0166,15.5041,4.0803,5.781,25.6492,18.8244,4.7565,4.9876,16.8968,12.7514,1.6159,23.0156,7.0473,10.0896,1.9242,0.4658,2.3831,0.2008,2.6014,4.8657,14.6141,3.4501,10.3781,9.9764,0.0075,1.584,14.3724,2.6165,0.713,50.8806,4.151,9.0324,19.3602,5.0649,3.1017,6.3586,4.9653,8.9728,0.0,10.5014,3.9512,5.7519,9.5437,6.7076,1.5537,0.0509,1.4844,15.7931,0.0374,11.1719,80.0258,6.8177,0.0,6.3735,6.7862,20.8744,0.0538,15.4059,0.0305,10.7386,15.8894,21.9118,6.4177,3.6326,1.2499,6.3544,13.7611,0.3802,21.1237,9.036,7.2276,0.563,14.1831,4.0655,0.3182,0.0167,1.4472,0.3136,4.5836,5.9272,6.8224
TCGA-AB-2835,0.5117,26.4922,11.9478,12.8974,11.3231,5.7919,3.1593,4.8016,3.3496,0.0064,4.777,12.1383,1.7597,0.063,6.5549,10.1337,19.9768,1.4825,11.6378,1.3076,16.7627,5.2329,5.0398,2.0426,8.0214,3.7724,0.238,19.0581,4.8729,0.2232,10.5105,7.4994,6.385,1.9395,0.0058,0.0479,0.0038,3.529,2.7056,29.8781,0.0319,8.4186,8.3066,0.0053,0.0,11.1148,3.19,0.0152,48.8486,7.9943,13.5922,20.2337,1.0679,1.6193,17.7884,3.7216,10.6959,0.0,9.8905,1.4541,2.7856,8.3809,4.2067,4.6677,0.0091,0.1039,10.3539,1.1122,3.327,34.7304,5.2908,0.0,5.1588,5.5555,7.2107,0.009,2.3707,0.0,8.7232,7.2475,39.9451,0.0334,7.0985,0.3595,8.8707,3.2046,0.0906,15.3258,8.1129,0.2435,0.0025,10.4094,1.2215,0.0114,0.0026,0.0417,0.1817,8.5884,1.0129,4.2087
TCGA-AB-2963,0.9453,31.1448,15.2277,10.7239,13.8395,6.8236,5.533,5.4524,5.043,0.0019,7.4049,9.5912,1.3604,0.0262,7.55,7.4384,22.4342,3.0798,13.3352,0.0093,12.7301,3.3717,6.2957,1.4278,10.6144,3.289,0.4936,13.895,11.5476,0.8944,16.6999,6.0929,10.7324,3.1688,0.0,0.2129,0.0084,3.5046,4.4158,25.8886,0.1231,11.8062,12.6073,0.0016,0.0025,20.4603,3.4493,0.0567,38.3662,6.3779,13.1508,23.9673,2.2922,2.6683,30.6941,6.7151,10.6808,0.0014,8.7328,4.6647,5.3125,8.5216,5.4936,1.6491,0.0021,0.2323,21.0261,0.3458,8.7059,80.7455,5.7573,0.005,7.2088,9.8383,8.723,0.0054,4.8494,0.0077,9.2807,13.9937,33.2676,0.0046,10.6908,0.1932,7.4622,8.8111,0.2047,17.3836,12.3771,0.3895,0.0786,12.2069,1.8088,0.1261,0.0047,0.0187,0.072,8.9782,2.6829,7.0265
TCGA-AB-2935,1.2303,24.9743,10.1892,13.8068,10.4531,9.5819,5.4569,7.5707,6.2142,0.0093,4.7623,12.8059,3.129,0.0569,6.3668,8.0581,20.144,2.4118,7.9945,0.0172,15.4613,5.0429,6.6473,20.3918,12.136,4.3472,3.4236,16.7264,9.5236,1.1813,22.7045,20.1027,8.5994,3.0274,2.0027,1.0529,0.1506,3.6581,4.6971,13.8846,1.9132,8.2402,8.081,0.3599,0.0551,14.9105,2.967,0.1224,41.4972,10.4349,13.5423,19.973,3.6041,3.2449,22.0173,3.344,11.0634,0.0,14.7417,4.4302,4.0091,6.0815,5.9062,1.7827,0.0277,0.2462,14.5874,0.0647,9.7112,39.1791,8.1953,0.0,7.15,7.4445,18.0639,0.1347,18.1495,0.0222,13.6117,13.0296,34.4737,0.3415,9.1085,0.9894,7.58,6.8861,0.1514,17.1156,8.3722,5.1709,0.1846,9.3518,2.8512,0.2966,0.3672,0.2106,1.8941,9.099,3.9304,6.9973
TCGA-AB-2845,1.9468,30.0605,10.6312,14.4706,7.9565,5.4901,7.0446,6.4891,5.7908,0.0021,6.7792,17.0775,1.2258,0.035,5.5336,6.3112,21.8229,1.711,8.3519,0.0034,14.0775,0.8956,4.7272,7.8871,12.7779,2.8023,0.9094,25.4289,11.4712,0.1456,19.8564,3.3919,10.7601,2.8916,0.0084,1.2731,0.0218,2.9519,3.8117,4.5906,0.1183,10.2063,10.8814,0.0222,0.0,14.7252,3.8067,0.0687,36.9923,5.9871,12.9239,24.4503,5.5756,1.6216,12.4185,3.9719,7.9058,0.0015,11.4611,4.2239,3.8659,7.6538,4.6737,0.9128,0.0067,0.213,13.4891,0.0086,7.996,95.8644,5.6407,0.0054,4.8405,7.4692,11.4288,0.1624,1.6799,0.0028,11.8749,12.9445,20.2778,0.0125,8.9378,0.2416,7.6385,11.8241,0.2286,17.3551,9.4378,0.9356,0.0462,11.1441,0.1648,0.0111,0.0051,0.4785,0.1087,6.4034,2.7377,5.3807
TCGA-AB-2839,3.1028,43.7406,17.4203,12.8395,11.1287,8.7496,9.8668,9.7997,4.7218,0.0,7.6953,10.2762,1.8928,0.0141,8.2029,6.3996,30.1256,2.901,15.3812,0.0022,15.2995,0.3356,6.1909,3.8296,20.5212,4.3253,1.0642,30.4473,15.6345,0.9933,21.9833,3.8925,11.0987,3.4836,0.0,0.0048,0.0047,3.3457,3.6621,8.3983,0.0135,15.0484,15.1459,0.0022,0.0035,21.3976,3.631,0.0063,46.6779,4.0827,16.3232,24.4249,3.5716,3.7477,15.3421,9.9527,12.6739,0.0,8.7737,6.1609,6.1943,7.1693,7.5607,0.3907,0.0057,0.1409,12.875,0.0147,11.9393,151.5563,8.5804,0.0,7.1048,8.5921,19.4901,0.0112,9.4051,0.0,11.5264,21.1609,31.9779,0.0064,6.0811,0.0455,6.884,7.3516,0.3852,17.0764,11.7291,1.4098,0.0564,15.4505,2.7299,0.0071,0.0066,0.2751,0.037,4.8772,4.1452,7.3032
TCGA-AB-2936,3.2113,26.4125,17.0574,17.5102,6.1845,8.0965,10.4719,8.1992,7.9239,0.0111,11.6305,11.3177,2.1677,0.0094,8.3397,9.248,20.8944,2.4589,9.1824,0.0018,12.9775,3.4293,6.7338,20.4404,24.1706,4.2124,3.4474,20.6253,10.5235,0.8174,18.6864,11.9057,11.0744,2.8701,0.0393,0.1703,0.0981,2.4212,2.6693,6.1428,0.8327,12.1238,12.3308,0.0018,0.0146,18.1368,1.6514,0.0212,44.8053,12.6429,14.3709,19.9799,9.8893,2.6281,8.353,6.1925,9.992,0.0,11.2268,4.064,4.4747,13.4361,7.2994,1.6745,0.0048,1.4297,11.2554,0.0154,12.203,101.9523,11.9202,0.0,7.8504,7.6907,23.133,0.0031,1.6827,0.6716,13.8516,18.7734,43.7809,0.0268,5.5723,4.1451,6.8896,21.1522,0.5913,22.2955,13.0379,5.436,0.0839,17.5223,3.0588,5.6455,0.0,0.847,0.0774,6.2054,6.0598,7.9903
TCGA-AB-2859,1.5135,33.1113,15.6218,15.3555,7.3882,5.203,7.7508,6.9757,6.5078,0.0024,6.4006,10.4857,1.6047,0.0674,6.0077,6.9511,16.9274,2.2519,10.5238,0.0019,10.7531,1.662,6.514,4.7753,16.283,3.5024,3.0347,19.6048,12.5083,0.5029,12.2331,4.8823,10.43,4.0285,0.0032,0.0785,0.0291,2.6294,3.938,15.3803,0.1727,11.6434,10.6119,0.0019,0.0093,18.2967,2.5155,0.0589,36.4999,6.8946,10.8849,18.2449,4.6017,2.6652,22.742,5.4069,9.4886,0.0017,11.929,4.1121,4.6031,9.6865,6.075,1.6411,0.0,0.2173,16.7131,0.0196,8.2998,65.3589,9.0489,0.0,6.4743,8.8882,13.6652,0.0166,7.5776,0.0032,10.2166,13.9756,34.6309,0.0057,5.3812,1.1196,7.031,10.1202,0.2851,21.6843,11.4985,4.0952,0.0694,13.6957,3.8142,0.0126,0.0087,0.1009,0.1241,6.0796,4.8988,7.5805
TCGA-AB-2979,1.0164,17.9307,7.4301,20.3898,6.2678,4.6574,5.1393,3.7364,3.776,0.0081,4.1796,14.3148,0.8596,0.0278,4.2576,5.9567,21.9394,1.4036,6.5385,0.0017,17.2261,2.0435,3.505,4.8381,10.0192,2.5966,0.5492,19.81,7.9607,0.0801,16.1817,5.0494,6.8166,1.718,0.0055,0.9618,0.0071,1.7868,2.0599,2.7055,0.115,8.0458,5.6905,0.0017,0.0,11.774,2.5516,0.0216,42.345,6.4996,7.3145,15.2782,1.9965,2.0784,10.3679,1.9762,4.1238,0.0,10.7297,2.5422,2.6537,8.5894,2.8579,0.2827,0.0065,0.4928,6.7245,0.0084,4.3495,121.4651,3.4137,0.0,2.339,4.6185,7.1926,0.0057,6.4695,0.0,8.3512,7.7755,13.3042,0.0439,4.4055,0.1108,6.4435,10.5833,0.1827,18.2479,7.1761,0.7833,0.0095,8.2275,0.134,0.0181,0.0,0.3409,0.0181,4.5171,1.7545,3.2694
TCGA-HT-7691,0.1871,9.5043,9.5003,4.3956,69.3937,0.7968,1.6458,1.1457,1.082,0.8103,3.3302,4.3632,2.6984,12.092,2.4841,1.9331,8.2478,3.3433,9.4305,0.0187,1.8281,4.2976,9.3139,22.4389,2.4736,2.771,5.0504,4.6635,4.3704,0.741,12.1806,14.5409,3.9302,2.2896,2.3755,5.422,0.2576,21.1405,2.7324,35.4352,3.0992,7.7992,2.4866,0.0221,14.9635,4.0217,0.3089,1.5087,14.3089,5.2388,3.8346,6.3648,7.0454,1.1629,3.518,0.5413,6.756,1.2877,6.2597,4.5077,2.1423,11.9208,0.8935,3.1454,1.4548,4.1791,13.1971,0.7277,6.9163,2.6477,3.7715,0.1069,1.0424,6.9482,2.6749,1.3505,0.6263,31.7141,3.1942,4.3471,10.268,17.0274,3.4626,0.293,8.5238,1.3292,1.0365,10.7155,3.8303,14.2972,1.0668,9.3799,2.4636,0.211,1.4036,17.8173,10.1009,3.9488,2.5353,3.9464
TCGA-S9-A7J0,0.575,9.8972,9.932,10.9891,39.1906,1.3051,3.4533,2.7235,4.4816,0.6292,4.1327,8.3381,1.322,15.169,3.472,2.6138,4.2975,2.7715,6.8984,1.5671,6.6462,1.8841,5.7224,19.9585,2.7228,3.0676,0.6526,2.6751,3.8481,1.7239,32.2381,4.6335,5.7449,2.1854,1.4966,10.617,0.0827,13.1365,3.4008,26.507,2.7029,9.1811,8.6973,0.8072,30.3595,2.4914,0.1776,2.6225,20.5603,4.5493,4.5924,14.3256,17.1751,0.905,1.536,0.6474,6.6619,2.8337,15.6146,5.8514,3.3478,8.3204,3.6346,20.0447,0.9109,3.8386,10.8154,1.3862,7.1454,16.4905,1.6408,3.8717,2.2588,7.8485,3.32,1.61,2.3626,3.4415,7.6666,10.0569,6.5557,4.8735,2.7564,0.9292,6.5982,2.1037,2.1298,16.4047,1.6906,5.2177,2.3413,14.6739,2.0256,0.0403,0.282,6.8793,4.1421,3.022,2.4243,3.2686
TCGA-HT-7605,0.3691,8.882,11.9321,8.1366,75.5373,0.9293,2.0076,1.2874,2.231,1.8032,3.6668,4.0993,6.2569,16.1418,4.3143,4.6943,8.027,4.6793,7.9824,0.2118,2.6673,4.4315,10.3506,17.6208,3.8409,3.0635,2.1751,3.0742,5.442,2.0949,18.461,9.6007,3.6088,1.5036,1.9062,5.6848,0.2721,20.2692,4.1149,41.4057,1.6384,13.0731,3.1473,0.3184,12.4657,3.6501,0.5142,6.0136,17.3971,4.2861,4.0403,5.081,10.6277,1.6103,0.856,0.8804,8.9952,3.414,8.597,3.9163,3.6574,13.5323,1.3662,4.4232,4.8038,4.3196,10.6208,1.0695,8.3639,1.7251,3.9637,8.3392,2.8485,7.301,2.3248,4.9209,8.9524,29.4555,4.3529,5.4135,7.5371,19.5428,3.9594,0.6385,7.3518,3.6173,1.3238,14.8277,3.0999,11.2857,1.5965,11.4365,4.9858,1.4713,1.1699,11.6959,25.037,2.7207,4.6945,5.8293
TCGA-HT-A4DS,0.2902,5.9233,2.468,5.3527,26.1419,0.6517,1.6221,1.47,1.4227,0.1682,4.3507,5.6639,0.9921,14.3996,2.0618,1.5708,5.9034,0.9751,5.6911,0.02,1.1817,1.592,2.9993,5.6395,1.5732,2.0531,1.887,1.9327,3.1,1.0589,8.9104,2.689,3.0623,1.4986,2.5367,1.9422,0.0886,7.1609,2.0658,7.454,5.1165,9.1578,2.6276,0.045,11.1149,1.8871,0.2535,0.7106,9.0255,2.2711,3.3017,5.3487,5.7509,0.6207,1.9975,1.0965,3.9934,1.053,3.3209,1.6135,2.1865,1.3911,0.619,1.5185,0.7801,2.0299,6.1762,0.5226,2.556,1.8267,1.7562,0.5428,1.1578,4.6834,0.1052,3.4189,2.4638,9.2641,2.8136,3.321,4.744,4.6126,1.5224,0.4221,9.2376,1.1782,0.759,5.3649,2.0407,6.8817,1.3216,3.9766,1.5131,0.1868,0.4701,10.0812,5.148,2.4768,1.6453,1.0835
TCGA-P5-A5EW,1.0451,12.4526,15.5864,7.4814,109.9251,1.29,2.7629,3.0703,2.8979,2.178,4.197,9.3959,2.8836,31.1651,3.502,1.9742,8.2593,5.5221,9.5434,0.1604,4.7847,4.3752,12.5573,40.5179,5.0931,4.3537,3.1517,3.1317,3.7316,3.297,20.1453,13.024,5.4177,1.759,3.5425,6.7811,0.1624,18.8071,4.3613,79.3952,5.4664,11.5228,4.8786,1.2847,15.4609,4.8873,0.257,3.394,19.2266,3.7804,5.6346,6.0502,13.3903,1.327,1.9223,0.5536,8.4944,2.0856,7.6333,6.8466,4.1541,17.7084,2.3587,12.8569,3.7804,9.093,15.3883,1.047,13.6801,3.9046,4.3953,1.4288,1.7826,9.2472,2.9589,1.3663,3.5401,50.3317,5.1583,6.9193,12.1457,16.4973,3.7949,0.3939,7.4254,2.3642,0.6432,17.4551,3.984,22.4967,2.4334,17.1091,3.0151,0.2366,0.2428,18.7817,42.7235,4.8102,3.5067,8.514
TCGA-QH-A6CS,0.0599,11.1165,7.5478,7.7687,60.7855,0.7559,1.4827,1.3462,1.2401,0.3705,5.6052,6.3861,1.4829,15.6776,4.6656,2.1493,3.0418,2.9009,8.7971,0.0526,1.8056,1.6762,6.0308,12.3692,1.8397,4.1327,2.044,2.4355,5.2292,0.6891,18.0836,10.7126,3.5197,1.1801,1.3279,4.4664,0.4859,25.1914,3.4984,45.7292,3.0861,6.6706,3.0916,0.1425,4.7315,3.0525,0.133,2.7307,6.8518,3.9888,4.2619,5.9432,9.1406,0.8573,2.0431,0.5335,5.2845,0.5453,3.7803,3.113,1.5591,9.7886,0.5141,2.811,1.1179,1.7912,9.4419,0.0262,11.1552,2.0549,2.2176,0.8412,0.8029,6.018,1.6723,12.8815,5.6236,10.1525,3.2654,3.1408,7.609,9.5458,3.501,0.114,7.1508,1.3439,0.0968,10.1373,2.0948,5.9872,0.8809,8.9267,2.1053,0.0626,0.5734,46.4988,9.8095,3.5484,3.2299,4.5774
TCGA-DU-5849,0.7113,9.627,11.9203,9.1383,58.6913,1.0122,3.0719,1.1061,2.3283,1.2259,3.0148,4.5971,4.2758,23.2743,4.0086,3.5875,7.0794,2.8786,7.4203,0.1948,2.7019,3.6287,7.3786,13.2532,3.5415,3.0168,1.7593,3.3492,5.222,2.6141,21.3233,9.8137,3.8004,1.39,1.5212,9.5259,0.1506,18.4466,4.2265,46.9684,1.2729,12.1428,3.7485,0.2248,12.992,4.322,0.7408,6.0681,15.2102,4.7514,4.2682,4.7697,9.471,1.7657,0.9168,0.6582,7.7801,1.8335,8.54,3.9644,3.3177,12.0711,1.2837,7.7332,4.8814,5.2713,10.2596,1.1804,9.2263,3.4916,3.527,7.9844,2.5134,7.4347,2.7956,4.987,7.5289,17.6949,4.7553,6.1603,6.9106,16.3074,3.3487,0.6856,6.7176,2.1349,1.7158,14.4981,2.9148,8.9845,1.3614,12.5083,3.413,1.1186,0.6622,7.2334,22.311,2.9231,3.649,7.0936
TCGA-S9-A6WE,0.3607,8.9636,12.2699,4.6696,79.2014,1.0037,2.2699,1.0215,2.405,1.1269,4.0411,4.3235,2.976,15.1778,3.2713,2.2068,7.4603,2.0095,7.1616,0.2166,2.6813,2.3196,8.6328,9.2189,2.8446,2.0541,1.4309,2.7234,4.05,2.3988,24.2749,13.3055,4.1393,2.3878,2.0141,3.8334,0.2298,16.9455,2.4192,53.032,1.39,11.1612,3.4141,0.0434,27.7049,3.1344,0.3233,5.0988,9.7827,3.7953,3.0401,4.5663,11.6974,2.4649,1.0713,0.5631,7.2725,2.6461,6.2469,4.9115,4.4811,12.2117,2.6292,7.3432,3.4726,7.7694,13.511,0.7831,10.6919,3.2093,3.4281,6.5025,1.6933,9.2175,1.8219,1.1132,2.9458,22.0375,4.7406,6.415,6.7535,9.2928,3.665,0.4961,6.9065,1.4102,1.3082,14.0205,3.521,7.2588,2.245,14.6254,2.9579,0.3071,0.9492,17.1278,14.394,1.7736,2.9664,5.7446
TCGA-DU-8162,0.4897,11.8389,16.09,9.9606,59.3526,1.0264,1.5989,1.4587,1.6917,1.6296,3.1802,4.4892,6.7628,8.9295,6.4286,8.3157,8.0286,1.9372,9.0227,0.0567,2.7585,5.626,7.1685,18.1584,3.3352,3.6387,2.6513,5.4994,9.4995,1.4254,13.6808,17.6874,4.0605,1.3561,1.1597,5.1806,0.1374,22.1991,6.3735,38.7805,1.6187,10.3317,3.4697,0.4974,9.1413,5.2112,0.9941,10.8095,28.4057,6.1569,4.4393,5.5765,8.502,1.9648,1.4579,0.6954,11.3853,2.0556,11.5457,2.444,3.4445,9.0149,0.9152,2.9224,8.078,1.7227,14.9593,0.7445,9.2641,2.7066,3.3395,13.9072,4.2179,8.4262,4.7777,7.5564,12.087,39.3635,4.6495,5.1654,9.8761,22.9828,5.075,1.6205,8.7648,4.7116,1.5366,11.4075,2.6803,8.4596,1.5943,15.6752,6.336,2.9082,1.4655,11.0185,12.3659,3.6935,5.9803,6.7461
TCGA-DU-6407,0.1705,6.2631,5.5261,4.3935,50.0747,0.8565,2.2443,2.2141,1.9648,0.5475,2.7361,5.609,1.512,16.1025,1.3966,1.7659,5.9271,2.0858,7.1451,0.1607,1.9381,1.9292,4.8079,7.1584,1.8397,2.2242,0.5997,3.1345,3.3014,1.8318,20.9252,3.8132,3.6511,1.8714,1.0458,6.5674,0.1151,14.4749,2.0091,15.7611,2.6657,18.5777,3.5423,0.6999,30.0398,1.7433,0.3267,1.1053,18.7515,1.9531,3.338,7.418,6.6402,0.8055,1.3259,0.6047,6.0629,2.1278,8.5343,6.0766,2.2637,5.0176,0.8461,8.5856,0.9136,6.5216,8.6575,0.6769,5.5505,4.0977,2.3289,2.4073,1.3369,6.9945,0.3772,0.423,2.107,19.826,3.2173,2.5798,4.2558,3.4367,3.871,0.4182,6.74,2.5251,0.8927,8.3279,3.0354,4.1856,2.4011,7.0689,1.7052,0.1166,0.3249,4.5585,7.9155,2.9828,1.6301,2.6571
TCGA-E1-A7YY,0.0634,8.4399,8.7017,14.5593,21.4019,0.8098,1.5025,1.0505,1.6867,2.292,1.7354,4.1058,12.4409,5.6466,3.1372,10.8903,8.8072,2.0292,8.0098,0.2966,2.478,6.3251,3.794,15.7099,2.8952,4.5089,2.0788,5.3993,5.9976,1.1901,12.0117,12.2371,3.4856,1.3913,1.1348,3.0469,0.0461,10.9277,5.0375,11.8397,0.8105,12.2154,2.5495,0.7063,11.3277,3.9693,1.5498,8.6894,32.8172,4.1199,2.7005,5.1979,6.6689,2.3586,0.7516,1.1786,9.9592,6.0275,12.3245,1.7001,2.9061,5.061,0.6781,1.594,9.4493,1.1148,5.5357,0.2467,3.8164,1.0269,2.9824,17.3774,6.1258,8.3963,3.0068,12.8641,12.2825,30.2043,4.3954,3.146,7.4335,15.5226,5.7333,1.1412,8.796,4.7509,1.7581,12.1118,1.312,9.1168,1.2471,8.7509,7.989,4.544,1.5622,4.8191,6.3657,2.1127,6.3391,3.9251
TCGA-HT-A74O,0.1516,5.0703,5.6021,6.3522,44.4556,0.6229,1.9344,1.5672,2.1647,1.548,4.3444,4.8419,1.0,20.4095,1.4865,1.4082,5.2488,2.4328,5.1719,0.092,1.8721,3.0137,6.1998,10.6992,2.3154,2.7232,0.3982,1.4777,2.9141,1.2735,15.536,4.2968,3.1815,1.7888,0.3277,7.0467,0.1381,19.5998,1.827,28.5814,5.215,6.914,2.6507,0.0262,18.474,2.2299,0.3321,2.5759,9.5685,2.1979,4.4988,5.0932,5.9898,1.0183,0.8728,1.0402,3.4552,1.2975,6.4464,5.7568,2.0335,6.243,0.7635,5.638,0.7306,4.2913,6.0303,0.7842,4.2056,4.1466,2.3197,0.9855,0.9394,4.1361,0.3973,0.6056,2.7573,5.9275,2.844,3.0966,4.553,4.9865,2.2393,0.5626,5.5962,3.8044,0.5217,7.9466,2.1142,4.7842,2.782,6.415,1.3298,0.1132,0.0696,4.9725,17.7378,2.6404,1.0175,2.3189
TCGA-E1-A7YQ,0.2871,13.6354,10.2689,10.8099,32.0277,0.7105,2.4942,2.3001,2.3173,0.5162,3.9019,6.2835,1.3392,14.1812,2.4878,1.9556,6.1629,2.3279,6.3224,0.4006,2.6935,3.1307,7.8297,6.1103,3.7624,3.3984,3.3496,6.6276,3.2473,0.7449,18.872,10.849,4.2482,1.6383,5.3984,3.0426,0.2677,8.6744,3.5151,22.1789,4.1479,13.2086,5.1211,0.839,8.6258,6.1917,0.7936,1.3319,14.835,5.199,6.1878,10.2667,14.5262,0.4346,4.2796,0.3653,5.0606,0.0674,3.2326,3.0599,4.3463,13.6309,1.2346,3.7323,0.9581,2.7108,17.3444,2.3097,3.7374,9.1423,3.6067,0.819,1.4502,11.7335,2.3997,1.0148,5.1689,5.4396,4.3301,4.1497,12.4197,3.4843,2.4474,0.6987,6.5672,2.5033,1.0412,6.6077,4.1918,5.117,1.0259,12.4658,1.8846,0.0225,1.5256,25.5168,4.9465,4.8121,1.7812,4.4727
TCGA-TM-A84M,1.2047,12.8453,15.7218,7.9754,69.2386,1.403,3.9346,1.4237,5.0308,0.9109,3.3417,4.5957,2.3541,32.9846,2.6744,2.0508,6.5875,2.9979,6.0804,1.3193,3.9993,2.8567,10.9976,34.8955,3.45,3.0807,1.4099,2.7597,3.4742,2.998,29.832,13.5495,5.022,2.3496,3.3856,13.7222,0.0208,14.6255,3.359,34.0167,1.3204,18.709,5.0496,0.2219,19.003,4.3653,0.6428,5.417,15.6645,6.6254,4.9326,5.384,17.8289,2.2474,1.4933,0.5314,7.8979,4.6984,7.267,6.5195,5.6533,12.6849,3.1819,12.7718,7.6181,16.2521,15.2326,1.1177,9.2535,3.6046,2.7632,6.9245,3.0272,8.6881,3.0566,1.6851,15.3038,27.3137,6.6719,9.2079,6.7431,11.4829,3.0782,1.2722,5.4467,5.0721,2.049,17.331,2.8259,11.4548,2.3612,19.7406,2.9679,0.1369,0.5138,4.614,7.4475,2.0668,3.7416,8.5869
TCGA-FG-A4MU,0.136,12.0795,9.9429,10.0771,55.4053,0.6204,2.3318,1.6961,1.943,0.3425,2.9589,4.1489,0.3547,8.46,2.6608,1.8956,5.9495,3.2324,8.773,0.074,2.8191,3.7158,8.3408,9.0937,2.2867,2.9937,2.1406,6.3261,5.3719,0.8381,16.6442,6.1614,4.6062,1.5996,4.8398,4.5056,0.1951,16.1433,2.728,15.1255,2.682,13.9124,5.4246,0.3022,18.6841,4.6657,0.4328,0.5932,8.8246,4.751,5.1489,7.7995,7.6317,0.4462,5.6112,0.2818,6.3253,0.3096,2.9106,6.3323,2.9697,11.0597,1.3716,3.6582,1.4069,2.5868,18.2594,0.3349,6.7863,13.5666,2.3445,0.0664,1.4411,7.4895,2.0933,0.1043,2.2496,5.3913,5.1395,4.8461,10.6349,4.0425,3.3063,0.8375,8.2045,2.7679,1.2724,13.462,4.0711,6.2643,2.1391,11.4797,1.8304,0.0239,0.1982,25.7888,1.4696,3.2375,1.3935,4.7042
TCGA-HT-A5R7,0.313,7.5732,9.5809,7.6238,48.9811,0.7741,1.5152,1.447,1.5783,1.3136,3.5984,4.9194,7.5017,10.4282,3.6038,5.7003,8.1492,4.2101,7.9655,0.2143,3.2565,5.2544,6.7762,11.1397,2.6742,3.5346,2.8382,3.9485,5.4147,1.5155,10.5913,8.8511,3.2742,1.5033,1.7117,5.541,0.1118,16.4128,8.8367,30.5009,2.4232,10.802,3.348,0.8816,14.7462,3.345,0.8771,5.2061,20.5246,3.9008,3.6896,5.5367,6.7845,1.4711,1.1325,0.8011,8.842,4.2238,8.9785,3.2313,2.798,9.633,1.0986,4.6832,5.0385,2.7363,8.7774,0.4777,5.5979,57.2424,3.4274,10.6639,3.3889,7.5473,2.4873,6.8054,8.5354,24.5277,4.9168,4.3883,6.9646,14.0958,4.6365,1.0513,7.9006,3.2571,1.3653,11.1363,2.2879,9.5094,1.7863,8.8231,6.0813,1.6156,1.3607,8.1832,20.3194,3.3366,4.6486,3.3493
TCGA-DH-A669,0.0912,6.3949,4.8491,6.3931,46.0828,0.5204,1.046,0.4299,2.347,0.984,3.7244,4.1085,1.2215,24.3829,1.7638,1.5342,6.0819,1.33,6.0063,0.2116,1.9902,1.4613,3.0988,10.2199,1.475,0.997,0.4624,1.7816,2.2598,0.9523,20.4853,5.9302,3.1382,1.2518,0.6105,6.5753,0.0406,13.6095,0.6196,9.4673,1.1909,11.4452,1.9738,0.0165,18.7545,1.1584,0.8518,0.616,5.3587,1.2569,2.6243,4.1376,4.5674,0.6916,1.3992,0.5717,4.6995,2.0868,2.8337,3.9741,2.4451,5.1188,1.0405,3.1643,0.8935,4.6343,10.8317,0.4561,2.8897,6.3839,1.3319,2.8129,1.4974,6.9609,0.168,0.6394,2.0175,3.5236,2.8239,2.2742,2.7275,1.737,3.5249,0.3788,6.3795,0.6607,0.7547,10.6506,3.7288,4.1906,1.6521,6.6158,1.3911,0.0233,0.3922,4.8423,2.2223,1.1071,1.9254,2.0515
TCGA-HT-7884,1.234,9.7495,13.6966,8.2856,66.8381,1.4172,4.563,3.8472,1.9493,1.3533,5.9435,7.0995,3.6224,22.9136,4.8862,2.4647,6.9407,6.3267,6.7887,0.4589,5.4405,3.7075,9.2478,19.8097,5.0218,2.7949,4.2571,2.7054,5.1407,3.439,12.6112,12.839,4.7655,2.0465,5.1946,9.5851,0.1253,18.6439,3.6314,67.7841,4.1464,9.9148,4.4072,0.4584,22.4537,4.9596,0.218,3.768,14.9862,5.8697,5.9465,9.2143,13.7437,1.6091,1.5563,0.6721,6.6621,4.7194,9.3308,4.2406,3.8298,14.4857,2.8948,13.1352,3.5143,5.9319,9.8949,1.0818,12.4107,2.8422,3.7708,2.2143,2.2587,6.6645,3.7019,0.8688,6.1902,26.1467,8.2995,11.0115,11.885,30.8193,3.0008,0.7134,5.7115,1.6963,1.0179,13.2264,3.1442,21.5199,2.3904,13.4092,3.7598,0.5866,0.4165,15.1238,35.9614,4.4944,3.44,8.3632
TCGA-S9-A7R7,0.4652,10.8757,13.0632,13.0615,58.803,0.9922,1.7872,2.0711,2.1565,0.7135,3.6242,5.9956,1.6454,14.5738,3.2408,3.1774,8.8421,3.9248,10.4286,0.119,2.6601,4.2555,8.2577,22.6365,2.157,2.5369,1.206,6.1188,4.0216,0.8812,16.0485,5.3365,4.1404,2.3153,2.4421,2.1498,1.044,21.693,4.3742,25.7303,2.8664,10.1018,3.0126,0.2643,17.0487,5.2122,0.4395,3.6958,19.1479,4.7389,6.6036,7.7588,7.9176,1.3337,3.7214,0.5315,6.6459,3.4143,8.7726,3.9188,2.8337,15.4781,1.6129,4.717,1.6382,2.0013,11.4535,0.8177,11.2654,1.1087,2.5439,0.4566,1.3794,7.161,3.4147,0.2383,2.2695,9.3968,4.5422,4.7779,9.9793,9.0871,3.0476,0.373,6.6664,3.2831,1.2652,13.9984,4.1362,16.5897,2.1964,14.0326,3.9655,0.0196,0.4096,16.0374,18.3001,5.0922,1.9548,4.0951
TCGA-S9-A6TZ,1.8035,12.5585,15.9478,9.4097,56.6279,1.5572,4.4752,3.6064,2.7394,1.2992,4.5533,7.4953,3.883,22.09,3.2009,3.0944,7.9507,5.1379,8.3986,0.5378,4.0108,2.6664,14.1326,27.6149,5.0126,2.8088,4.6437,4.85,3.5351,3.3329,20.4597,17.93,5.292,1.978,4.9633,12.4155,0.4119,18.3595,4.1217,54.011,2.6218,9.8497,4.9821,0.1094,21.5321,6.1794,0.5189,4.6356,22.4447,4.8823,6.4411,8.2083,19.6089,2.1638,1.9135,0.6988,8.5877,3.3282,8.0086,5.9497,3.8865,15.7476,3.7401,12.2966,5.1836,6.146,14.9716,0.6235,11.2464,0.9623,4.6635,1.921,2.5555,7.9841,5.1803,1.0031,2.2167,24.915,6.5186,13.4845,12.951,6.675,3.5479,0.9604,6.4304,2.8973,0.5957,14.922,3.9559,18.7725,2.0298,18.7472,4.4213,0.2758,0.1688,29.6732,7.6816,4.3345,4.0259,8.7426
TCGA-DH-A7UT,0.4107,6.6218,6.7905,8.1419,64.8795,1.0174,3.3869,2.4741,1.9707,1.119,4.8378,5.8026,1.6326,17.4144,3.7014,1.8519,5.8178,4.7188,6.6452,0.1994,3.1937,2.4889,5.752,14.1625,3.0079,3.1619,1.0439,2.3539,4.7656,2.194,11.8704,5.0317,3.752,1.8605,2.4021,5.9579,0.1553,19.4503,2.5163,32.7131,2.686,9.5507,2.3907,0.1325,16.9224,4.1765,0.2224,2.9248,8.724,4.5058,4.0236,7.017,5.8107,1.2542,1.017,0.7589,5.0469,1.8844,6.5932,4.739,2.4569,9.9846,1.5068,10.2179,1.6079,4.9879,8.816,0.5152,7.4689,1.7193,2.6755,1.7101,1.4252,5.8855,1.1461,0.2614,5.2455,11.4071,5.7304,5.2261,4.2504,8.7023,3.2875,0.4631,5.1391,1.7091,1.0707,9.7293,2.6922,6.9672,1.3981,9.089,2.744,0.7741,0.1781,12.6078,21.1316,3.5717,2.3734,3.4217
TCGA-FG-7636,0.4234,8.3103,12.0717,7.3351,69.9201,1.3371,2.6475,2.2847,2.9499,1.1662,6.5441,8.7957,3.1601,18.03,4.0471,2.3225,9.3542,4.9351,8.304,0.38,3.613,2.8067,10.6804,22.2618,4.4414,2.9966,1.7895,2.304,5.1236,3.9457,27.1782,10.0909,5.1603,2.7758,4.1432,5.5317,0.061,21.4027,3.2585,88.8908,5.9185,12.1704,4.3188,2.7832,25.6063,3.0192,0.2258,3.1964,14.7494,3.6698,4.5467,6.0614,12.9417,1.684,1.4429,0.823,7.1345,1.4981,7.542,5.9576,3.335,10.5188,1.5044,8.7745,3.1261,10.1534,13.4908,2.3756,9.5482,4.046,3.0195,2.3227,1.791,7.9399,2.018,1.9298,2.1305,33.3211,4.7465,4.2142,9.3103,9.1288,4.0169,0.3368,6.9052,3.0215,0.5544,9.8569,3.0013,17.8125,1.924,12.1688,2.7921,0.3047,0.4955,10.5755,26.8298,3.9328,2.7811,5.4231
TCGA-TM-A84J,0.2149,10.6124,15.7735,13.5773,50.9013,1.3264,2.5942,1.7321,6.9923,0.7857,4.3544,8.619,1.7064,14.7083,2.0283,2.8823,10.5777,2.4496,8.0674,1.1004,4.3998,3.8468,4.9862,11.0475,6.1835,3.2062,1.271,6.2147,5.3637,2.7372,22.2705,12.4498,5.8669,2.6344,2.4946,5.8579,0.04,12.0524,2.3929,19.4349,1.4939,9.4367,7.1488,0.0037,35.5673,6.5144,0.6636,5.2355,16.3811,6.1091,4.4219,10.1597,20.5228,1.0516,3.2325,0.0762,8.1883,4.5381,6.2976,5.3308,3.2718,10.0239,2.6057,23.8639,2.9209,7.1027,17.0224,3.2777,4.8542,1.9814,2.2112,4.8012,2.4954,7.3003,2.5452,0.0127,1.4672,13.9483,7.8201,5.9379,6.4957,10.4395,3.6037,2.3698,7.6572,1.9653,2.9285,11.5364,3.5761,8.0415,2.9234,17.3308,2.1151,0.0418,0.2129,12.5617,1.5806,2.9971,3.5778,5.5873
TCGA-DH-A7UR,0.1453,8.5277,8.0928,7.8893,32.0906,1.1255,2.4464,1.1609,2.228,0.4864,3.6267,4.5443,2.9751,13.7065,3.082,2.2011,9.197,1.9189,6.1616,0.3495,4.3654,4.0717,5.3113,15.6464,3.0928,2.5666,1.547,2.5514,4.3846,2.0761,22.7147,5.924,4.0853,1.7269,0.9727,20.4392,0.028,13.1754,3.3031,15.349,0.8327,11.6364,5.5341,0.1447,19.0497,3.0167,0.5654,3.058,13.0903,2.9719,3.3748,5.7965,15.0434,1.7425,0.9516,0.9151,6.526,2.6103,11.2918,5.8076,3.7365,6.6749,1.6236,11.7284,3.15,3.746,8.1686,0.5502,5.1156,12.7073,2.2066,5.9444,1.9948,7.4379,1.9654,2.128,4.7145,7.8695,6.1806,9.2352,5.2118,4.4452,2.8237,1.1578,8.8509,1.7992,1.7265,8.0842,3.1403,4.5529,1.364,11.6425,2.4381,0.2867,1.326,2.1513,4.347,1.7093,2.8974,6.1987
TCGA-VM-A8CD,0.4628,17.0637,5.1033,11.2469,42.3714,0.6886,1.3936,1.5935,1.1913,0.3053,2.1858,6.2448,2.5072,7.8871,3.3178,3.2451,4.4347,3.2273,12.1086,0.0269,2.5891,2.6424,5.2909,13.9946,1.7653,3.4171,3.8385,5.0137,3.5448,0.4891,18.2972,13.9838,3.7056,2.3836,2.1764,3.5141,0.1085,13.3536,4.4525,29.7464,3.0815,6.7491,2.9922,0.0483,6.8413,5.1799,0.3765,1.8104,8.5275,3.8542,4.9122,7.5941,7.8262,0.6722,3.0034,0.2659,6.5359,1.25,5.0449,3.0008,2.0866,17.6688,1.3081,3.3395,1.5842,1.5016,14.1222,1.1343,8.6939,1.9416,2.2508,0.4203,1.0574,6.6874,4.3834,13.1038,2.0462,21.4501,2.9095,6.0203,8.0058,5.4661,3.1402,0.3934,6.7825,2.3088,0.4626,5.5029,2.1746,8.8604,2.1223,11.6771,2.1818,0.1394,1.2249,31.2742,12.0343,4.4919,2.9071,5.6652
TCGA-HT-7603,0.0607,9.2824,9.7095,4.7422,63.2522,0.8524,1.3825,1.203,2.2217,1.6779,3.453,3.8751,12.1387,15.3041,3.4999,6.5222,12.7892,3.761,10.1558,0.202,2.1257,4.8443,6.9208,17.6949,2.4854,4.0878,1.6847,3.8842,7.6487,1.5981,10.2392,13.0502,3.7794,1.5347,1.6504,3.544,0.0447,28.8351,4.5828,16.7066,2.5992,13.4671,3.9234,0.759,15.9011,4.2075,0.8261,6.4052,18.4694,2.5843,4.2139,5.5622,8.9686,1.2821,1.0225,1.5472,10.9565,3.653,7.3854,4.0426,2.7178,4.0022,0.6496,1.915,8.1101,3.6538,8.5229,0.2119,4.2531,1.0338,3.6765,17.9245,5.8604,10.5695,1.4148,7.7863,5.694,39.0701,4.5532,2.7348,9.17,12.0265,8.1527,0.9642,9.9249,3.2185,1.6694,15.1864,2.8809,9.3116,1.4802,10.8658,8.5504,1.7778,1.2564,11.7808,11.6317,1.8786,5.747,3.7358
TCGA-QH-A6CZ,0.8836,9.9755,13.5482,7.7115,63.0687,1.0465,2.8104,1.0927,1.9701,1.4707,3.4157,3.9812,5.3962,18.9329,3.5855,4.0714,8.3652,2.9068,6.8095,0.4401,2.5069,4.1024,10.0898,14.1737,4.3756,2.3845,2.1796,2.7976,4.0813,1.9967,16.1146,13.4817,4.4742,1.7942,2.1936,6.4219,0.0401,12.2394,3.9135,26.6298,1.1645,12.394,3.9187,0.1906,13.8843,3.5448,0.6664,3.263,20.0685,3.6678,3.745,5.3642,13.0323,1.6867,1.1767,0.7615,7.9808,3.5719,7.712,4.6701,3.979,14.527,1.987,7.6812,6.3615,10.1052,12.5775,2.5245,7.9737,4.322,3.5428,7.5138,2.7239,8.8922,2.7414,4.0202,17.3217,38.9678,5.6283,8.2381,7.4961,12.121,4.0897,0.8935,7.3308,1.8864,1.8459,12.5247,1.9434,7.3648,2.5308,14.3414,4.5412,1.0529,1.7225,6.3832,8.4804,2.0179,4.3636,7.3598
TCGA-QH-A6X3,0.74,11.2889,14.8529,8.7491,105.0416,1.1325,3.8437,3.0372,2.8705,0.935,4.4125,7.2253,2.7207,28.7223,3.6063,2.2655,7.9178,4.4108,8.6171,0.1754,4.6653,4.2025,14.1911,13.4814,3.8629,4.3708,2.8408,3.5252,5.2568,2.7673,23.642,13.1303,4.9563,2.5863,3.707,9.0208,0.0913,22.4727,4.8443,67.4578,4.5084,14.0672,4.8379,0.9625,21.2077,5.0293,0.3832,3.0926,20.3775,4.428,7.1151,8.1532,10.9184,1.1081,1.4348,0.4852,8.2859,1.749,7.5115,7.4549,3.868,14.5612,2.2206,8.172,3.4835,10.6987,17.4752,1.0832,11.4121,5.1887,3.7275,1.9417,1.616,8.18,3.6511,1.9485,5.2933,38.7855,5.996,8.8003,11.2897,10.6823,3.8933,1.1445,8.3702,2.9453,0.8821,16.0622,3.5061,11.4646,2.5005,18.577,3.3303,0.136,0.1694,8.619,41.5224,4.0749,2.7435,8.8089
TCGA-HT-7858,1.1731,10.2538,14.0274,7.4451,82.3309,1.2918,2.8805,2.9611,2.9,1.1809,5.2735,6.8218,2.0065,19.6938,4.9622,2.1464,6.1525,3.5624,7.6319,0.2973,4.3578,3.8641,10.2882,19.0826,3.1773,3.0963,1.4539,3.3944,4.744,2.3032,19.9434,10.6374,4.6299,1.4875,3.7596,6.1114,0.2116,22.1941,3.5809,54.3056,3.9161,10.4556,4.1246,1.1055,22.3423,4.6206,0.5981,4.0368,20.3927,5.5009,5.3347,7.5174,11.9121,1.3083,1.716,0.5332,7.2917,2.5585,6.1085,4.6422,3.6616,13.3232,2.0539,9.5353,2.3507,10.248,13.1883,0.5173,12.2713,4.6449,3.341,2.468,1.3052,7.2359,3.1432,1.0364,5.8747,27.7865,5.2971,6.583,9.7339,16.1138,2.826,0.949,6.6048,1.7416,0.739,12.8302,3.5633,13.4717,2.2559,14.4748,2.8712,0.2504,0.1776,7.3439,29.7713,3.9001,2.3242,8.1539
TCGA-CS-5396,0.9993,11.1493,19.2581,8.6594,85.2093,1.0176,2.405,0.8831,2.1191,1.2528,4.4486,3.3659,2.2815,10.8081,9.5241,3.494,6.4788,1.1416,5.5359,0.4184,3.0875,5.3201,7.2968,22.1668,4.0893,1.7088,2.1793,4.1428,4.9093,1.488,22.7604,19.3759,4.2486,2.9202,2.612,7.7651,0.1868,20.4397,2.9267,53.9697,0.9874,14.6105,2.6214,0.0653,19.8693,5.8451,0.7683,4.9568,12.022,5.1677,4.7378,4.4765,5.9237,2.6636,1.8997,0.3465,9.8627,2.7082,6.1242,3.4284,4.7653,18.6607,2.6658,5.3197,4.5718,19.6657,14.2521,0.8451,16.83,0.4081,5.0438,2.3273,1.4389,10.6413,4.7822,0.6361,1.8574,32.3485,4.0113,6.6365,12.475,6.8816,3.4365,1.0143,5.8346,1.6377,0.9023,11.9977,4.508,16.721,2.3744,19.3431,3.3004,0.0676,1.3494,10.6122,5.7589,2.8118,2.6283,10.4173
TCGA-DU-A7TJ,0.5159,12.5165,13.1454,14.2506,91.0534,0.6736,2.3467,1.4204,2.5814,0.6421,3.247,5.825,0.4541,8.4252,1.8661,0.9682,4.8032,3.7352,10.7511,0.0467,3.726,4.9676,8.8871,13.4622,3.6531,3.5093,1.1572,7.9671,3.311,1.5958,28.6823,8.6394,6.2049,1.5513,3.2378,9.0051,0.1245,15.7015,3.6978,25.0266,6.1627,19.5489,5.1224,0.0232,27.3684,4.8063,0.5531,2.6659,11.8223,3.6373,5.8096,8.4404,11.1212,0.4299,3.8731,0.2201,6.8581,2.15,2.9336,4.5543,2.5601,16.3749,1.8681,6.3587,1.81,4.497,21.1339,1.7573,6.0251,20.0681,2.1228,0.0368,1.2103,8.7871,2.8878,3.4229,1.5334,13.0857,5.9537,6.0109,5.6314,5.9084,2.5121,0.6823,6.9536,2.4916,1.2606,13.9808,3.9406,6.6239,2.2478,18.5399,2.1138,0.0052,0.6132,34.8224,16.3852,3.7588,1.877,6.0055
TCGA-DU-A6S2,0.6026,12.8505,10.2112,11.1438,52.218,1.0321,2.5415,1.338,2.1868,1.615,4.2463,4.3161,6.8441,9.765,3.3423,4.7995,5.9547,3.4697,6.895,0.1024,3.7537,4.5899,7.067,8.8434,3.9706,4.1833,1.9575,3.0563,7.152,2.0445,16.7088,21.2605,3.8846,3.1838,2.1903,4.6929,0.1051,12.8082,3.1251,46.7074,1.3609,12.6455,3.0643,0.4162,12.1867,4.7958,1.0176,5.6634,16.0973,7.13,3.9717,4.9614,9.1702,2.0503,0.9059,0.5022,10.3065,3.1577,9.5311,3.8761,4.0924,9.2884,2.2014,7.4909,5.1375,5.0421,7.9816,0.4734,7.7203,2.4526,3.2073,8.0986,2.807,7.2067,3.8632,2.92,8.5978,26.9345,5.1944,7.6567,8.7936,14.819,3.5573,1.1157,6.34,1.9244,1.4689,10.9566,2.6531,12.5622,1.6028,14.417,4.0998,1.6661,1.3643,9.1423,15.5205,3.0163,3.6681,6.5001
TCGA-HT-A74K,0.3751,3.954,5.3752,3.9197,34.532,0.6082,1.3496,0.6314,1.648,0.4501,6.5471,3.321,1.2658,20.0787,1.7232,1.5355,6.3012,1.8525,4.7384,0.4879,1.1348,2.6217,2.3733,8.489,1.9285,1.0924,0.5483,0.7257,2.6264,0.967,12.3338,6.549,2.3427,1.4808,0.6702,2.9396,0.0725,15.2551,1.2101,10.3588,1.4489,11.2416,1.7437,0.0239,31.4274,1.0285,0.3749,1.5686,7.365,1.5716,2.3393,2.7912,9.3702,1.0719,0.7726,0.9706,3.7759,0.7829,5.7348,3.2051,2.4817,2.8063,0.9214,3.0594,0.8814,5.871,3.9517,0.6208,3.9067,0.5665,1.5647,1.921,0.9348,3.6693,0.1519,0.2745,2.7572,11.6868,2.7431,2.9514,3.9482,5.8936,2.3703,0.5078,6.0077,1.1666,0.5789,5.8577,1.9394,4.7556,2.017,5.4672,1.6479,0.0555,0.3624,2.0773,5.0451,1.4313,1.0941,2.3599
TCGA-HT-8106,0.4037,14.6125,11.8468,9.4435,61.0439,1.3758,2.669,1.7548,3.1977,0.5341,4.2203,4.7498,2.0714,8.2152,5.4321,3.4624,8.5021,2.2796,9.6361,0.1355,3.618,4.7483,6.7417,27.5708,3.6159,2.654,1.5283,9.2596,5.2731,1.4409,11.4473,10.1866,5.411,2.0844,2.773,2.6134,0.7594,17.8465,3.6632,28.7515,1.9191,8.7415,3.1256,0.2736,11.6266,5.7797,0.8663,1.5372,24.7248,5.9245,7.4146,7.545,6.8023,1.3536,3.1555,0.6441,6.4311,1.2281,9.7115,3.9912,3.1413,11.2524,2.1506,6.3798,0.7039,1.6449,15.9088,0.5075,10.2531,3.2751,5.4067,0.7902,1.9845,7.0388,3.9767,0.2804,4.6729,9.1184,5.5227,6.1526,15.2136,11.0944,4.2074,0.5418,6.3906,5.3566,1.1428,12.9817,5.6366,10.5932,1.855,12.2736,2.7278,0.0912,0.1851,8.9762,11.1156,5.5513,1.8947,4.7977
TCGA-FG-6690,1.6918,10.0075,17.6752,6.6044,93.0768,1.3198,3.1881,2.1554,2.3772,1.3125,5.7274,7.9863,4.2294,26.8524,3.1331,2.0255,10.9143,5.2311,9.2493,0.1354,4.6669,4.6932,12.2838,25.2068,5.0081,3.9259,3.5568,4.2404,6.2207,3.2015,18.556,13.3425,4.8917,2.4623,3.6639,4.8678,0.3404,15.6237,3.8615,79.7276,5.1728,11.3603,4.75,0.2856,20.8303,4.6172,0.324,2.9936,29.9782,5.51,5.5287,5.6944,12.5326,1.7148,1.555,0.6038,9.0141,1.2595,7.6822,5.8948,4.2335,14.8126,2.3272,8.3262,3.3806,11.6375,13.6232,0.9785,11.2965,3.1594,5.1423,2.7309,1.6238,9.6449,3.293,0.7263,3.0431,36.7819,4.7023,8.5964,10.3685,13.6831,3.3189,0.5634,8.256,1.5087,0.5779,15.7757,3.0091,19.1697,2.7952,20.165,2.7011,0.4632,0.3038,19.2597,54.2448,5.4674,3.1489,8.6809
TCGA-HT-7609,0.6182,12.0296,15.1916,7.8715,100.3063,1.205,2.6251,3.2645,2.9333,0.9834,5.4395,6.9969,2.5366,25.6955,3.3223,1.9793,6.6821,6.3334,9.1898,0.229,4.0711,4.319,12.5186,17.9218,4.5929,3.89,2.3117,3.9866,3.9939,3.3259,26.4545,11.4595,4.8379,1.8062,5.4886,9.6787,0.1243,16.9118,3.642,71.5066,5.0217,14.2945,3.9985,1.7841,18.39,4.7981,0.3186,4.4433,20.0271,5.7968,5.7556,6.5512,12.3303,1.3254,1.3086,0.6573,8.0667,2.1895,7.6943,7.9728,4.5046,18.3284,2.3726,10.3104,2.496,8.473,15.2081,1.1987,11.342,4.3166,3.6737,2.3354,1.4559,7.4983,3.2474,0.6675,4.4194,22.7678,4.9338,7.2778,11.2047,8.9441,3.4786,0.5844,8.0807,1.8644,0.8143,14.6019,2.9672,15.0628,2.3791,17.7813,2.7899,0.3875,0.2784,17.8037,28.0636,4.3417,2.7744,7.8445
TCGA-QH-A65Z,0.2692,8.337,9.5107,5.8966,78.1753,0.9625,2.5058,1.0298,2.3048,1.0446,4.4889,4.2776,3.4479,19.7988,3.1956,2.1624,7.0676,3.5309,8.0815,0.3913,2.5304,2.9102,7.7276,6.6015,3.6813,2.3348,1.7884,2.5583,4.211,2.6995,19.2583,10.3309,3.8016,1.8166,2.1975,4.8101,0.1569,20.0273,3.1354,45.5524,1.8206,12.8857,3.4054,0.0689,14.5456,3.1365,0.5712,3.9705,10.2603,3.0742,4.1789,4.6245,11.2347,1.2654,0.9816,0.7027,6.8787,1.876,7.7903,5.5912,4.0674,9.3194,1.4543,8.137,2.4953,5.1299,10.106,1.2595,7.9732,2.7864,2.9566,3.7492,1.9117,7.859,1.5499,1.9377,1.7645,25.733,5.1002,6.737,6.6332,10.4165,3.5393,0.3795,6.2909,2.7128,1.515,14.0719,2.8114,8.3978,2.4197,10.8734,3.4013,0.2147,1.0656,16.8454,12.1392,1.9162,3.4202,4.7686
TCGA-HW-8319,1.391,10.2974,17.6429,11.2039,94.3764,1.4078,3.589,2.6256,2.6323,1.4536,3.6035,7.4304,4.4105,14.6569,3.6619,4.227,8.482,4.8077,8.8274,0.5512,5.6348,6.1664,15.4532,32.3524,4.674,3.5772,3.0563,4.5397,5.0785,3.2216,20.4654,11.7569,5.8669,1.8422,3.6122,5.9078,0.1438,15.4439,4.8211,44.2726,6.0241,11.2461,5.4571,0.3641,24.2538,5.9631,0.4076,5.379,19.51,5.7021,5.4099,8.4995,15.9072,1.5082,1.9206,0.6049,9.0957,2.7333,7.9172,5.1365,3.9317,16.8806,2.8044,14.0541,4.3332,7.4553,16.0445,1.158,11.9007,4.0181,4.7045,6.0337,3.0308,7.9668,4.0825,4.2531,3.7638,34.176,6.9644,9.4349,6.2313,19.7485,3.7266,1.1089,7.4248,3.9787,1.5888,17.8939,3.3855,14.4792,2.9115,16.1439,4.8579,1.1242,0.9485,13.0522,54.4227,4.2792,5.2616,4.4854
TCGA-E1-A7YJ,0.3165,9.0505,7.4644,11.4173,42.1902,0.5458,1.8102,2.2004,1.7994,0.1667,4.7292,4.822,0.8568,5.036,2.2706,2.0746,3.0564,2.4097,7.9878,0.0339,3.2237,3.8658,7.4565,7.0408,2.0855,3.144,2.3987,4.09,2.8649,0.6024,15.4281,7.6944,3.3093,1.7782,3.7346,6.0855,0.197,17.3973,2.9132,15.967,3.6809,10.5351,4.3378,0.0505,19.5574,5.0481,0.297,1.105,9.6973,4.3381,5.962,11.0414,9.8771,0.6749,4.3272,0.3294,5.5542,0.1716,3.4749,3.5675,1.9675,11.7445,1.2562,2.5802,0.7604,1.6354,15.8916,0.2295,7.4392,8.1705,3.803,0.0121,1.2828,6.3797,2.7686,0.1763,2.6501,3.2894,4.985,5.1935,8.6881,2.0942,2.8415,0.4343,6.9293,1.7232,0.6337,9.5022,3.1635,9.2257,1.621,9.9789,2.662,0.0185,0.3018,21.6749,5.2021,3.2452,1.7594,5.0658
TCGA-HT-7873,1.8955,10.1698,14.2767,11.1222,93.1389,0.9018,3.9714,3.099,2.7006,2.2091,4.8584,6.985,1.4207,25.1355,4.0963,2.3306,3.5101,7.8011,7.3112,0.3093,7.2622,3.4933,13.9145,30.464,4.3151,2.7915,2.9917,2.9715,4.0702,2.4628,22.8124,9.9436,5.2126,1.7623,4.7288,9.3744,0.2016,15.7428,3.961,39.8743,4.7545,9.7163,4.6407,0.2406,22.3014,5.3734,0.2213,4.1325,24.3455,7.3376,5.9372,9.6315,12.1908,0.7232,1.9587,0.5898,7.1093,2.3524,12.0658,4.1816,3.4266,21.0934,3.2294,11.7779,2.4112,4.0057,13.005,1.3209,11.7815,1.5277,3.5126,1.153,2.1981,7.9912,3.8693,1.6865,3.8697,7.2751,6.6149,10.3882,5.8537,24.695,3.113,1.1775,5.5841,5.6809,1.3784,15.4298,3.7046,13.8606,3.4683,14.7344,3.7267,0.4692,0.2595,15.3708,51.0051,4.5241,3.1868,4.5208
TCGA-DB-A75L,0.353,9.3189,11.5499,9.0781,81.3082,0.9429,2.5357,2.9765,2.6764,0.9151,3.9922,5.3312,4.2658,7.5145,2.9218,2.937,6.6641,2.7876,6.8449,0.3299,5.3114,4.0956,10.4355,18.5603,3.3498,2.8082,2.9834,3.4915,4.6661,2.2518,14.3946,6.9624,3.8479,2.276,0.24,5.2635,0.1059,17.0771,3.1343,26.2249,3.9147,9.3711,4.6062,0.1706,22.491,4.3415,0.3672,2.6516,23.9444,4.6199,4.4231,7.5698,10.4136,1.1656,1.1903,0.7224,7.4531,3.8383,8.9747,5.2253,3.1986,11.4721,2.3464,8.4078,3.2125,8.7478,10.2159,1.0593,6.9299,6.1642,2.182,4.0324,2.5075,7.0286,2.2226,1.9381,2.8833,30.0046,6.1894,7.9954,9.4258,7.2452,3.8754,1.0953,7.957,1.1699,1.4268,12.2913,3.4969,10.8413,2.0197,12.4568,3.8231,0.439,0.522,6.4864,20.0874,3.7029,3.1497,5.7345
TCGA-DH-A66B,0.1982,10.6454,14.227,5.6989,58.5961,0.9967,1.9027,2.8806,3.303,0.3651,3.9971,5.1369,2.3819,26.361,2.3963,2.1767,7.6237,3.7921,9.6644,0.2464,3.0139,3.6724,9.9949,23.2689,2.6968,4.1269,1.4988,3.6117,3.9732,2.1031,24.1868,7.5456,4.6558,2.6311,0.3355,7.08,0.1626,25.984,3.0943,27.1356,3.9485,10.3831,5.2363,0.2105,22.4086,3.9938,0.2125,2.0529,17.259,2.7147,6.3308,8.2959,9.5308,1.2325,1.6738,0.5417,4.4277,2.4981,8.5787,7.2625,2.5862,14.4872,1.1747,8.2744,1.8191,7.4107,14.4801,0.9152,6.9004,3.9068,3.715,2.5881,1.4886,7.9872,2.3692,0.229,0.6831,26.2426,3.8277,5.2853,9.0904,2.9276,4.2403,0.7875,7.2621,1.6563,1.5654,15.6404,3.649,12.2064,4.5952,11.5492,1.8013,0.0286,0.2939,11.4469,18.2997,3.8792,1.5992,6.789
TCGA-CS-6665,0.5175,10.5704,13.0429,6.149,76.2289,1.2756,2.0943,1.8155,3.0914,1.4074,5.1841,6.7332,1.1099,18.9793,6.8432,2.0323,6.2396,2.2794,7.7224,0.519,4.2605,4.9776,7.2501,12.3345,3.5694,3.2355,1.0992,7.1209,6.14,2.4453,23.7741,7.707,5.4936,1.3203,2.824,6.4298,0.4368,24.9509,24.2926,66.5689,3.3391,10.709,4.1069,0.1987,32.716,5.4638,0.9967,5.2531,12.3593,6.6502,5.7606,7.3042,13.2408,1.0738,2.4852,0.599,7.8717,0.8792,5.899,5.7049,4.0037,9.9072,2.3453,12.5034,1.7488,6.7104,15.1473,0.1489,12.4925,4.7937,3.2482,2.4631,1.214,8.9457,2.6342,0.441,6.3839,14.2038,4.3146,4.788,8.8925,12.3927,4.2485,1.5326,5.7913,1.9661,1.5876,13.5075,3.9179,7.257,1.6149,11.5059,2.0194,0.0525,0.1747,6.7451,8.3353,4.7605,2.0689,6.1283
TCGA-CS-6669,0.1234,9.0541,12.1339,12.3992,28.2079,1.0239,1.51,1.0778,1.9624,3.0918,2.4849,5.2532,11.5386,8.4688,4.1386,9.8047,11.7045,2.6937,9.3943,0.012,1.9371,7.5963,4.7883,16.377,3.3861,4.5065,1.7127,4.4228,8.3688,1.5262,13.4426,10.8792,3.311,1.4579,1.1699,3.956,0.0331,13.483,6.6962,21.7165,1.5446,10.7176,2.3958,1.3702,8.7596,4.7655,1.4179,8.4847,33.0263,5.7811,2.9421,4.8534,6.906,2.5568,0.7388,1.0871,14.4365,2.4716,12.3614,1.7845,3.1568,4.8164,0.6776,1.512,10.8731,0.9811,5.4381,0.1108,4.8552,1.2082,3.7367,19.5849,5.0862,8.3005,3.6873,6.6597,14.2084,35.278,4.771,2.7803,7.7671,18.1193,6.6497,3.0454,9.4484,5.9638,2.4904,13.5706,1.7319,13.1872,1.164,9.7218,9.4436,3.847,1.6152,5.9299,7.891,2.5417,6.2426,3.8651
TCGA-S9-A6TY,0.6261,8.9703,12.5749,8.1506,59.2142,1.0786,3.9153,1.1102,2.5349,2.174,2.8898,3.718,3.9721,23.7505,3.7971,3.1605,6.4053,2.0333,6.0268,0.314,2.8943,3.6855,8.9777,18.8702,3.2734,2.2012,1.5568,3.0878,2.9213,2.246,22.5272,13.5398,4.2368,1.7181,1.7346,22.9632,0.0377,19.92,3.5478,31.9614,0.9777,17.2338,5.2657,0.1072,17.778,3.9174,1.338,5.3339,13.9262,5.2199,3.9034,5.3359,12.7593,1.6657,0.9002,0.3947,6.9872,4.7724,7.5636,5.8554,3.1558,10.0948,2.168,11.1403,6.0636,9.9273,11.7865,1.0432,7.7677,3.1027,2.8918,7.9133,2.8612,7.3598,3.0387,2.0945,10.755,33.0868,6.1546,8.0773,9.9574,11.5271,4.9125,1.3669,6.5865,2.079,1.883,15.1223,3.4198,7.6313,1.224,14.9257,4.2272,0.4838,0.4106,6.6638,7.0898,1.9325,3.5421,10.3189
TCGA-DH-5143,0.5008,8.1417,12.0202,6.2531,76.9026,0.9337,1.5572,1.5262,2.1089,1.6572,4.19,7.858,3.8043,24.8164,2.247,2.7736,7.8343,4.9475,9.2261,0.118,3.0027,3.9754,12.0169,23.5042,3.6568,3.5415,1.9693,3.2653,3.9847,2.4429,21.4673,8.2815,4.5749,1.7346,2.7564,4.3436,0.1543,18.2193,4.0802,50.8156,5.2509,10.4239,4.087,0.1126,14.0557,3.664,0.3364,3.7821,21.8613,3.7512,4.4315,5.6358,10.2532,1.5707,1.2031,0.4534,8.8843,1.0818,7.4681,4.8909,3.4337,13.5088,1.076,5.245,3.4134,8.3223,11.0799,0.8957,10.321,1.9753,3.5415,4.2506,1.351,8.4839,2.1802,1.9666,4.6558,36.1636,2.8979,3.636,8.9206,13.671,2.9566,0.3603,7.8161,2.7613,0.7075,14.8986,2.6744,17.1501,1.9699,12.835,2.3479,0.9218,0.443,13.6577,29.3565,4.4711,2.6297,5.8012
TCGA-P5-A733,0.6267,8.3364,10.6808,7.3898,89.452,1.0397,3.3215,2.308,1.8952,0.9915,4.1308,6.8388,3.9402,22.4827,2.3639,2.1616,8.5478,6.0254,9.2359,0.2737,1.9597,2.8903,10.134,15.1923,3.9957,3.3877,3.1408,2.4463,3.6495,2.3065,17.7069,8.5292,4.3123,1.6704,1.8241,4.5051,0.3491,18.794,4.0806,64.9945,4.7508,12.0834,3.7276,0.1379,15.6691,3.603,0.1984,1.9672,19.3082,2.6976,4.7989,6.8759,11.2564,1.4817,1.0124,0.9204,7.2807,0.3757,6.836,5.0774,2.8523,11.27,1.4966,5.1566,1.8391,5.668,12.0289,0.531,5.583,1.8057,3.8939,2.2274,1.5347,7.007,2.3702,1.4777,2.5145,29.8156,4.2472,4.8928,9.5434,9.7169,3.3961,0.9566,7.5699,4.2768,0.7246,12.5482,3.7853,16.292,2.0266,11.5545,3.0158,0.1458,0.367,24.0626,35.2847,4.4078,2.163,7.0046
TCGA-P5-A780,0.4237,10.8494,13.4494,9.5339,61.3058,1.0131,3.4398,3.4115,3.8042,0.9549,4.0646,6.3009,1.5613,8.5004,4.0679,2.5306,4.6065,2.3794,6.2903,0.3923,3.7544,3.7268,8.7613,9.722,2.9295,2.5119,1.9515,3.6356,4.5775,2.731,22.9713,11.4891,4.8057,2.1795,2.0752,7.6824,0.1038,21.869,3.5146,48.8396,2.7087,10.404,4.839,0.1512,22.2745,5.4426,0.5007,3.476,29.0285,4.6247,5.3898,8.7894,11.3867,1.2066,1.394,0.5818,7.1004,3.9691,11.1083,5.2127,3.7961,10.6596,2.5296,12.9066,1.8668,7.9162,12.1581,0.6436,8.7359,5.0113,3.1668,1.9651,2.0384,5.7917,3.4579,0.5035,4.2609,16.5687,7.0259,6.9951,9.9252,11.3619,3.7797,1.7168,5.7467,2.3304,1.2262,8.4321,3.3108,5.8788,2.8273,16.2675,3.1539,0.1063,0.1095,5.5389,14.661,3.9639,2.1303,7.7521
TCGA-HW-7493,1.8058,12.508,18.152,6.6986,104.913,1.2334,1.9252,2.0538,2.089,1.395,4.0805,7.0803,5.5478,24.1256,4.0085,4.7778,12.829,5.5059,11.0575,0.2083,2.1373,4.4837,17.0323,34.6333,4.4986,4.0982,3.7487,4.7883,5.8236,2.2836,25.3516,14.4594,6.0607,1.7188,2.8783,6.3062,0.1956,19.8325,6.9224,70.6777,3.9275,12.9652,4.9616,0.4641,9.7156,5.5695,0.4848,5.8269,36.4848,4.6102,6.9357,6.8339,11.9545,1.6246,1.8493,0.5541,11.2356,1.3594,9.5369,7.949,3.6512,16.3315,1.46,4.7724,5.8191,5.5649,17.3136,1.5946,14.8334,1.7012,5.6078,7.9833,2.8088,8.9963,5.2403,2.6018,4.9967,49.7833,3.7767,5.229,15.9161,18.1508,5.1579,0.5248,8.8888,7.3228,1.4865,18.5146,3.6792,25.2277,1.9822,19.4166,5.4224,1.0849,1.1951,24.5908,28.714,5.1927,4.2048,7.8935
TCGA-P5-A5ET,0.2343,7.4871,8.7526,8.1902,67.114,0.8985,2.7695,1.4202,2.6157,0.9639,4.5347,4.2772,3.1629,19.7685,3.2321,2.3104,6.8615,4.027,7.2076,0.2935,3.648,2.8197,8.8119,15.0336,3.5008,2.4664,1.0725,2.2273,3.5825,2.5701,18.8687,5.5637,3.3596,1.7384,1.9912,4.4623,0.4302,19.458,2.7536,31.657,1.7341,11.6925,3.2467,0.2175,16.3263,3.2512,0.3262,3.7652,13.4341,2.9003,3.5846,4.5766,10.5002,1.3058,0.9303,0.6576,6.3093,2.8685,7.3393,4.1848,3.3044,11.1912,1.7402,6.1381,2.7867,3.8229,8.9204,0.9096,6.8132,2.569,2.2662,4.489,1.8058,6.6491,1.059,1.6597,9.7211,29.4759,4.7665,4.6247,5.1206,16.9879,3.2371,0.6019,5.9896,1.0761,1.2691,13.1262,3.0341,7.2844,0.9772,8.7044,3.1118,0.6784,0.4875,9.1512,16.4473,2.0531,3.3392,4.6158
TCGA-FG-8186,0.9646,7.9704,14.0199,8.9869,71.6395,0.9292,4.2363,1.1593,2.0176,1.3437,4.4645,3.7184,2.4407,20.7536,2.9985,2.2668,7.2368,3.4592,6.8013,0.1194,3.3708,3.006,11.9692,13.109,3.447,3.0919,2.4419,3.4697,3.0688,2.1729,19.7252,11.3369,3.7239,1.5409,3.561,7.3787,0.4045,19.1171,3.7947,59.7997,1.6628,12.187,4.2072,0.1293,15.4675,3.3689,0.4479,4.2419,19.2053,4.9274,4.0442,4.586,10.7507,1.2487,1.0927,0.6387,6.2959,2.0424,7.0294,4.0455,4.055,17.9233,1.8268,5.9261,2.5208,6.7604,12.047,1.8258,8.7536,4.0197,3.3014,3.2766,1.7188,7.0492,2.8034,2.1063,3.604,19.8899,4.7987,8.7353,8.2537,11.4586,2.791,0.5883,7.0185,1.7754,1.0219,15.3754,2.7886,10.4289,1.6195,14.1005,2.6848,1.0884,0.4003,15.8357,43.8741,2.2083,2.9617,6.3651
TCGA-TQ-A7RQ,0.8144,10.0335,15.5469,8.1036,53.2424,1.2363,3.381,1.3629,3.341,1.0921,3.4345,5.1911,4.0725,18.5284,3.5049,2.7106,7.5253,2.4501,5.8581,0.4199,3.9111,4.5054,7.4305,14.4962,4.0767,2.6025,2.9225,3.2017,3.591,3.3972,21.1076,14.1441,4.5085,1.5977,3.2484,11.6203,0.0438,15.2205,3.5179,33.6315,1.1249,17.7344,4.1561,0.1047,21.9793,4.0723,0.4644,4.6058,15.8193,5.0152,4.0563,4.7329,19.7033,2.1085,0.9272,0.5096,7.798,4.0385,9.3907,8.5243,5.2885,13.8722,2.9298,12.861,6.4908,9.4799,11.2271,1.9531,7.1599,1.0256,3.8073,6.4258,2.7321,8.4466,3.3927,1.8347,5.71,40.3179,6.7866,11.3988,7.3787,12.3817,4.3873,0.9274,5.9696,1.8629,2.4872,13.2673,3.0797,16.3076,3.5992,16.8996,3.3119,0.4068,1.9402,10.864,7.6995,2.1446,3.6714,7.0173
TCGA-TQ-A7RJ,0.7574,8.9969,7.8282,9.613,79.3253,1.187,3.1779,2.6262,2.4946,1.3817,4.3174,8.1482,4.6671,19.4819,2.6469,2.6411,8.9433,5.4619,8.0452,0.2269,4.4103,4.1071,10.2182,23.1315,4.0416,3.2639,3.5911,3.0897,4.0894,2.5664,16.9023,8.0745,4.4491,2.1973,4.8307,6.8013,0.23,14.509,3.3152,54.2798,4.2553,10.8974,3.6498,0.4966,19.3379,4.5496,0.4685,2.6957,24.0002,4.7513,4.9612,7.0687,8.8927,1.419,1.9206,0.7304,6.5257,3.1324,8.7575,5.4292,3.8688,14.4197,2.1324,8.6776,2.7399,7.3568,10.8528,0.6728,8.7592,2.6378,3.8181,2.6426,2.0695,7.2807,2.2653,1.2664,3.2688,23.3683,5.7372,6.3297,10.3968,11.5667,3.1888,0.6414,6.5386,3.6378,0.8529,13.3813,2.7614,18.0911,2.4899,13.3528,3.0013,0.563,0.2333,19.4967,23.0663,4.5242,2.9466,4.7363
TCGA-DU-8166,1.7392,13.3921,17.9033,8.6446,88.4962,1.5321,4.8968,2.6074,3.1508,1.5825,3.8006,7.0752,3.8466,28.228,3.7216,3.3296,8.3826,3.2471,8.7048,0.4136,5.2176,4.9902,14.7179,33.3891,4.533,4.6143,2.8545,5.4954,7.016,3.103,19.5089,14.2787,6.4287,2.0996,3.6456,6.0641,0.2381,12.5137,4.0795,77.3016,3.6235,18.0732,5.6445,1.5776,26.3061,5.9257,0.3084,5.7899,19.3126,6.0593,6.1691,7.6868,14.083,1.8011,1.5842,0.6313,8.5596,4.2288,7.8379,6.0154,6.1259,14.6675,4.1684,11.0773,6.098,13.1374,19.5526,2.3276,14.0765,4.7994,4.7629,6.5269,2.5605,9.5555,4.5529,3.3654,3.8867,41.8389,5.3217,8.5824,11.9001,20.633,3.5702,0.7336,7.914,6.975,1.4249,17.9284,3.8355,19.2959,2.3699,22.3716,4.0754,0.6749,0.5947,25.476,31.629,5.1203,4.5995,7.9582
TCGA-WY-A85C,0.2334,9.8083,11.5914,8.3308,72.0386,1.6429,3.4783,3.9973,3.5486,0.5401,4.8182,7.7297,3.1031,34.0156,2.5008,2.3846,9.9856,3.3423,6.6645,0.5495,3.5253,3.2028,11.7327,15.8449,5.0584,4.3533,1.2329,3.1959,4.2823,4.893,24.751,10.516,5.9676,2.5364,3.2674,11.6269,0.0771,16.0234,3.3897,49.1283,3.3962,12.6667,2.9921,0.0319,31.9314,6.5094,0.3201,7.8329,22.0266,4.597,5.9309,8.5597,16.1132,1.7274,1.1859,0.8938,7.2066,2.2682,8.0922,8.1434,4.0381,10.3445,2.6831,14.0896,3.5655,10.0289,10.9508,0.0738,4.5167,3.5918,4.5956,4.2158,2.1559,9.0721,2.5814,0.3684,1.5008,17.7942,6.4023,9.2127,8.9048,4.4622,3.7142,1.686,7.9903,2.1858,1.2397,18.0956,2.7531,5.8483,3.4094,18.7152,3.1777,0.0238,0.0806,13.3739,7.7346,4.026,3.3414,3.5743
TCGA-HT-7467,0.4888,9.0703,13.5301,8.8859,83.4029,1.2196,2.4385,1.5235,1.7038,1.1463,4.3528,3.2877,5.4571,11.2034,8.5314,4.612,7.2872,1.825,6.2875,0.2292,3.6604,4.9486,8.6405,12.252,3.3694,2.4032,1.9245,3.2999,7.6816,1.7417,15.8519,12.7695,4.0565,1.555,1.8144,5.4707,0.1383,35.7304,3.8921,60.2804,1.2723,10.5021,3.5625,0.4405,12.3712,3.6469,0.5918,6.5848,15.2048,6.7535,3.9832,5.3313,12.1803,1.9513,1.0649,0.6924,7.3325,3.7394,8.2521,3.8151,3.2357,11.9763,1.7181,7.1529,4.5352,4.4492,11.0255,1.1503,12.9146,3.6417,3.7332,7.7146,2.4404,7.8181,3.2239,6.8058,12.9107,26.4321,5.4003,8.4294,8.6951,30.5191,3.6893,0.8195,6.9998,2.0638,1.198,12.9887,3.3278,8.9328,1.4367,13.9094,5.3821,1.1761,1.8796,9.9716,10.406,3.1983,4.1837,7.505
TCGA-E1-A7YU,0.204,7.2863,8.5843,9.4165,57.691,1.0197,2.8934,2.594,1.6991,0.9146,6.9078,8.3134,2.9306,14.8811,3.2195,2.3326,8.6411,4.3031,7.1967,0.186,3.794,3.0766,6.2208,14.7335,2.4149,2.3658,1.7483,2.5907,4.5128,3.1588,18.3097,5.373,3.882,2.0122,2.3555,4.5294,0.115,17.7477,2.8412,40.507,3.9194,8.493,3.089,0.1754,17.6397,3.6198,0.2916,3.1643,13.0477,3.2868,3.7863,6.5061,8.321,1.249,0.8215,0.8379,5.6585,3.2382,9.2488,3.9317,2.9416,11.9923,1.7756,5.1767,2.1517,3.6765,8.4469,0.9935,7.3656,2.5449,2.2836,2.6551,1.6118,6.4927,1.4594,1.4722,6.5656,13.1165,5.5121,4.9145,6.1341,10.8196,3.1807,0.4057,5.831,2.882,0.6722,9.571,2.6351,16.2381,1.4886,9.1638,2.6268,0.6769,0.2944,9.7562,26.7486,3.7693,2.6168,4.7485
TCGA-E1-A7YE,0.665,10.7868,10.5333,12.3141,87.6567,0.8708,2.9213,2.3096,3.2752,0.5215,4.0547,6.5365,1.6423,6.435,2.6951,2.7152,6.4595,3.5823,7.4904,0.506,4.1614,5.083,8.2346,22.0068,2.0669,3.2636,1.9953,6.6758,4.3921,2.2955,27.5509,8.4137,4.0729,2.6612,0.1134,6.0022,0.2691,16.1212,3.3549,25.1298,3.3691,12.7975,4.6386,0.1144,23.5086,5.5205,0.6927,4.0569,15.3757,2.5332,8.4586,8.5005,12.2611,0.9368,3.6076,0.5554,6.7587,3.2923,9.2882,5.0197,3.3874,17.1879,2.867,8.8121,1.7345,6.1957,13.9707,0.3939,10.8559,7.0295,1.925,1.2922,1.3806,7.4588,4.6043,0.3211,2.0194,13.6031,5.9974,6.3388,7.9747,8.9134,3.9758,0.9835,6.1625,4.6386,2.6776,8.0074,3.822,24.2444,3.0092,15.4762,2.6378,0.0847,0.3956,6.0955,22.2053,5.1506,2.6422,3.9375
TCGA-TM-A84B,0.3663,9.2254,9.8598,11.545,79.522,0.4862,2.4589,1.4054,2.651,0.6998,2.8929,5.7057,1.5653,17.7083,2.4333,1.7485,2.3004,2.3944,6.0648,0.3723,3.3052,4.1582,8.2571,26.2868,1.9118,1.5356,4.8606,5.7743,6.284,1.4219,17.8002,15.2037,4.7275,1.5607,1.6384,4.2589,0.7983,18.2912,2.9231,33.9115,4.3838,12.6627,5.3351,0.7498,17.5843,4.7464,0.272,3.4847,9.6813,5.1021,3.3455,8.4482,12.407,0.5501,4.7065,0.3376,5.7606,2.2438,3.6504,4.0548,2.8521,14.837,2.1221,4.1805,3.2801,3.6775,17.7762,1.7964,4.5056,25.113,1.4163,5.5749,1.3158,180.7864,1.9736,6.932,0.7118,20.0707,5.2876,8.7689,5.0575,17.9471,2.8599,0.5727,5.1463,8.76,1.1077,12.7902,3.9454,13.6528,1.7671,10.3759,2.01,0.0306,2.4329,37.953,11.3254,3.176,4.0988,6.8974
TCGA-CS-5395,1.5425,12.3845,17.508,8.8871,108.9279,0.623,2.5578,1.2447,1.8626,0.7838,3.8563,7.4067,1.2954,14.4149,4.6991,2.2199,5.774,9.0095,14.6462,0.0903,4.0912,3.857,13.9486,89.1124,5.1113,3.6329,2.9968,4.5745,4.7132,1.4732,34.2887,7.7731,6.9455,1.2632,2.162,5.7694,0.1902,18.4429,4.361,90.7816,6.3242,17.4132,5.3281,0.2959,6.9653,6.0881,0.3736,4.333,11.7395,6.0419,6.5157,7.5046,17.5401,0.6307,3.0271,0.3402,9.8077,0.7396,4.3483,5.2519,2.3592,22.0863,1.4803,5.4517,3.2114,1.8685,21.9535,1.4511,14.7066,13.0309,3.58,1.845,1.3496,5.3727,3.0419,14.3772,18.8365,26.0823,3.8847,8.531,7.598,13.9523,2.817,0.5682,6.7429,5.1418,0.4094,17.0136,4.2951,18.4053,2.0554,15.5473,2.3399,0.3183,0.4304,36.1813,44.656,4.7414,4.1554,7.847
TCGA-TQ-A7RW,0.7465,10.8854,12.1114,8.3632,70.2207,1.4268,3.6475,2.793,3.4608,1.5352,4.6887,9.4746,3.2243,18.6775,3.9469,2.3373,9.3295,3.8801,8.2539,0.2188,4.7988,4.5005,10.758,24.2228,2.9193,3.2865,2.6384,5.0454,6.6233,1.8241,21.4762,10.9046,5.1661,2.4747,3.3111,13.3035,0.2646,15.9101,3.4088,44.061,3.7004,12.4773,4.7997,0.2083,19.3038,4.7035,0.6572,2.3614,22.4674,7.3246,6.6521,8.8579,9.0144,1.4962,2.3511,0.7818,6.7675,3.4755,7.4343,7.6446,3.5603,16.631,2.255,9.3855,2.8599,11.0691,15.3242,0.776,12.3733,7.9624,4.3677,1.0517,1.8934,7.7012,3.1063,0.73,3.3811,16.1214,6.4235,9.6205,10.914,7.5173,4.2157,0.8288,6.194,3.9762,0.9189,8.6934,3.8843,13.161,1.988,14.9047,3.0885,0.4945,0.1921,10.8902,28.5457,4.5525,2.8322,7.32
TCGA-HT-7470,0.74,9.2629,15.5154,9.0293,89.2059,1.2578,2.0802,1.9823,1.9035,1.7132,4.2466,6.5699,5.815,13.8372,5.6786,4.6983,8.757,4.7242,7.5529,0.2224,3.7793,4.5468,10.2137,26.4114,3.9659,3.2147,1.9677,3.6037,5.8337,2.6948,17.7145,11.7402,4.8728,1.7794,1.4273,5.9786,0.0977,21.8731,4.6377,65.9181,4.6272,11.0029,4.4578,0.5117,14.4207,4.6718,0.4864,5.9124,23.2019,5.7446,4.4134,6.181,11.531,1.7071,1.1493,0.6485,9.221,1.4643,10.2186,4.3823,3.3619,12.4058,1.4998,9.7375,3.707,4.9307,12.322,0.7649,13.2729,2.8209,4.2484,8.2672,3.0384,7.7296,3.67,3.1006,8.7202,38.227,4.463,5.6285,7.5792,18.4333,4.2128,0.8934,7.5817,3.7411,1.1796,15.2331,2.9729,11.3739,1.8459,14.7769,4.4474,1.0627,0.6476,10.0019,33.8825,4.4289,4.1252,5.2196
TCGA-TM-A84T,1.1538,10.5546,12.8532,8.3967,83.2162,1.3713,4.0083,3.6367,3.3962,1.3039,4.8562,8.7925,2.3565,30.8717,3.4403,2.3184,6.5709,4.7944,9.048,0.4122,4.8177,3.1598,10.3811,24.2453,5.2084,3.3268,1.5483,2.8349,3.7225,4.2982,25.2755,9.7833,5.1368,1.8033,3.6567,5.7873,0.1353,14.7127,3.0863,79.034,3.258,16.0438,4.4876,2.5586,24.4329,4.4198,0.2574,2.8542,14.6274,4.2933,5.069,7.2069,13.7225,1.6132,1.4006,0.4585,7.1716,3.5267,6.8411,6.8151,3.4498,12.5706,3.0122,19.9511,3.5296,11.0689,14.3595,0.7644,9.4193,5.7187,3.497,2.7924,2.2589,7.1259,2.7504,0.6897,9.783,34.3227,6.85,5.9426,8.3305,10.6758,3.4314,1.0433,6.3322,4.1907,0.8452,14.6573,2.9267,10.2616,3.408,16.8956,2.955,0.0944,0.2171,8.9519,23.4724,3.8931,2.7401,5.9922
TCGA-HT-7606,0.9782,10.2796,14.4086,8.2975,39.459,0.8604,2.4803,1.7812,4.2928,0.2381,4.1496,6.5641,2.3946,24.2544,3.2819,3.6208,3.8154,2.2145,9.0529,0.4288,6.3935,3.9331,11.054,35.3149,3.6628,3.5269,1.336,4.4039,4.5186,1.681,35.3671,14.8119,6.2318,2.2285,1.8996,11.2872,0.1304,26.5339,2.9634,25.772,2.5335,7.7564,5.9803,0.3083,33.4336,4.5877,0.3534,6.5461,28.0769,7.7029,4.6096,10.3172,10.0703,0.7555,2.6244,0.3822,9.1058,2.3461,5.9379,6.9911,4.3928,11.1534,2.5959,12.9804,5.2859,8.0272,14.6054,0.541,8.4772,20.5903,2.7184,6.604,2.2955,9.0615,3.0804,3.8937,2.1059,7.2062,5.5618,8.4795,5.9853,2.3437,3.9878,0.9025,7.9466,1.3187,1.0254,11.4214,2.9443,6.68,6.1231,20.7156,2.1523,0.129,1.0232,9.5874,11.5589,2.6684,4.2851,8.4475
TCGA-FG-8187,0.6563,9.9678,12.0254,6.4332,95.6201,1.3153,3.2159,1.7226,1.9876,0.6623,8.0019,4.0548,3.1306,16.2539,7.3723,2.1574,6.4542,4.4394,6.9301,0.1345,3.3864,3.8353,10.8439,14.9703,3.8095,3.2918,2.6891,3.0303,7.0986,2.7201,16.1413,11.4903,3.7269,1.9855,3.8031,7.9614,0.5592,30.8351,3.3813,71.3845,2.0669,11.1064,3.5624,0.1974,13.0108,4.1211,0.2501,5.0435,15.4403,6.5008,4.9682,5.4257,8.3981,1.5251,1.1067,0.6338,7.0534,1.2693,6.0668,5.0529,3.8857,11.7194,1.9068,5.7225,2.7725,4.9867,11.5651,0.9797,12.3543,2.933,4.2463,2.8,1.622,7.5902,2.4969,2.2612,11.5896,19.2958,5.6135,6.7974,8.6616,20.8574,3.3218,0.5889,5.9225,3.1094,1.1406,12.8827,3.4225,9.4252,1.3923,14.0245,3.6687,0.4633,0.7172,20.669,17.0464,3.6759,3.481,6.1476
TCGA-S9-A6WQ,0.2219,7.1284,8.356,4.689,57.9368,1.0866,2.0157,1.8248,1.3476,0.9367,4.5856,5.727,2.0667,19.575,4.1003,1.9544,6.132,4.1193,6.6063,0.133,2.5582,2.9643,4.9685,13.6316,3.2526,2.7047,1.7185,2.4032,5.0467,1.9228,10.8317,6.2301,3.2905,1.8457,1.7347,5.8142,0.2051,21.8291,2.2295,36.0385,2.176,8.0944,3.0111,0.7762,12.4094,3.1721,0.265,2.9871,12.5756,3.6766,4.0006,5.3979,8.5278,1.8319,0.9515,0.6006,5.2315,1.8233,7.187,3.8194,2.8315,10.3128,1.1262,12.1646,2.1264,4.9369,7.9294,0.676,9.1738,2.4912,3.1553,1.643,1.1795,6.0186,1.155,0.5467,7.1694,22.9605,4.7953,4.7767,5.9371,12.8675,2.6416,0.3153,5.9358,1.3827,0.5944,10.2081,2.5275,8.1787,2.1354,9.34,2.6787,0.1828,0.1112,6.7999,18.2805,3.3523,1.9541,6.2919
TCGA-TQ-A8XE,0.5587,8.8375,9.657,7.2873,43.1265,1.0296,3.098,2.8115,2.0939,1.8068,4.7677,8.3756,3.2813,9.2992,4.4447,2.056,6.011,3.0888,5.1919,0.1156,3.9116,4.0257,8.7351,16.4171,3.5038,2.9085,1.8559,2.6029,3.3781,2.6516,22.0197,8.1997,3.9474,2.6017,3.1905,6.1344,0.0951,27.1073,2.9635,26.8194,3.3055,12.7199,3.1896,0.709,34.6339,4.7757,0.681,2.4418,25.2237,3.3127,4.8244,6.4883,10.9463,2.1004,1.4049,0.5266,6.955,3.0365,6.7652,4.358,3.2885,11.8466,2.1837,6.6032,2.6071,14.9891,10.0966,0.7272,8.6758,3.8028,3.1758,0.7829,1.4641,7.1687,2.4159,1.0145,1.2469,42.8539,4.7102,4.5556,8.7164,2.7075,3.4191,0.8596,5.439,0.7477,0.303,5.1738,5.2073,11.263,1.9,16.4012,3.5321,0.2299,0.1582,9.6644,11.1552,4.0024,2.6279,5.9264
TCGA-DB-A4XE,0.3622,8.4152,11.2922,8.7239,75.739,1.1642,3.736,2.6245,2.6501,1.396,3.7981,7.4455,3.5039,28.8654,3.1186,2.7303,7.4898,3.4376,8.0644,0.2363,4.3174,3.1525,9.2493,13.5213,3.6963,3.2212,1.5759,2.8036,3.5798,2.6309,20.0097,11.5887,4.7687,1.5527,2.9536,6.6049,0.302,14.1706,3.0059,50.2476,3.2536,11.3408,5.0883,1.392,24.7146,2.7798,0.2824,2.6747,19.4794,4.2693,3.889,6.9524,11.4356,1.492,1.0775,0.3523,6.2284,2.6303,8.7324,6.9276,3.7089,11.0142,2.0172,11.2245,4.8386,6.7196,12.4015,0.8697,7.6724,3.5962,3.015,6.0933,2.138,7.4008,2.137,2.2979,4.0383,22.6025,5.6979,6.1818,6.8277,18.4065,4.3546,0.445,6.3782,3.3366,1.0395,20.78,2.5926,9.6382,2.6459,12.838,2.7457,0.4411,0.5837,15.4927,27.599,3.2566,3.0733,5.9042
TCGA-P5-A72Z,0.4007,10.9001,9.4372,8.0171,72.1795,1.1796,2.4015,1.0674,2.8404,2.1072,4.0163,3.7416,2.0575,9.4619,2.6705,1.5111,4.5656,1.1325,3.7292,0.1734,3.165,15.5913,5.4093,0.6458,3.6826,2.1751,1.2591,2.0824,3.958,2.5077,25.5398,9.1281,4.5526,1.8061,2.7795,10.3215,0.0167,11.9849,2.3427,35.7307,1.3795,18.3626,2.9364,0.0178,20.6953,5.8742,2.0671,4.5098,15.0657,3.8152,3.2546,5.2619,5.0646,2.2117,1.3433,0.5067,6.5088,5.4913,7.7357,4.1761,3.5787,9.0725,2.6637,9.2147,3.3546,17.7823,9.4541,0.2309,8.5839,0.1158,2.2088,2.7047,1.2092,6.8514,2.5856,0.3355,2.2402,47.5868,5.2284,3.7409,5.1839,1.1652,2.555,0.5986,4.887,0.4903,0.605,5.5788,3.3829,7.4294,1.8088,13.1804,2.0404,0.009,0.6124,2.0644,0.4308,2.5482,1.9232,7.2935
TCGA-DB-A64V,0.1373,7.8146,7.4011,4.9391,59.7244,0.8277,1.5977,1.1105,1.8309,0.5146,6.0978,3.4254,2.2869,9.1336,4.3548,1.6055,7.1756,2.9065,6.5036,0.1554,2.1221,2.0856,6.9478,7.995,2.4467,2.3734,1.0941,1.8915,5.6822,1.4274,13.4866,6.3451,2.8866,1.7946,1.4012,3.4987,0.2518,31.3371,2.44,33.2236,1.6034,9.8083,2.6083,0.0695,8.2072,2.7193,0.3242,2.9532,11.9948,3.5265,4.2201,5.0418,6.0396,1.519,1.2032,0.5718,5.05,0.4443,5.4898,3.9126,2.7084,7.4403,1.0946,5.6111,1.3731,2.9158,8.4479,0.7572,8.1839,2.0576,2.8169,1.6303,1.315,7.0598,0.6952,1.2386,5.863,25.5287,4.6801,3.4426,6.1272,12.9381,3.1921,0.355,6.5039,1.4526,0.9106,7.8389,2.8473,5.7455,0.9472,7.7038,2.3999,0.0864,0.3078,7.0479,14.7151,2.5727,2.1132,3.6907
TCGA-DU-A5TU,0.2551,7.55,7.3401,4.0733,42.4002,0.8921,2.549,1.645,1.5783,0.4612,3.1504,5.1596,1.5465,17.266,1.5818,1.7232,7.7039,4.1097,6.8584,0.5757,2.2671,1.8308,2.9839,15.1449,2.2336,2.1736,1.024,3.6958,2.2595,1.6518,8.875,3.0195,3.8705,1.6941,0.3563,3.6714,0.1875,14.5803,2.4965,23.8904,3.6543,10.6897,3.667,0.1177,19.301,3.7214,0.2597,1.1194,10.1839,2.8731,4.2043,5.8697,8.5861,1.2385,1.057,0.567,4.6951,1.577,6.1977,3.6344,2.6247,7.0338,0.9545,8.1271,0.7856,2.3161,10.3083,1.0197,3.9414,2.7425,1.8547,2.576,1.5327,6.792,0.5768,0.0696,1.6867,8.2118,4.7689,4.595,6.646,4.3573,3.3738,0.2943,7.4031,2.1679,1.7128,10.0994,3.9402,5.7885,2.0673,7.9287,2.2941,0.0971,0.0869,7.4392,17.8605,2.6388,1.8271,2.3265
TCGA-E1-A7YV,0.4342,9.2765,10.8872,8.6659,73.9133,0.839,3.8347,2.9318,2.5879,0.5303,4.0841,6.5813,1.5106,16.2766,4.997,3.2618,5.74,2.4662,6.6958,1.4208,6.3832,3.5634,7.3242,10.7502,4.2788,3.4103,1.7513,4.3217,4.2398,2.6414,19.5923,12.2188,6.314,2.2102,5.5118,5.0874,0.0679,16.9187,2.8772,34.4304,3.4136,13.3789,6.3106,0.8228,24.5428,4.3279,0.3099,4.278,18.6684,4.8113,5.5265,11.2511,19.0038,1.0999,2.6388,0.7767,7.7367,1.8322,7.1846,4.1197,3.0018,9.8083,3.2462,6.1105,4.0797,6.4573,12.2564,0.4304,7.9267,2.2421,3.1308,2.9263,3.1474,3.8705,2.9441,1.9786,3.3517,15.1561,9.2326,12.2047,5.7489,7.5076,2.3594,2.1582,8.9008,2.6148,1.4871,17.8249,3.3108,10.5438,1.7845,15.6681,2.4255,0.1994,0.4225,10.8084,17.8944,3.44,4.0258,3.6751
TCGA-QH-A6CV,0.0708,6.723,5.3322,6.4856,45.8857,0.5056,2.1741,1.6313,1.9054,0.4387,3.4448,4.7467,0.8532,6.762,2.069,1.1561,4.7958,1.4706,6.1301,0.1967,1.413,3.3105,5.7736,5.8767,1.6218,2.393,2.5683,2.779,3.421,0.6508,13.2353,16.0009,3.4452,1.3337,3.4977,3.3519,0.4472,12.748,2.4838,16.911,3.056,14.2194,3.4099,0.035,8.1769,3.3213,0.2894,0.9663,8.414,3.6291,3.4584,8.7769,6.152,0.4384,2.4199,0.4395,3.7666,0.2543,2.9573,4.0653,2.2148,6.1447,0.7194,1.995,1.2527,1.3868,14.5997,1.7367,4.395,9.659,3.1869,0.2814,1.0579,6.6554,0.7497,4.1011,1.8409,10.7847,4.0368,3.7677,6.0826,4.3768,2.7218,0.4271,5.3938,1.8781,0.4871,6.208,2.4408,3.8572,0.9341,10.9888,1.7774,0.0579,0.5746,50.4922,1.8629,3.4331,1.5211,2.6146
TCGA-HT-7607,0.3907,9.4806,13.5964,9.3221,58.6805,1.0049,1.8254,1.0801,1.8247,1.815,3.0179,4.7622,9.1833,9.4049,4.5252,8.2858,9.0609,3.3064,8.0695,0.3355,2.7464,6.2729,7.7221,19.986,3.8571,3.5924,2.893,4.7449,6.0595,2.0102,15.9667,13.6273,3.8428,1.4232,1.8428,4.4978,0.1736,18.4124,5.5264,37.8768,1.4225,12.5209,3.7094,0.7636,10.2933,3.9803,1.1305,8.8569,24.1215,5.2494,4.0727,4.6441,8.9592,1.9016,1.1729,1.0552,11.2364,4.7984,11.3606,3.0385,3.4379,10.7306,1.243,3.0867,8.4725,1.8388,10.0499,0.4585,8.9131,1.6495,4.6763,14.3284,3.9644,8.2684,4.1309,13.5927,10.0041,37.4928,5.0011,4.8658,9.4258,18.3557,4.7793,1.041,8.2229,3.695,1.5267,15.2285,2.6224,15.0383,1.0916,12.4331,7.3733,2.4842,1.5112,11.4202,25.1784,3.1204,6.813,4.5521
TCGA-HT-A61B,0.3003,8.3117,7.9685,6.9334,56.6955,1.0951,2.3448,2.4163,2.4679,0.6673,4.0191,6.3177,1.3461,17.7164,1.6208,1.5583,7.0333,3.0129,8.6715,0.2413,2.3898,2.6595,5.2474,13.5494,2.3184,3.5831,0.9262,3.9318,3.6927,3.026,16.0633,4.2257,4.2002,1.7347,0.9241,5.9511,0.1965,13.9571,2.7632,17.3685,4.3523,9.1164,3.8438,0.116,25.9627,3.9969,0.282,3.3181,7.703,2.6485,4.207,9.898,10.1792,0.8921,1.8612,0.9774,7.4118,1.2522,6.5228,5.3503,2.6418,7.2731,1.4993,8.6333,0.9495,5.1845,11.5069,0.3106,5.7664,3.8847,3.2729,2.3342,1.3944,7.2607,0.7383,1.4441,2.2081,3.503,4.3418,4.4104,5.5014,1.3662,3.8439,0.3479,6.3588,1.6337,0.9081,11.8697,3.6429,9.2997,2.7545,9.1982,2.4361,0.1415,0.0428,7.0201,7.4762,3.3106,1.7974,2.5109
TCGA-S9-A6UB,0.3368,8.7339,11.839,6.7156,63.604,1.1439,2.6975,1.1737,2.8321,0.8891,3.7393,4.6838,3.2312,22.785,3.3971,1.4011,7.0259,2.4161,5.7696,0.1527,2.9086,3.1883,8.1254,14.2769,3.5233,2.2214,2.1292,2.2545,3.3447,2.9748,22.5119,12.8202,5.0934,2.0166,1.7599,11.8785,0.0844,20.0289,2.9362,35.5573,0.542,14.4699,4.6442,0.3181,18.2035,3.5058,0.8046,3.9102,13.8484,4.297,4.4077,5.2206,14.9348,1.9399,0.8754,0.739,6.6205,2.9062,9.4059,6.3039,4.4667,13.0905,1.9693,12.8018,4.2281,9.0655,11.836,1.3396,8.5756,2.6561,2.9789,7.2635,2.0023,8.958,1.9558,0.3799,3.0814,24.6772,5.5699,8.7362,5.5666,11.2913,3.0202,0.699,5.4072,3.4817,2.1877,15.427,3.5195,7.7584,4.6077,15.3896,2.773,0.0624,1.5235,8.4807,6.1944,2.1464,3.1989,7.9049
TCGA-S9-A6WL,1.1762,10.2793,15.5064,12.4856,46.0843,0.9248,2.1451,1.0347,2.9922,0.6642,3.1236,4.1877,4.0825,21.7719,3.5696,4.9699,9.9177,2.3082,7.1748,0.1884,3.2593,5.7998,7.5619,11.6418,3.4244,2.7945,2.7007,5.4882,4.0924,1.2944,19.3629,16.1686,3.9303,2.3475,0.8269,10.7722,0.1087,13.7835,3.492,24.0834,0.8311,14.1348,4.1179,0.1373,13.5383,3.3289,2.1521,3.6902,17.3272,5.4226,4.2826,4.5858,6.8302,2.0485,2.0658,0.4219,8.0315,2.423,10.5904,4.7803,3.5519,10.8885,1.6337,6.322,5.1884,8.1098,11.5317,1.5023,6.5972,1.6435,2.9088,10.5065,2.9822,8.02,3.1143,3.0451,5.8488,43.0175,5.6247,7.9339,9.5678,8.5277,3.7723,1.2969,8.9349,2.6711,1.8225,15.9718,3.0811,9.983,2.1499,15.8208,3.6313,0.8525,0.7169,4.6269,7.4178,2.3548,3.7702,6.8113
TCGA-DU-5871,1.1029,11.6712,16.9145,6.3204,85.7302,1.294,2.7858,2.8907,2.4825,1.7084,4.6468,6.2245,2.8689,26.6285,2.7572,2.3747,6.5562,4.0965,8.5391,0.2212,3.28,3.4238,10.4189,28.0141,4.3979,3.6804,2.5632,3.4741,3.493,3.2691,21.8231,12.023,4.5034,1.7296,2.1574,10.2776,0.1909,17.0964,3.9764,57.8489,3.7742,14.6973,3.9202,0.2252,15.9447,4.8652,0.4653,4.2974,20.7029,6.0021,5.3997,5.9467,14.1451,2.0036,1.4814,0.4787,8.8628,2.6277,9.1525,8.2974,3.9736,16.1918,1.7473,15.4265,2.8534,9.0807,12.2995,0.4333,11.7625,2.7866,4.7447,2.6806,1.6342,7.9449,3.7058,0.8164,2.5381,35.4291,4.6733,7.6752,11.5299,8.2827,4.7795,0.7706,6.8521,1.3733,0.5751,14.7602,2.9201,15.3617,1.836,16.5806,2.6988,0.2408,0.1817,22.4688,34.9581,5.1763,2.6867,7.7271
TCGA-FG-6691,1.745,12.6925,17.8617,7.2593,93.3805,1.3613,2.9659,2.324,2.4625,2.048,6.1827,8.8125,3.4849,27.0618,3.1457,2.1062,14.2837,3.9866,9.1989,0.0715,5.6133,4.1747,14.6921,23.9933,4.2678,3.4002,3.2383,5.2004,5.3959,3.0893,24.5684,12.4145,5.1859,1.8558,3.6171,8.1722,0.9238,14.9757,4.0605,77.3582,6.8658,17.2502,5.466,1.8631,14.795,4.6742,0.6368,2.0565,36.2444,8.8882,5.8404,4.6157,11.5704,1.4062,2.4941,0.414,9.0753,2.0432,8.8259,8.7101,4.468,16.2869,1.4954,10.5032,3.763,9.1889,15.5239,1.2003,11.3518,5.7373,4.911,1.6002,1.7009,9.4978,3.3134,2.6064,2.9969,47.2874,4.6093,7.2871,13.3979,14.6766,4.608,0.3973,7.0056,0.9758,0.4538,16.5878,3.9504,11.4062,2.01,19.8622,2.5913,0.1724,0.0541,27.8663,26.0403,4.8497,3.6034,7.1817
TCGA-TQ-A7RO,0.9747,11.6785,20.4255,13.3364,82.2042,1.197,2.922,1.1204,2.366,1.2116,3.6821,5.9584,3.9368,26.5799,4.4074,3.0375,10.2518,3.3879,7.6347,0.3405,6.1353,4.1521,11.5338,19.3227,4.52,3.622,4.0903,3.7826,4.2301,2.6873,22.02,17.0789,3.466,2.3643,2.4698,4.679,0.5952,14.0761,3.9578,55.0593,1.5472,13.5148,3.7174,0.1087,18.3533,3.798,0.4525,3.59,17.69,5.475,4.9228,4.333,14.5768,2.0522,1.6504,0.3935,7.7281,2.7504,9.2344,5.7728,4.8422,20.3563,2.8494,6.2912,4.1981,6.5403,13.3608,2.1598,8.9985,3.2548,3.1322,5.3231,2.355,8.7659,3.8592,2.6411,2.747,34.7416,6.0574,8.879,9.9952,26.0216,3.7235,0.9884,7.0576,1.0161,1.7855,14.4194,3.6474,15.2574,2.945,17.2343,2.9447,0.2608,1.9513,15.209,24.8499,2.5357,5.7898,6.8797
TCGA-QH-A6CY,0.3593,8.0336,10.717,7.7696,70.348,1.0173,2.1457,1.1255,2.0976,1.5002,3.9885,4.7134,5.8217,14.3969,4.6913,4.2029,7.7179,3.0549,7.8483,0.1457,2.6466,3.6591,7.9365,10.8605,3.2278,2.9044,1.4356,3.132,6.2294,1.9631,15.2522,12.0589,3.7685,1.6363,2.0693,4.435,0.1062,26.7661,3.9244,46.1114,1.706,10.0932,3.5894,0.7194,13.9732,3.7317,0.5612,5.2942,17.5824,3.9816,3.7699,4.9167,11.4132,1.4338,0.9365,0.8629,7.9831,1.9279,7.5475,3.9133,3.0308,9.4207,1.3189,4.6371,4.3682,4.4199,10.5889,1.123,8.2475,2.3064,3.2803,7.5731,2.7459,7.4611,2.4014,3.4173,8.1313,29.0359,4.8534,5.2691,7.9747,16.8491,4.286,0.8201,7.1501,2.6723,1.5707,13.5346,3.2606,10.1839,1.508,10.9555,4.9616,1.1878,1.2377,9.7897,14.4794,2.6135,4.1227,5.3067
TCGA-HT-8013,0.4868,8.8148,10.3045,8.1828,68.723,1.1364,3.6116,2.3036,2.1225,1.8233,3.8606,6.7492,1.9127,16.8754,3.2155,1.7378,6.7198,2.6324,7.1894,0.1824,3.177,2.7744,7.7978,12.6855,2.9861,3.3543,1.3272,5.4158,3.4382,2.663,16.5617,8.8884,5.3812,1.4476,3.9741,7.3737,0.2155,13.3439,3.2592,53.4933,2.6619,13.4293,3.9369,1.9015,21.7846,4.9107,0.5695,3.0472,16.4582,3.543,5.0573,7.9728,10.3803,1.1927,1.6539,0.4596,5.5797,2.0957,7.445,6.4096,3.499,13.077,1.7159,12.9503,1.9211,7.7832,13.1076,0.9931,8.5926,3.5986,3.374,1.2003,1.514,7.0494,2.6378,0.7084,3.4847,15.0716,5.6419,5.4374,10.4293,9.6546,4.2784,0.4258,6.3056,2.6618,0.8838,12.6049,2.9372,6.4423,2.286,12.6601,2.4532,0.1419,0.1428,17.3093,12.6359,3.7843,2.1472,5.0137
TCGA-DU-6397,1.0018,10.7487,12.7392,6.705,63.6751,0.9105,2.5406,0.9944,2.0157,0.9407,3.745,4.7819,2.0464,15.7843,3.6431,2.1499,6.4714,2.4961,7.2391,0.3506,3.0207,3.8419,7.2704,14.6913,3.648,2.1794,2.5958,2.4333,3.8082,2.4663,22.3269,11.1578,3.7167,1.7727,1.5636,8.385,0.2142,15.7,3.217,57.9568,1.2072,11.8249,3.1904,0.0308,14.2784,3.8197,1.0363,3.6344,15.3791,3.7507,3.7764,4.2867,12.1091,2.0834,1.2776,0.638,7.3126,2.2453,8.4187,4.0975,4.1797,18.0313,2.1636,9.242,2.9638,9.7681,9.8631,0.9997,11.3927,5.3915,3.1308,3.582,1.2895,7.7095,2.9706,1.9733,4.6556,29.1289,4.2845,7.9954,7.2486,13.8748,2.3883,0.7734,6.4351,3.5906,1.2526,12.2956,2.8583,13.5566,2.8344,15.2816,1.7948,0.2457,1.2393,5.6775,40.6757,2.3872,2.6729,10.3113
TCGA-S9-A6UA,0.2229,11.5986,11.4591,15.6919,54.303,1.1963,1.4155,1.3405,2.8103,0.4279,5.1537,6.2011,2.0787,11.0079,3.4772,2.3556,10.2186,1.7502,7.0019,0.0396,3.0847,3.8662,7.0152,11.5663,2.2626,2.458,2.0707,7.1333,3.7162,1.2139,29.3596,8.9255,3.8816,2.6207,2.0372,3.7545,0.5276,14.2723,2.8427,22.1923,1.4959,9.9105,4.1583,0.1235,13.6104,4.0914,0.8412,2.3342,19.8026,4.835,5.2918,6.1507,5.6009,1.1182,5.1178,0.6129,6.0095,1.8654,5.6353,4.1439,2.6058,9.2426,1.2727,5.4051,1.2813,6.7175,14.2565,0.1077,6.653,14.6752,2.8232,0.0436,1.2877,7.0151,2.8639,0.2526,3.0028,10.8098,3.9311,4.8116,12.5161,3.6881,3.8964,0.3449,7.4092,3.6096,3.7899,10.4046,4.1406,10.2446,2.1441,11.6324,2.181,0.0057,0.6386,19.672,2.9495,3.5643,1.5022,4.6855
TCGA-QH-A6X8,0.2628,8.3062,10.2729,9.2237,63.4999,1.0689,2.5041,0.9751,2.2846,0.4541,5.2302,5.2249,2.6432,19.2236,3.1994,2.1286,7.0533,2.5963,6.1061,0.4991,3.2068,3.2109,6.2027,1.9859,4.8165,2.4005,0.9188,2.2094,4.0507,2.7891,19.9849,10.334,3.9776,1.6881,0.5799,5.9007,0.1105,16.9106,2.6167,43.0372,1.6037,8.9247,1.9609,0.0652,23.0687,2.8303,0.7337,4.3063,12.2146,3.9651,3.517,4.1458,14.188,1.9082,0.9054,0.3629,5.3627,1.3691,8.7003,4.826,3.4695,11.3001,1.6536,6.2876,2.0641,3.9917,9.5324,2.4475,8.3413,3.0115,2.3899,5.2642,1.3844,6.6346,1.738,0.4687,5.6991,20.1434,4.2453,4.9577,5.6824,16.544,2.7106,0.374,5.6741,2.2171,1.5689,12.9149,3.4788,6.745,3.7901,10.8863,2.0649,0.0075,1.3629,8.1243,5.6319,2.0817,2.3191,6.6575
TCGA-DU-A7TA,0.3563,8.9185,9.7436,8.6785,56.812,0.9756,3.417,3.3678,3.6414,2.297,4.6064,10.425,1.7919,23.8351,1.9364,1.8572,6.1205,3.0531,7.5381,0.0611,3.2175,3.4529,11.0975,15.4219,3.1379,3.7147,1.5832,3.8512,1.7928,0.6631,28.8685,6.5909,4.3627,2.3205,4.0172,8.5618,0.1195,16.2365,2.6295,33.8219,4.1026,16.3254,4.4142,4.8985,21.6143,2.6987,0.4306,1.0053,18.1506,4.5531,4.4153,8.3497,11.6822,1.2993,1.7063,0.2794,5.9659,5.1212,5.83,8.3268,3.8069,13.92,1.8384,10.4073,2.617,9.4414,14.4375,1.0391,8.0674,7.9353,3.3575,0.5195,1.5753,5.6047,2.0572,1.0031,1.6176,6.5004,5.9104,5.6535,8.4292,8.9285,3.5478,0.4647,6.8843,2.017,1.2191,8.4521,4.0458,7.6323,3.2221,12.8006,3.2242,0.1941,0.1989,13.2906,11.362,3.2541,2.8432,6.316
TCGA-HT-A617,0.0941,12.0736,8.4843,6.7122,38.7998,0.7624,1.9085,1.5187,1.7125,0.6148,4.7667,4.8681,3.0748,12.3421,2.5046,2.4642,7.2162,2.2623,8.9481,0.0444,2.2007,2.6257,6.2823,17.8278,1.68,3.0581,5.5112,4.0253,5.6008,0.7714,14.8596,13.8023,3.2793,2.2215,1.9269,3.485,0.6189,15.0449,3.2728,27.4487,4.3141,11.9111,2.9978,0.958,5.9066,4.683,0.3495,1.6898,12.2153,4.0164,4.8271,6.9988,4.9408,0.7625,2.5713,0.7483,6.2112,0.9843,4.139,3.827,2.067,6.7657,0.7462,1.8304,1.2057,2.109,9.9136,2.0735,5.2375,1.5556,3.1239,1.0886,1.3437,8.2509,1.7983,10.2318,2.4665,17.6168,4.4724,4.8843,7.8411,9.1466,4.311,0.4023,7.7721,3.5849,0.7503,10.0546,2.6502,5.3578,1.4178,8.9448,2.7949,0.1191,1.414,43.0616,6.1648,2.9766,3.2806,3.5939
TCGA-DU-7018,1.1483,10.4725,18.5325,5.9333,69.8871,1.1591,2.5005,0.9002,5.1605,0.6589,2.9092,4.4729,2.7126,21.6053,4.0007,2.2055,8.221,1.4428,6.1539,0.7457,3.495,4.3441,7.7794,19.585,3.2853,1.6331,2.2329,3.8339,3.4605,3.2226,25.1535,19.8375,5.1918,1.9351,0.3516,19.0112,0.1088,18.0457,1.9434,41.4723,0.7912,15.6016,5.788,0.0305,29.3697,3.0687,1.8895,3.5033,15.9766,4.9057,3.6327,4.5254,19.6735,2.1883,1.4273,0.3419,8.3873,3.3259,7.0965,5.8818,4.8981,11.332,3.976,12.8876,5.9583,30.1183,15.1362,1.0814,10.0964,0.4563,3.1638,9.2633,2.24,9.1158,2.9054,0.7201,2.1192,45.6657,5.739,8.4506,11.0822,7.5464,3.2987,1.308,7.2057,1.4356,2.4917,17.3138,5.6188,9.4612,2.9328,18.9291,3.1799,0.0617,2.1606,3.9122,6.0696,2.2388,3.4534,11.3287
TCGA-P5-A5EV,0.3928,5.7282,5.2572,8.3014,51.254,0.9615,3.4681,2.3237,2.0432,1.9982,3.6381,7.3754,3.0719,10.1237,2.7718,2.5997,6.9761,3.5957,9.5176,0.1571,2.8116,3.9257,8.5159,24.9684,3.0317,3.2202,2.487,3.2306,3.3217,2.0963,16.9026,9.4299,4.9907,1.7156,2.5876,5.4448,0.1826,21.0893,3.359,45.8667,3.2291,9.9881,3.5035,0.1358,20.0762,3.6604,0.5552,2.0754,18.4378,3.4315,4.3476,7.7142,8.4114,1.8931,1.1732,0.5448,6.0699,3.0492,6.8269,5.144,3.3369,12.9879,1.4661,7.7525,3.4824,7.6669,10.93,0.7021,8.0531,2.4433,3.0244,0.9645,1.7461,7.7333,1.9147,1.3422,0.9556,33.2418,4.7832,4.7829,7.3306,5.2552,3.5422,0.5144,7.0368,2.3211,0.378,8.35,2.8642,10.1273,1.7842,12.3627,3.042,0.1533,0.5815,14.1346,14.4961,3.2727,3.1589,4.966
TCGA-TM-A7C4,0.3975,8.3238,11.751,10.4636,63.3878,1.0452,3.3008,2.3731,2.0671,1.4997,3.5135,6.5836,5.3442,24.0438,2.9295,4.5853,8.7562,4.0822,8.8773,0.4197,3.1621,4.1875,8.7512,21.3679,3.5053,3.7044,2.3122,4.1325,4.2189,2.3223,16.4965,11.5607,4.2164,1.6068,1.8166,4.3121,0.0913,11.3362,4.6556,44.5307,3.1942,9.9937,3.748,0.2211,16.6908,3.2827,0.6057,5.317,19.5852,3.7868,4.1048,7.1151,9.697,1.4162,0.9917,0.666,8.4362,2.6937,8.6102,3.9898,2.8361,9.1635,2.2315,5.5303,5.234,3.7282,12.77,0.5107,7.3997,0.9673,2.978,12.2779,3.2401,5.9848,3.0479,3.7351,6.4704,33.8056,5.4867,4.7205,6.9279,20.5844,4.6065,0.831,8.5169,2.6689,1.8363,14.196,2.7219,12.1285,2.0924,12.7068,4.0402,1.6975,0.7227,10.0161,16.9295,3.1037,4.5499,3.8416
TCGA-HT-8564,0.3543,10.593,11.0697,13.484,54.6395,1.1009,3.2903,2.6636,2.7428,0.8731,4.4036,5.4225,3.6425,24.7773,4.3853,4.5687,7.3711,3.379,7.109,0.1585,4.7374,3.578,7.0886,24.6054,4.8074,3.1412,2.1077,5.5987,5.2345,1.9709,16.7494,9.3323,4.7625,1.4637,3.7478,4.8734,0.4486,10.2321,4.5628,21.3915,6.7932,11.2388,4.4958,0.9914,7.0645,5.1852,0.7506,6.5166,18.4152,6.9001,5.6612,8.2001,8.5279,1.4664,1.7473,0.7674,12.6761,0.9413,8.9419,1.9182,3.5236,9.3186,3.1293,6.1388,5.3485,2.3194,12.5299,1.1503,6.1667,7.1167,2.9839,7.2182,3.1231,6.8429,3.2042,4.8121,7.4829,14.9472,5.545,8.772,7.4809,20.3618,3.2294,0.989,8.0384,5.0489,1.3,11.2,2.1441,8.8822,2.8217,11.6271,3.8735,1.0552,1.1313,14.4516,6.4597,4.6019,5.2489,4.9621
TCGA-RY-A847,0.6455,8.5259,10.5993,6.2094,65.5756,0.8524,2.171,1.1121,2.226,1.7434,3.5647,4.2401,5.1025,15.6397,2.8535,3.1,8.1483,4.2389,7.2551,0.2148,2.7699,3.3559,8.891,13.5319,3.9177,2.8265,1.9169,3.8029,4.0378,2.0574,17.5681,11.9424,3.7599,1.4758,1.5319,4.8601,0.3544,18.4403,3.082,74.6054,1.4867,12.6493,3.6186,0.5727,15.0042,3.5288,0.632,4.1831,19.2581,3.3206,3.6463,5.2968,11.2856,1.4546,0.9448,0.8762,7.2214,2.2014,7.0866,4.9338,3.6946,10.1153,1.852,8.938,3.762,5.731,9.9893,0.8139,7.3976,2.4444,3.2243,6.8144,2.4568,7.6921,1.8647,3.1557,5.8182,35.6629,4.4224,5.4007,8.7983,13.4395,3.6546,0.6864,7.2397,2.7087,1.6213,14.1796,2.982,9.1723,1.2221,12.4632,3.7778,0.85,0.9438,12.1757,12.7783,2.0979,3.8134,4.623
TCGA-FG-A713,0.1441,7.0638,9.0555,10.9643,40.9887,0.8607,1.5259,1.09,1.463,2.2866,2.9628,4.7584,8.5745,8.2353,3.4476,6.7724,6.9263,2.9823,6.8969,0.0703,2.0346,5.7213,5.0051,11.1299,3.0817,3.5757,1.1592,3.2277,6.1047,1.3001,13.4451,10.8331,3.0544,1.4555,1.2577,4.051,0.1274,15.299,3.7533,34.2709,1.5183,9.3867,2.4875,0.7884,14.2873,2.9411,1.2328,6.5046,22.1695,4.6355,2.6208,3.9826,6.4338,2.0893,0.6298,1.0475,8.78,2.7622,9.3753,2.3728,2.5365,6.767,0.9325,3.2951,5.8751,1.9661,5.8393,0.3446,5.9002,2.3964,2.8379,11.8687,3.3792,5.8898,2.9369,3.6702,12.1684,23.7761,4.2064,3.5592,6.8517,16.1043,4.1698,1.3025,7.1323,3.2711,1.5581,11.7765,1.8841,7.8945,1.1371,8.8915,5.1666,2.3615,1.216,4.609,10.8706,2.8262,3.8723,4.3368
TCGA-DU-7012,0.8526,15.5418,15.0549,9.0791,50.6754,0.7655,2.3569,1.4153,2.4081,0.2604,3.4561,6.8519,0.9216,17.5265,3.7651,3.0596,5.0952,1.9091,10.1225,0.038,2.7728,6.1919,9.7293,35.1788,2.9675,3.3124,1.7897,7.9967,3.5249,0.941,25.7875,10.4057,6.3252,1.2687,4.5792,5.5641,0.8942,11.7738,5.4054,37.722,3.1898,12.3203,4.6934,0.4681,6.0104,7.6856,0.66,2.7361,14.2818,5.0601,6.72,7.828,6.9071,0.6326,3.9658,0.4938,9.5086,0.6835,4.3362,4.1275,2.368,17.9777,1.215,5.1339,3.0517,2.645,23.6179,1.0389,11.8245,6.3457,3.737,1.0915,1.4495,7.568,2.464,10.3722,9.2444,9.3571,4.1915,3.5136,19.1274,17.5613,3.3677,0.4426,7.3607,12.041,0.3359,18.5711,3.5204,9.4035,1.6214,14.9001,3.6919,0.2002,1.1914,32.9517,21.5116,6.1419,2.7897,8.0345
TCGA-FG-A6IZ,0.9072,5.6397,3.3846,4.3123,38.1087,0.5589,1.1806,0.3928,2.4956,0.8974,4.0378,2.8293,1.6083,26.1069,1.5661,1.2173,7.035,1.5488,5.8325,0.0988,1.2118,1.2283,3.0736,2.1999,1.6348,0.9197,0.7295,0.8918,2.3857,1.5699,12.9049,4.0367,3.2505,1.1567,1.0755,6.5047,0.0711,16.8043,1.4882,12.1493,1.4182,12.7998,2.6528,0.2099,19.1286,1.2314,0.3347,1.3364,8.4582,1.6766,3.0519,3.3116,9.5082,1.2934,0.5827,1.0126,4.0398,1.3338,5.3758,4.149,3.6498,4.4052,0.8087,6.4347,1.281,4.9925,7.4949,1.1322,3.5776,4.6875,1.8666,4.6642,1.2211,8.1157,0.2063,0.4767,0.8478,14.4332,3.09,3.4239,3.9432,6.3417,2.6996,0.2553,5.8666,2.1927,1.2565,8.729,3.3806,4.3252,1.5911,5.5041,1.6097,0.0945,0.542,3.7748,5.7162,1.185,1.8075,2.5049
TCGA-FG-A4MW,0.1495,10.3539,8.1908,9.1576,63.4906,0.5276,1.8056,1.4893,1.7355,0.4872,4.7263,4.7526,1.6396,5.5328,5.169,1.8526,5.4823,3.5346,6.8197,0.0991,3.1186,3.5058,6.1066,9.0154,2.3288,2.3323,1.1923,2.9668,4.4247,0.9682,17.6637,7.721,3.774,1.6749,2.8457,5.5164,0.1003,20.4307,2.6723,38.2369,2.478,10.2928,2.453,0.0418,19.6053,3.1572,0.3473,2.1136,7.9772,3.3091,4.0172,6.0443,7.4825,0.6928,2.6721,0.2679,4.7329,0.9801,3.4814,4.0503,1.9082,8.977,1.3203,3.1278,1.9307,3.5595,12.136,0.6683,6.6085,13.1353,1.8673,1.4159,1.3017,6.0334,1.3042,0.6002,6.5948,17.4335,4.4061,3.5465,5.8929,7.5795,2.8414,0.746,6.1836,1.7948,0.9132,9.1573,3.0857,6.2857,1.4445,8.8079,2.1912,0.1942,0.6282,16.7507,11.0805,2.8313,2.077,3.6355
TCGA-DH-A66G,0.5249,12.5054,13.9502,12.1582,71.287,1.018,2.5211,2.205,1.9812,1.4548,2.394,5.9136,4.8931,18.4381,2.9604,5.0513,7.6343,3.3568,9.1254,0.3304,3.9455,4.3178,8.2865,19.3632,3.5871,6.0101,3.6152,5.1573,5.0728,1.6475,20.7752,13.4644,4.2534,3.4191,2.9974,5.0751,0.1377,13.8835,3.7075,31.3805,2.8036,11.3229,4.5386,0.2765,18.287,4.2574,0.6288,4.2526,21.3991,12.7924,5.3551,6.844,10.203,1.629,2.2461,0.7025,8.4444,3.6816,11.3379,5.0944,4.6828,15.7768,1.8534,6.9825,5.3548,4.6121,11.1084,0.9596,9.6367,1.3761,2.6713,7.1732,3.6229,7.5866,4.9079,2.3757,5.6425,29.7292,5.4221,5.8888,9.216,14.6988,4.5502,0.8178,6.5556,5.6375,1.7348,13.5233,2.4946,19.632,2.0181,12.6506,4.1942,1.6503,1.1487,12.1121,41.0475,4.211,3.7867,4.3957
TCGA-DU-5855,1.0079,10.4476,12.867,7.4638,47.8274,1.0739,3.3232,2.345,3.278,1.3589,4.3138,6.3487,2.5642,14.5582,2.5986,2.4364,6.7596,1.9601,6.5382,0.1771,4.1639,4.837,10.6041,25.9334,3.65,4.598,1.9649,4.9333,3.4874,2.449,24.4462,10.6699,4.3777,2.0469,2.2009,8.4949,0.1536,31.428,3.3451,72.3891,3.0307,18.0749,3.8191,0.788,20.5186,5.5384,0.5716,4.5107,20.5271,4.5365,5.2832,5.5562,12.8495,1.7253,1.4388,0.5618,7.4742,1.4673,7.0742,5.9132,3.9982,13.3864,1.6776,10.0679,2.9396,10.7228,11.7293,0.7458,10.7963,2.2624,4.2308,1.4267,1.4265,8.0233,3.5015,1.4205,1.6567,31.1601,3.8828,5.8234,11.1231,2.9053,2.8651,0.7729,7.0693,1.58,0.4377,9.1935,3.6162,14.2388,2.1672,15.0711,2.5554,0.1757,0.1472,12.8738,16.5459,4.3012,2.1865,7.6668
TCGA-DU-A7TD,0.6022,17.0933,19.4162,10.6225,69.7078,0.7626,4.3331,1.7027,3.0685,0.8226,2.9276,7.003,0.7397,12.1455,3.0901,2.0744,5.3237,1.7822,7.9428,0.3289,3.7595,3.714,7.7828,14.7901,3.33,3.702,1.0689,6.7182,3.6599,1.3649,26.4123,6.7958,7.297,1.4989,2.34,9.0515,0.2996,12.899,4.227,35.9569,5.8661,22.038,5.7319,0.0763,27.3076,7.7447,0.6366,4.0939,11.7782,4.9114,6.6747,11.6046,12.5435,0.4606,3.5902,0.1521,5.9966,0.9185,3.4712,4.349,2.9933,17.4374,2.2283,7.9888,2.6185,2.3183,20.4921,1.9016,8.0329,20.3385,2.1558,1.083,1.5031,7.615,4.2984,1.4854,4.4048,14.5412,6.4,8.3707,10.088,4.6762,2.8674,1.171,6.0687,4.9666,1.1758,7.9187,3.9642,5.8043,2.1963,15.5347,2.4007,0.011,0.6175,26.2793,12.7234,3.9598,2.1513,6.1412
TCGA-HT-7468,1.7934,11.4089,20.1074,7.9458,99.4687,1.2281,3.6616,1.2985,3.2773,0.7783,4.7328,4.8796,2.2058,21.1156,4.7514,2.6587,8.2751,2.9423,8.7075,0.4913,4.2179,4.6821,12.3026,19.8363,4.4089,2.0454,1.5766,3.9638,4.9675,3.7531,25.1463,17.4895,5.6969,1.8295,3.0632,7.4525,0.1395,18.5345,4.0638,54.3986,1.7608,16.2791,3.2573,0.23,30.601,5.0292,0.5416,4.6454,19.1092,6.4912,5.0659,6.0476,18.0978,1.6248,1.6001,0.3486,8.4388,2.1558,8.057,6.8361,4.667,18.1075,3.6041,8.407,4.8399,13.2966,17.682,2.0641,14.8628,0.6975,3.827,5.8759,2.0435,8.3704,4.3387,0.9478,2.5116,50.0504,6.5323,8.546,9.8735,20.3624,3.2202,1.0441,6.1938,3.0792,2.3429,17.5357,4.0512,15.6975,3.8223,20.6293,2.9251,0.1154,1.3533,9.5447,22.2554,2.5505,3.8453,9.7184
TCGA-DU-A7TB,0.1276,7.5277,10.5809,7.4189,111.8157,0.9446,2.3459,1.9801,1.1688,0.6767,4.9661,4.8129,2.0005,7.5127,30.4012,2.2639,5.6545,1.9968,5.592,0.4274,2.6238,3.0284,5.9123,6.9048,2.2085,2.0564,1.0781,2.4011,9.4127,1.4996,15.4797,8.1784,4.3313,2.9098,1.2342,7.0096,0.0958,20.253,2.298,71.6507,1.7767,9.9818,2.0831,0.0465,10.6276,3.2674,0.3388,5.1976,7.7919,2.9741,5.3205,6.1703,5.3662,1.7763,1.1213,0.3859,5.4521,1.1175,4.4924,3.1239,4.1349,7.4743,1.5527,5.7789,0.9808,12.2153,10.5623,0.1231,12.1246,4.4249,2.0888,1.1833,1.0076,8.2471,1.1707,0.4852,6.0595,20.7821,5.07,2.9536,5.7564,17.1233,4.2573,0.5526,4.7819,0.8247,0.8002,4.9401,4.3359,13.3254,1.0234,13.0446,2.8054,0.3039,0.482,9.5648,4.2281,3.9726,2.2374,5.0174
TCGA-HT-A616,0.1635,8.8686,11.0891,5.3611,70.3607,0.8751,2.1415,1.4694,1.9223,1.3073,3.3585,6.3062,6.5571,18.9149,2.9372,4.3808,10.6398,4.5129,10.5167,0.161,3.6276,4.1869,10.0077,21.4287,2.3232,4.4651,2.2871,4.4308,7.4489,1.7136,12.4859,10.1145,4.2476,1.891,1.3512,3.9105,0.0967,13.7361,4.396,33.331,4.671,12.8497,4.002,0.2708,17.8728,4.0488,0.5121,4.679,19.4749,3.4158,4.1861,5.9268,8.4404,1.3025,1.0812,1.1108,7.5974,2.7667,7.6969,4.6294,3.9565,7.477,1.017,4.0415,4.9989,3.5307,11.0649,0.9653,6.2264,2.9142,4.447,8.5974,3.7118,8.0177,2.1422,3.3221,5.5695,31.2884,3.7415,4.1286,6.8994,11.8843,5.0902,0.5584,9.8566,3.2688,1.1154,15.6592,2.0218,9.4176,1.4213,12.267,5.4305,1.6931,0.8602,10.1713,18.5043,2.2642,4.4242,3.6491
TCGA-FG-8185,0.4113,9.0918,13.566,6.7546,89.1069,1.2668,3.4465,2.857,2.6409,1.885,5.3675,6.666,2.9817,15.3905,2.5979,1.9601,7.2909,6.2916,7.8356,0.6942,5.3222,3.2706,9.8518,24.3841,4.2577,3.6131,2.0435,2.2166,2.783,3.7942,22.8044,11.2273,4.1338,2.1088,1.2585,5.0684,0.0882,16.739,3.4311,41.4677,5.5479,11.8047,4.9751,0.0864,20.5789,2.9507,0.2018,1.3873,35.4993,4.0526,4.9003,6.7671,11.7034,1.4009,1.1309,0.9009,4.1501,3.9434,14.0933,6.3579,2.9223,11.3976,1.8687,9.7854,2.5438,9.5256,12.7456,0.9952,8.7469,3.2563,3.6881,0.8557,1.9732,6.0426,2.2424,0.7753,0.9063,37.0868,6.9889,6.6015,9.3883,3.5404,3.9393,0.9815,6.4955,3.8701,1.1334,13.0924,3.8439,12.9192,1.816,13.1025,2.4177,0.3614,0.0625,10.3202,47.536,2.7789,2.6247,5.5077
TCGA-DB-A4XB,0.7187,10.0585,12.3953,9.6768,73.443,1.3471,3.153,2.6767,3.1698,2.2853,3.751,10.1372,4.726,19.5442,3.5074,3.2796,7.7328,3.3574,7.7554,0.3436,4.1253,4.877,10.2578,20.9938,4.0572,3.7525,1.7251,3.5391,5.3489,3.0722,21.2328,9.2918,5.9933,1.4922,2.9852,8.8208,0.0953,14.6654,3.6182,39.5241,6.7293,11.4976,4.9422,0.6067,29.0522,4.9293,0.3399,5.3927,19.8416,5.4289,5.1489,8.4375,16.0007,1.497,1.2723,0.606,7.1759,4.2038,7.6986,5.6495,4.8475,18.2326,2.5816,11.4112,4.7158,9.7083,13.407,1.087,9.1517,11.1808,2.7935,4.9623,2.2965,7.0702,2.8591,2.6836,6.2449,28.5151,6.3556,6.2656,6.9864,9.4045,3.2733,0.6381,6.1272,3.8835,2.4134,14.2765,2.6692,17.0017,2.4143,14.6456,2.9955,0.7499,0.8827,10.2902,28.6365,4.1492,3.9878,7.4675
TCGA-HT-7681,0.1863,6.753,8.978,8.1208,52.5398,0.611,1.4164,0.854,1.8771,1.4329,3.2046,3.7403,4.8616,14.4063,3.0518,3.7891,7.5049,2.8476,7.772,0.213,2.2777,4.1102,7.0445,17.6174,2.3918,2.2931,1.3385,3.0167,4.0517,1.6695,13.853,7.7481,3.0108,1.2397,1.5383,4.2784,0.4079,16.8272,3.5438,23.3092,1.5225,9.8625,3.3257,0.4424,13.6402,2.7306,0.4574,3.7581,13.9793,3.4268,2.3844,4.2684,9.7636,1.294,0.855,0.8593,7.2622,3.0614,7.7105,3.0526,2.696,10.1768,0.9405,4.05,3.4874,3.5898,8.507,0.9011,7.1439,1.9069,2.4333,7.792,2.2164,6.3105,1.5595,3.9325,5.2771,23.8651,3.788,3.7697,5.5628,14.0194,3.3938,0.5726,7.4966,1.838,1.2351,12.7034,2.4998,6.8285,1.022,9.0437,4.1492,1.0914,1.0462,8.5872,18.6046,1.795,3.8348,4.9006
TCGA-HT-7601,0.4683,9.662,14.0108,8.2454,77.946,1.2226,1.6929,1.7931,2.6683,0.4742,5.6051,5.7635,2.0063,12.7597,6.3119,2.8434,6.7497,3.1124,8.5122,0.1641,4.7564,4.2405,11.0311,17.8516,3.1822,2.5085,1.2026,5.7914,4.4878,1.7661,22.8981,11.6446,4.6568,1.6692,2.029,4.7737,0.2831,18.2112,3.7199,58.295,2.521,7.9246,4.0866,0.3951,14.502,4.0575,0.4747,3.9704,17.2525,5.2298,4.8772,6.4288,9.1316,1.05,2.0089,0.4305,7.1399,0.935,7.7266,3.7455,3.6885,16.2076,1.9214,9.8153,2.4896,4.7638,14.6283,0.818,10.8821,4.6651,3.2927,2.3431,1.5279,7.5102,3.4673,0.6763,7.8191,16.8153,4.303,6.3753,10.186,16.5372,3.2974,0.5243,7.1856,7.6399,1.1604,11.4797,3.5493,11.1825,1.866,13.7317,2.5158,0.2611,0.5,7.9731,36.2389,4.3967,2.3961,4.9628
TCGA-DU-7015,1.0937,12.1,16.749,6.2809,100.6985,1.2425,3.3631,1.814,2.9396,1.7084,4.3625,8.1829,2.1129,20.6426,3.1662,1.8929,8.0586,3.9049,9.8482,0.546,3.8848,4.8221,13.8247,37.3844,4.0417,3.4826,1.7027,4.7274,4.0386,3.2094,21.9839,11.9898,6.0677,1.5984,4.4136,5.4903,0.2838,19.4614,4.7333,79.4301,4.8215,17.752,4.6999,0.3562,15.8767,4.7825,0.3226,4.4013,21.1484,4.6298,6.0917,7.0083,17.4441,1.4345,1.8027,0.5734,8.2265,1.5765,7.6378,5.5276,5.0368,18.5066,1.8206,9.3054,3.5367,10.0223,19.4347,1.7361,15.2933,3.8794,4.6264,3.0496,1.5516,12.1037,3.057,2.2247,2.0431,31.5972,4.5199,7.396,9.6881,10.0687,3.6019,0.6928,7.4485,3.7015,0.7223,14.0012,3.5937,17.5418,1.9387,16.9094,3.1142,0.5739,0.2674,20.9084,60.6771,5.4595,2.9312,8.1749
TCGA-HT-8107,0.1534,10.4327,12.0528,12.6639,37.7483,0.9809,1.9315,1.5696,1.3856,1.6266,4.5119,5.187,12.5023,6.7828,5.5732,12.0997,9.3895,2.4319,8.3497,0.3803,2.5719,8.2606,7.2211,17.6554,3.5742,5.2235,3.9792,6.198,7.8297,1.525,12.6938,15.131,3.2367,1.5314,1.1301,4.1733,0.0934,20.9646,6.6263,30.9811,1.1213,15.5763,3.3634,0.9945,10.9841,5.3037,1.7762,9.9418,25.5285,4.1852,4.0791,5.4277,6.512,2.8647,0.9824,1.0423,11.7293,10.8395,13.7257,2.1932,3.3739,6.2426,0.9927,1.582,9.2266,1.3039,7.9893,0.2431,6.5671,1.8453,5.1641,16.4653,6.0406,9.9071,5.0224,22.1646,15.0108,38.978,5.4503,4.2176,10.247,28.3521,6.3547,1.3425,10.0338,2.6238,2.0294,12.8186,2.2515,10.7546,1.2331,12.3162,10.5188,4.7718,3.7303,6.9594,4.5471,3.3378,7.6167,4.7658
TCGA-TM-A84H,0.4303,11.5859,12.4291,10.8515,61.8468,1.4347,6.1333,4.0865,3.1032,2.4447,3.9524,8.9649,4.2741,16.4876,2.2433,2.9563,6.9134,5.0379,6.9807,0.591,4.2173,4.0285,11.1193,22.8324,5.2703,4.3305,2.854,2.9967,2.1299,4.4045,17.9909,11.2602,4.8971,1.887,4.5074,8.8419,0.1213,13.5128,3.605,46.6377,2.8837,15.5207,4.0177,1.2121,20.713,5.6065,0.2511,4.3202,30.1442,5.7789,5.4394,10.7926,16.3594,1.64,1.4665,0.5612,6.4671,4.8215,13.3443,6.5992,3.7724,18.2822,2.3029,12.9523,4.8092,9.0892,11.1255,2.4735,9.921,5.8713,4.3357,3.7547,2.3022,6.7691,3.0588,3.0348,1.6402,12.7282,6.2846,7.6649,8.279,6.4602,3.0375,1.0796,5.5766,1.9888,1.6994,21.6334,2.5152,24.2523,1.9539,17.8705,3.1335,0.3175,0.5874,21.4653,27.6676,4.6396,3.5557,7.1551
TCGA-HT-7860,1.3292,12.8411,14.8908,11.7737,96.4462,0.6626,2.3456,0.8676,1.8485,0.5424,3.3327,3.5725,1.571,16.5351,3.7627,2.1487,6.4279,1.9154,10.0837,0.1536,3.3895,5.3769,8.6845,25.2153,1.9448,3.0333,6.142,7.4756,4.9449,1.1933,17.5679,16.1715,6.1018,1.316,3.0068,5.9719,0.8983,18.832,5.2314,25.2385,4.0319,14.009,4.2305,0.1718,14.8803,6.0454,0.5586,2.562,13.914,10.1112,5.4988,7.0616,12.2684,0.5221,3.7494,0.3076,6.7833,0.683,4.0805,3.4011,2.746,15.3663,1.7344,2.9217,1.844,3.5086,26.9258,1.0734,12.3891,7.9315,3.5141,1.0231,1.9231,6.9003,4.4415,9.5909,1.6392,22.25,4.6813,9.746,8.9335,12.848,2.7389,0.6731,6.2631,3.5986,0.8632,14.0183,3.5661,13.0222,1.9859,13.7374,2.4566,0.1645,1.3721,35.6563,13.8393,2.3392,3.1383,7.1553
TCGA-EZ-7264,1.1781,11.8436,16.2147,8.0868,75.3952,1.264,3.4919,1.0353,2.5536,0.5614,4.2852,3.9204,2.4718,13.7711,4.7606,1.8604,6.9974,2.0313,6.563,0.1668,3.8904,3.2189,9.6725,12.0409,3.6624,1.8313,2.4818,2.4049,3.8989,2.9532,23.8202,16.9238,5.4442,1.7368,2.5759,14.8784,0.1819,20.6621,5.199,47.2604,1.2886,31.6051,6.8647,0.7806,21.9534,4.0167,1.178,1.812,20.578,4.9136,5.0224,5.3651,21.3094,2.5248,1.1896,0.3506,7.699,2.6293,10.038,5.5419,5.875,14.3367,2.482,14.9445,5.4773,13.969,15.4761,1.1443,12.6696,9.8303,4.3117,3.2608,2.1891,11.0913,5.1129,1.4496,3.7382,38.3148,9.3645,11.7442,10.5396,7.6378,3.0024,1.1519,7.5848,1.5432,1.748,12.5922,2.7852,8.8069,2.0724,22.328,3.2362,0.1456,0.7809,8.3671,13.2734,2.1643,3.7935,11.8705
TCGA-DU-6403,0.6797,8.7172,12.0177,7.6038,61.7941,0.9396,3.0445,1.3095,3.0172,0.6298,4.9363,7.2643,1.7127,11.3911,7.2144,2.8855,4.3704,1.6035,7.1224,0.0464,4.9567,3.6072,7.1334,6.8014,3.5767,2.9144,0.8582,5.071,6.1762,2.6307,25.0874,8.8049,5.5063,1.6335,2.809,11.7609,0.1672,20.2795,2.9339,76.418,3.3443,16.1035,6.3309,0.2956,23.5128,4.7499,0.422,8.2156,10.973,5.6278,4.5582,7.5067,15.9487,1.0978,1.9652,0.2999,6.6011,1.1342,4.0836,3.8036,3.1483,10.1761,1.8836,15.5994,2.8553,6.9323,12.845,0.9069,9.9141,27.808,2.6051,1.7229,1.5813,7.4017,2.5552,1.9352,8.3442,20.6934,4.0794,5.9036,7.1918,11.735,2.3701,0.8477,6.0407,4.2327,1.4154,8.3699,2.9702,8.686,1.199,15.3992,1.8516,0.2904,0.6777,18.7671,9.526,4.4057,2.4857,7.385
TCGA-DU-7007,0.4618,11.9707,16.2287,9.818,58.6451,1.2051,2.2777,2.2539,3.6286,0.9041,3.5111,6.2834,1.4361,20.1716,2.872,2.3165,7.9777,3.6044,8.3849,0.1647,3.259,4.402,9.9642,33.378,1.8488,2.9234,1.2556,4.3651,4.603,1.5885,21.3716,5.9898,5.9755,2.9004,1.5181,5.9067,0.6794,19.1988,4.9687,24.1562,4.119,12.1578,4.5606,0.4735,8.7049,6.2021,0.1962,2.0932,9.5955,4.2861,6.7929,8.011,12.2561,0.7956,4.6731,1.0858,8.529,2.7736,10.6636,5.8887,3.372,15.0329,2.0771,5.6897,0.8298,2.1683,16.4963,0.7954,10.8845,2.3437,4.6689,0.2476,1.6597,9.3346,5.6885,0.7801,1.4587,6.898,5.0867,7.2517,9.1975,2.088,3.2845,0.5,6.817,2.3093,1.9789,16.3643,3.7263,7.896,2.1448,14.7183,3.727,0.0712,0.1493,8.0204,11.7583,5.2469,2.7383,4.7908
TCGA-S9-A7R2,0.1866,8.2192,7.756,6.1898,61.9758,0.8011,3.0159,1.5416,2.9603,0.8381,6.6851,5.6682,1.2469,11.7467,4.506,1.9622,6.2119,3.2937,8.9113,0.0902,2.1609,4.5862,7.0364,11.1518,2.4797,3.686,1.2719,3.5582,5.9337,1.2759,15.9914,6.526,4.1351,1.6025,2.7979,4.6153,0.9132,21.9788,3.5375,57.3133,2.9723,13.1064,2.5701,0.5706,5.4613,4.1849,0.4036,3.5771,10.2891,5.1954,5.705,6.1347,3.9512,0.9811,1.9233,0.7941,6.2051,0.8735,3.8184,5.1535,2.5889,7.7311,0.8003,4.139,1.9723,2.2845,10.5389,0.2762,9.9621,4.1639,3.6967,1.073,1.2333,6.7291,1.5272,2.8387,7.7644,10.1359,3.957,3.2644,14.7472,15.1176,3.4466,0.394,6.3293,4.4985,0.5951,11.8498,2.7404,5.777,0.8041,9.2677,3.7242,0.1735,0.3261,26.5551,9.2713,5.9961,2.1025,4.8617
TCGA-S9-A6U6,0.4733,8.2306,11.0565,8.3132,56.0667,1.0293,2.1163,2.3676,2.2653,1.2243,4.2708,7.4338,4.077,25.1779,2.2754,2.5428,9.2071,4.5293,7.7964,0.1034,3.9672,5.0524,10.774,15.1485,2.9167,2.98,3.2128,3.6949,5.6955,2.1622,16.2636,12.5067,3.6359,2.0631,2.3612,5.7927,0.1104,13.3334,2.9512,32.8811,4.0749,9.5096,4.2621,0.1322,19.1044,3.2793,0.2942,2.7039,25.1963,3.9709,4.2302,6.1381,9.6492,1.3582,1.34,0.5815,7.4432,3.0246,7.9111,5.3553,3.5626,10.0089,1.8801,7.2403,3.1406,7.2152,9.9413,0.9839,6.7463,2.3121,2.8607,2.9022,1.4272,6.5003,2.2531,2.0074,4.7795,33.5575,4.9067,7.641,10.4487,13.49,3.5813,0.5615,7.8011,1.6245,0.6326,11.6035,2.416,12.7945,2.6481,14.6941,3.1756,0.6659,0.4216,12.2679,17.3324,3.1137,3.8163,5.0756
TCGA-DU-6405,1.0924,14.9237,14.5969,13.7068,44.7317,0.6519,3.1067,1.6507,2.1372,0.0716,3.5328,6.701,0.4835,11.7842,2.8637,2.0463,4.2094,3.8342,10.3307,0.3802,4.0677,4.1458,10.5893,13.6079,3.8035,3.4219,1.4866,7.3701,3.8577,2.281,27.4463,7.7225,5.6895,1.6009,4.188,6.3204,0.1856,16.2622,4.3211,27.1901,6.0945,8.0893,4.5961,0.0895,18.4333,6.7683,0.3685,1.8297,9.6984,3.7546,5.6888,6.9626,13.2581,0.6695,2.945,0.2277,9.0814,3.3844,3.0986,5.3151,2.7681,20.5781,1.433,11.4489,1.6702,5.0125,18.2352,1.1746,11.2694,32.7172,3.1984,0.1144,1.2054,8.0143,4.0052,9.6298,1.4351,15.6236,4.2755,7.3155,11.4184,7.7686,2.5198,0.6606,6.4856,1.8193,0.5968,15.7749,3.5898,8.2192,1.8099,14.8342,2.033,0.0294,0.9329,25.4717,24.7468,4.7943,2.3501,7.0366
TCGA-HT-8012,0.6331,9.0182,12.6285,8.3728,57.4069,1.3288,3.8431,1.2529,2.5806,2.3931,3.6081,4.0342,3.7813,17.04,3.6754,2.3719,7.6045,2.4724,6.0745,0.3642,3.7626,3.7713,8.1426,15.86,4.3062,2.4323,1.6476,3.0942,3.7101,3.6731,20.6201,13.3721,4.3553,1.7156,2.8334,9.222,0.1098,14.204,3.0486,44.3966,1.1253,13.3567,2.7398,0.1208,23.1827,4.2907,0.6621,4.7124,17.7952,4.156,4.3881,4.2527,16.3488,2.0011,1.2075,1.1218,6.5234,2.9532,9.2594,4.9146,4.2034,13.8127,3.046,10.3027,3.868,7.6077,11.5941,1.1856,9.123,2.3117,4.1392,6.4892,2.1931,7.799,3.3746,0.9283,6.1844,26.479,6.2867,9.3683,8.8586,12.5386,3.3292,0.9846,5.852,3.3534,3.5765,14.7326,3.9806,10.0993,2.6102,15.2214,3.5043,0.2204,1.1527,9.3358,8.9697,2.0521,3.8383,6.8899
TCGA-HW-A5KK,0.1693,9.2947,8.0097,9.1423,65.8133,0.9558,1.9429,1.7917,1.9882,0.3915,5.3277,5.9434,1.568,9.2999,5.6327,2.0238,5.3387,2.6254,7.2191,0.0636,2.7111,4.2256,6.7738,11.2112,1.9629,3.5854,1.5908,4.2589,6.4638,1.1062,14.7381,10.2358,4.0257,2.0185,3.0004,4.5776,0.6955,23.6489,3.3072,52.3381,2.4712,7.3517,2.8013,0.2897,9.7339,4.8067,0.4315,3.3419,9.5482,4.2841,5.8555,7.1141,5.3641,0.923,1.9762,0.5007,5.7187,2.5092,4.0505,3.6207,2.5727,7.8356,1.3967,4.4547,1.6884,2.0388,10.8422,0.2568,9.3449,4.6102,3.3436,0.8341,1.2946,5.6774,2.005,3.0185,7.9082,8.3776,5.3627,4.1124,11.9945,14.1916,3.1456,0.7663,5.9367,1.7416,0.5303,9.0377,2.6665,8.5237,1.264,8.8292,3.0427,0.0856,0.4884,16.5542,6.9271,4.0579,2.0793,5.1569
TCGA-S9-A7IY,0.9027,9.3748,11.391,7.1566,76.624,1.0736,2.6337,1.1527,2.2044,1.0501,4.2665,4.3994,2.831,17.9873,3.5039,2.2584,6.8722,4.1337,7.9077,0.1766,3.3053,3.1771,7.8364,16.5924,3.8061,2.2844,2.9525,3.1055,3.5152,2.0363,19.0585,8.6869,3.8384,1.4202,2.6993,5.9595,0.4073,20.3732,3.0303,59.7562,1.6665,11.3238,3.3136,0.0916,12.9967,3.5386,0.477,2.6575,14.5504,3.8389,4.8773,4.6872,9.4506,1.3862,1.1159,0.7654,6.6455,1.2345,7.2754,4.6887,3.3884,15.4422,2.0726,5.5462,2.2437,4.9611,11.3303,1.1994,9.8112,0.8309,3.5881,2.0421,1.6771,7.2694,2.1295,1.9147,3.2612,26.0327,4.6723,6.8202,9.4579,7.4131,2.9906,0.4547,6.3723,3.5812,0.7545,14.9334,3.0588,15.848,1.7137,11.3165,3.0691,0.3245,1.1376,28.1245,20.3171,2.7359,2.3402,5.9115
TCGA-S9-A7R8,1.0403,14.4937,14.0094,8.6495,51.575,1.6307,4.5255,3.6843,3.4494,1.1113,6.1371,8.2065,3.1337,17.9989,4.2076,2.6111,6.6686,2.0575,6.3181,0.3727,3.9791,5.2844,12.0642,11.442,3.9617,3.3739,2.3943,4.4944,5.5172,3.8712,22.5844,13.9486,5.2705,2.6681,4.1512,12.9066,0.2052,22.3056,2.9761,53.8214,3.6361,10.1238,4.948,0.2657,42.3723,5.676,0.4464,3.788,23.4647,5.2797,5.6664,9.27,13.022,2.3864,1.4801,0.8877,7.7901,9.8285,7.8382,7.5046,4.3864,9.4688,4.4716,9.0735,6.1559,11.6016,13.5778,0.372,9.2573,5.569,4.1785,2.4614,2.7441,9.5646,4.5868,0.3319,5.2628,32.7587,6.405,10.1429,9.7073,8.3224,3.494,1.483,6.2534,1.8466,0.7683,12.5024,3.7425,9.7143,1.9656,20.6562,4.0822,0.0209,0.3724,14.3279,5.9926,3.1368,2.9122,6.4985
TCGA-TM-A7C5,0.799,9.1952,13.3726,6.8773,64.5594,1.1553,2.6817,0.9983,3.8413,1.689,3.4568,4.5199,2.7966,25.4845,3.5842,2.1579,7.8249,1.9568,6.734,0.354,3.0483,3.4138,7.426,11.8405,2.9979,1.887,1.1583,3.2218,3.0433,2.7876,24.6653,12.8625,5.0406,2.4204,2.1155,8.1056,0.041,15.5775,1.7344,30.9047,1.2625,12.9911,3.3483,0.035,24.0495,2.5533,1.2704,2.967,12.5935,3.943,3.4466,5.3008,16.8149,1.5843,0.9887,0.3398,7.9353,3.0167,7.9774,5.8685,3.7173,10.8667,3.2182,8.7155,3.9049,11.7825,13.6307,1.0389,8.3551,0.4389,2.8708,8.8008,2.2709,7.5,2.3173,0.897,2.5815,22.862,5.7586,7.7829,6.9865,9.7763,3.9166,1.3071,6.4877,1.8827,2.3561,16.5646,3.9053,7.2863,4.7054,14.9859,2.9857,0.1511,1.4821,3.0846,2.8914,2.0997,2.6669,7.3658
TCGA-HT-8111,0.2774,7.5282,11.9668,8.1449,88.6807,1.078,1.9214,2.098,1.9668,1.0695,7.6589,6.6447,2.1737,12.5937,6.2914,2.5922,6.2067,4.2917,8.8047,0.2323,4.1155,3.8699,10.6786,16.5064,2.9149,2.1561,1.9525,4.0316,4.9871,1.2726,23.5475,7.9706,4.0141,1.9,2.9992,6.2528,0.3508,25.7451,3.4497,70.0116,2.7947,7.626,3.458,0.4624,15.8387,3.7048,0.5107,4.6367,22.6899,7.1036,4.5111,6.8885,11.261,1.3077,1.8205,0.4333,6.6457,1.664,8.6007,3.8062,3.1117,16.8207,1.4794,7.7653,1.1263,7.1001,12.732,0.9284,11.3584,5.1214,3.3432,1.7208,1.2827,6.2755,2.6996,1.2199,7.0102,19.7872,4.4992,5.0017,11.1009,18.6198,2.6176,0.2981,6.4533,2.9991,0.6112,10.8825,2.6694,13.677,1.926,14.1584,2.4464,0.1765,0.4123,11.0031,39.354,4.1944,2.4254,6.9566
TCGA-HT-8108,1.0316,10.2868,15.5672,7.5674,65.5722,1.0162,4.76,2.8204,2.7538,1.6416,4.7282,7.3926,2.5792,21.7317,3.4222,2.2665,8.5219,3.694,8.6582,0.2278,6.9029,5.114,12.4378,22.423,4.04,3.1338,2.5668,6.1038,4.886,3.9373,16.9971,12.6325,5.2507,2.135,2.1346,5.5704,0.2496,14.782,3.8703,72.8238,3.9948,11.0165,5.6945,0.415,24.7275,5.2427,0.4092,2.9086,29.9046,6.8777,5.8945,8.062,16.6296,0.9903,1.3071,0.3576,7.9435,3.6947,8.5767,5.4886,4.1047,13.2761,3.0939,13.1906,5.2976,13.5182,14.3414,1.2527,10.2272,7.2778,4.5274,3.2579,2.48,7.5923,3.4111,1.9835,2.8581,48.9524,7.4459,10.1924,11.0215,11.2187,3.8095,0.7252,7.5329,1.2211,0.6969,13.6821,3.6151,12.8021,2.8625,18.3235,3.39,0.3378,0.242,13.1401,59.7787,4.1898,4.3,8.2518
TCGA-DU-A6S8,0.2964,9.0278,8.2864,6.6548,58.5831,1.0583,2.9235,1.0905,2.231,1.2207,3.761,3.8801,2.5091,10.4583,3.3558,1.9832,6.3905,1.7124,5.9865,0.4535,2.2238,2.9062,5.1929,8.0778,3.2312,2.1418,1.2048,2.3079,3.1404,2.2235,17.3594,9.2367,4.7657,1.8777,1.3466,12.455,0.0529,13.0321,1.8966,25.5659,1.0887,21.2867,3.9871,0.1031,15.6342,2.8932,1.6822,1.7708,12.5588,2.9233,4.0756,5.7594,10.8613,1.6782,0.7488,0.7984,5.6673,3.2476,8.1676,4.399,3.3622,7.0834,2.4698,10.3213,3.4273,10.5271,10.7352,0.334,7.0059,3.1563,2.4443,3.9652,2.0703,8.988,2.0187,0.6426,2.45,28.4076,8.036,5.198,7.2021,4.8681,3.6255,1.0982,6.309,1.7509,1.5884,8.3984,3.7307,4.0299,2.8897,11.5732,2.845,0.1226,0.823,5.2116,2.2481,1.7292,2.5195,6.8515
TCGA-DU-6401,0.8593,12.4169,18.8205,5.6725,90.625,1.1395,2.3373,3.0742,2.2904,1.5775,4.3163,7.4048,2.5201,33.2701,2.5203,1.7004,7.6491,3.7883,9.606,0.4321,3.8127,4.3258,11.1927,28.247,4.1073,3.8978,2.0756,3.473,4.7826,4.601,19.8642,11.8217,4.825,2.7273,1.0377,5.9321,0.117,19.9816,3.1949,71.7231,4.7382,13.007,5.026,0.6938,17.3947,5.1379,0.4373,4.7265,18.6925,6.8899,4.7768,5.0246,19.4849,1.9595,1.746,0.7104,10.9266,1.639,7.207,7.9095,4.973,10.7343,2.2528,11.6753,3.4017,10.4768,13.0159,0.7791,11.9432,6.1221,4.4298,2.1196,1.4802,9.6178,4.5977,1.0268,2.5074,44.4873,3.8689,7.703,14.3938,4.2669,3.8099,1.594,7.5714,1.199,0.3189,15.6209,3.3695,11.9367,2.5747,17.2988,2.9048,0.0158,0.1895,11.3069,38.169,4.2806,2.2909,7.8757
TCGA-FG-A70Z,0.1698,8.3965,8.1591,7.5389,63.7626,0.5664,1.7262,0.922,2.4461,0.6841,3.8983,5.8471,1.7684,17.5875,2.5408,2.6367,3.9185,3.3548,8.6484,0.0169,2.4095,3.5171,5.3765,14.8248,2.682,2.7896,1.5026,4.4623,4.1454,0.8227,19.939,9.7538,3.9649,1.6808,1.5968,4.8197,0.1918,18.3572,2.847,30.3973,3.6914,14.141,3.7535,0.2684,9.0717,2.6266,0.4624,2.9324,10.0196,3.3519,3.7962,5.7225,8.7782,0.6165,2.2117,0.4267,6.1161,0.9506,3.9056,3.7813,2.8705,10.5816,0.9654,3.9442,2.5478,2.1725,12.3968,1.002,5.7968,7.3467,1.7465,3.0694,1.4354,6.7959,1.3633,2.8309,3.8934,13.8301,3.359,4.547,6.2882,10.1599,3.1133,0.4424,7.335,4.1415,1.453,12.2099,3.153,7.3453,1.3681,8.5149,2.444,0.4069,0.7359,22.4117,9.3319,3.1071,2.8331,4.5284
TCGA-P5-A736,0.4171,7.4672,7.0171,6.2299,50.8841,0.8256,2.0623,1.8403,1.635,1.144,3.8604,6.3319,1.9898,17.6246,2.0015,2.0151,7.0114,4.8181,8.2372,0.0926,1.8147,4.0812,8.0566,20.9452,3.6565,4.1751,1.3901,3.1373,3.178,1.4719,17.0144,6.0978,3.786,1.2619,2.6525,3.7294,0.7677,14.0878,2.8203,81.6117,3.7339,7.3191,2.3325,0.6214,8.0178,3.4019,0.4118,2.0484,14.2787,3.3228,4.2765,5.8934,5.4889,1.277,1.5583,0.5602,6.3429,0.9327,5.5138,4.1559,2.5112,11.5241,0.936,4.8444,0.9253,3.0226,8.5812,0.6695,8.6541,1.0483,3.4714,1.1549,1.2066,5.3486,1.7614,1.3335,4.4097,11.2966,2.9763,3.0085,11.2019,5.1449,2.3471,0.3631,6.0631,4.0954,0.3173,11.7171,2.7834,10.672,0.9133,7.6339,2.6729,0.2116,0.3754,20.7536,16.4753,4.3865,1.5104,4.7667
TCGA-DU-A6S6,0.5248,6.2563,7.8696,12.7288,31.9508,0.694,3.0686,1.0299,1.6709,1.601,2.3255,4.2511,4.6292,16.9563,2.0322,4.1933,5.3177,3.3016,5.3246,0.3141,3.08,4.5036,5.5586,16.5665,3.3727,2.9548,1.4624,2.8052,2.9197,2.3371,13.3102,8.1952,2.949,1.417,1.7526,7.9585,0.2241,8.8825,2.7279,32.472,0.9412,9.2761,2.6235,0.1903,15.4489,2.7901,0.7002,4.477,17.7107,3.5697,2.4939,3.8108,9.6311,1.7056,0.7732,0.789,6.3249,3.6143,9.7173,2.7616,3.1169,11.0967,1.2535,6.4997,4.4446,4.1619,6.4314,0.9243,4.0464,2.5383,2.2443,6.5226,2.4451,5.072,2.1347,3.7065,7.9654,18.0252,3.9857,4.9948,4.2089,17.8973,2.6159,0.57,5.7975,2.0304,1.3455,10.7767,1.5505,8.9174,0.902,8.8211,3.2734,1.805,0.6388,6.1372,13.1951,2.0765,3.1912,5.1773
TCGA-P5-A781,0.6456,10.3466,11.8284,7.6151,86.1206,1.1825,3.44,1.3878,2.4866,1.8224,4.2576,4.4841,3.5188,20.3613,4.3469,2.5624,7.1055,5.3586,8.2849,0.3712,2.8993,3.2288,10.3669,24.9531,4.8141,3.0773,1.7372,2.713,4.9458,2.8726,19.0244,9.1522,4.0437,1.6463,2.6804,7.7262,0.2625,22.2401,3.5817,58.698,2.1876,11.6971,3.5388,0.215,16.494,3.0509,0.3928,4.6671,16.8062,4.8942,4.7114,5.978,10.4004,1.2262,1.0516,0.8302,7.8017,1.5503,6.6304,5.1479,3.8297,11.5072,2.4278,8.5953,4.1121,5.7331,12.7256,0.8721,10.1351,1.8807,3.6262,4.8486,2.2948,7.4582,2.247,2.6536,8.3545,28.7254,6.1133,6.473,8.6291,16.2465,3.54,0.83,6.482,3.9646,1.4695,16.3304,3.3828,13.1354,1.5549,12.6114,3.4049,0.633,0.429,14.0676,19.8297,2.7289,3.4898,6.1622
TCGA-HT-7686,0.4241,8.8868,12.1315,4.5169,78.1245,1.1679,1.6676,2.3256,2.093,0.456,4.0727,6.8282,2.1944,18.3597,3.0785,2.0246,7.9261,4.0252,9.7982,0.1299,2.7949,2.9873,6.4621,17.1038,2.2717,3.0176,1.7816,5.5497,4.7143,2.1241,16.0134,8.3969,5.6978,1.7596,2.3447,4.0062,0.2697,18.8419,3.6857,35.5672,5.0719,7.3105,5.0375,0.4544,18.8305,3.9489,0.2979,2.9951,17.4779,4.1095,5.4417,6.7919,12.0664,1.3043,1.7427,0.5677,7.8357,1.2487,7.7112,4.7489,3.1458,14.5638,1.4635,9.1385,2.5482,4.8964,15.4158,0.5662,8.6829,2.4045,4.4521,2.3052,1.4197,8.8645,1.9545,0.443,3.5502,22.6816,4.0458,5.9726,9.4977,6.5044,3.5584,0.2857,7.4489,4.8831,0.6994,14.8084,4.1326,12.9959,2.0897,12.6069,2.7479,0.1336,0.2067,9.1097,49.1495,5.123,2.5598,5.4124
TCGA-S9-A6WD,0.9297,8.9326,11.2859,6.1436,78.8907,1.0382,2.7285,1.0925,2.1356,1.6942,4.2498,4.3165,3.0265,29.3589,4.035,2.1402,6.6557,3.1192,6.3936,0.1432,2.7545,2.981,10.5353,17.4049,3.8392,1.8583,1.5166,1.9051,3.5919,2.4906,23.039,14.2489,3.4177,2.3611,1.6098,10.3084,0.1702,22.9388,2.9929,43.2508,1.3414,16.1217,2.3839,0.1036,15.1838,3.4986,0.8695,4.3525,14.8795,3.8535,4.3451,4.2128,6.6987,2.0511,0.9487,0.6294,7.8054,1.9093,7.2597,6.0267,3.8574,12.1822,1.7327,8.2454,3.3285,10.631,11.511,1.5105,10.209,2.9243,3.9092,4.9648,1.6596,8.9014,2.198,0.8131,3.8132,21.8741,4.7786,6.4021,6.4126,10.3049,3.6742,1.1253,6.5878,2.2916,1.5057,15.0867,2.1931,8.7427,2.5628,15.9444,3.3248,0.1632,0.6828,8.5489,11.4394,2.078,3.4981,6.2276
TCGA-HT-7695,0.8351,9.819,15.8583,8.8034,70.6978,0.9694,2.0732,1.1616,2.3389,1.4307,3.0566,4.6877,5.75,19.0554,4.6737,5.8761,7.5044,2.8798,8.3645,0.3132,3.2793,5.6942,9.8905,21.3072,3.806,2.777,2.2414,4.4217,4.8402,2.3659,21.5486,11.9296,4.3769,1.3766,1.571,5.3359,0.1573,17.0608,4.8121,42.5819,1.2283,13.6837,4.1627,0.2614,17.3017,3.9413,0.7042,6.2729,22.4131,4.4633,3.5261,4.8679,13.9251,1.8854,1.043,0.6469,9.6141,4.8413,9.4855,4.0698,4.0855,12.6997,1.742,7.6079,6.9776,6.4996,11.6817,1.06,10.5673,2.583,3.9037,10.6175,3.3714,9.0489,3.7637,5.5089,7.2219,34.2794,5.1133,6.3782,7.3653,20.5713,4.4621,0.8032,7.7172,2.7925,1.5977,15.797,2.5908,11.0033,1.4954,14.8053,5.6211,2.4626,1.5932,9.2166,17.9226,2.5677,5.639,7.6358
TCGA-E1-5303,0.5418,7.3389,10.5853,4.8359,73.2375,0.8278,1.3516,1.2718,2.0144,0.8497,4.776,6.971,2.503,15.8897,3.075,1.6511,8.3524,3.8681,8.707,0.079,2.433,3.0213,9.3857,15.4955,2.0387,2.4836,1.7697,3.9549,3.9493,1.9541,17.817,7.1789,4.3902,1.6381,2.4904,6.9175,0.3149,24.1053,2.7744,70.3633,3.8977,6.353,3.7311,0.7413,10.8664,2.6003,0.3307,3.1468,15.8635,4.2581,4.7007,5.7552,7.8095,1.4435,1.4521,0.5414,6.6012,1.3391,7.6441,5.5998,2.4483,12.7792,1.3307,4.7351,1.617,4.4157,11.8461,0.889,12.8561,3.0621,3.9475,2.1321,0.7957,7.9335,2.0403,0.5203,5.129,16.4907,2.5005,4.312,10.4157,12.1788,3.3361,0.185,6.2175,2.1374,0.5942,11.9507,3.2899,18.3716,1.315,10.1443,1.9141,0.0939,0.2186,20.4992,15.3861,4.2,1.865,5.6119
TCGA-P5-A72U,0.1948,9.7021,6.004,8.5629,43.7877,0.5237,1.5203,1.0696,2.0413,0.5238,5.1583,5.1833,1.1047,12.2826,1.806,1.8143,7.0788,2.08,7.8512,0.1443,1.7413,3.2926,7.3548,28.7052,1.6203,3.3888,2.1855,3.165,4.6339,0.3906,18.7926,10.2488,2.992,2.0928,1.732,2.5879,0.4052,14.4359,2.3301,21.0429,4.6043,7.9782,3.1162,0.0416,10.1302,2.4153,0.3277,1.2298,8.7381,4.7117,3.0931,5.6296,7.0883,0.6037,3.7205,0.6404,4.9936,0.5318,4.0374,2.8839,1.6042,8.2339,0.8336,1.6601,1.2544,1.3004,17.6578,0.6153,6.0478,2.5325,1.5654,0.0098,1.0754,2.756,1.6538,5.9991,2.7242,11.4283,2.926,4.3745,5.2807,4.5773,2.7762,0.4457,6.0448,1.0373,0.2218,7.7282,2.6233,5.808,0.9181,7.5519,1.652,0.1778,0.7473,19.0427,3.8228,2.8162,1.7553,4.0944
TCGA-R8-A6ML,0.5022,8.7689,11.1676,6.7183,77.7382,0.9898,2.7179,1.1198,1.9107,1.4368,5.678,4.4808,3.1369,16.5027,3.3036,1.9069,6.0906,2.8671,6.2519,0.2671,3.7033,3.0236,8.0616,9.3698,4.0333,2.1986,2.3823,2.31,4.4702,3.0257,22.8365,11.4868,3.5376,2.3804,2.8089,4.6976,0.1071,24.454,2.6827,46.4033,1.666,11.1892,3.4575,0.0387,22.9923,3.7529,0.3135,3.2033,13.9501,3.915,3.8423,4.974,11.4795,1.4522,1.0222,0.8279,7.2283,2.9605,7.6101,5.3436,4.4417,12.3558,2.5526,7.6602,3.0969,8.7914,11.6147,1.3856,10.6009,2.634,3.6437,2.0216,1.8871,8.0132,2.0558,1.0426,2.8804,30.1798,5.4075,8.0746,6.7662,9.9868,3.4291,0.7822,5.8119,3.8893,1.5579,11.5742,3.2837,9.1305,2.1198,12.6751,2.813,0.2039,1.1535,12.8994,20.2305,2.3101,3.0126,6.2041
TCGA-HT-7854,0.8655,16.2798,15.2194,6.7418,87.1921,0.9945,2.3862,1.7759,1.7923,1.0103,3.9682,5.6361,2.6876,13.041,4.7951,2.8143,8.3929,8.0167,9.0584,0.0064,1.5277,5.9892,10.6768,45.7229,3.7267,4.5585,2.6078,5.5084,7.2667,1.7312,12.4793,11.8024,5.01,1.8101,2.0604,4.109,0.6748,19.5985,5.7377,38.419,3.4871,10.1224,4.1448,0.9273,5.0659,6.3911,0.388,2.99,24.2935,8.7511,7.0648,6.8102,8.4167,1.4494,1.6998,0.4696,9.523,0.4749,7.5914,3.9357,4.1659,19.0089,1.7058,3.8348,1.9521,1.9849,15.3503,0.1853,12.5353,1.3549,5.4719,2.198,1.6573,8.261,4.7678,11.3538,7.8632,18.2618,4.4335,6.3877,15.5743,10.7052,3.5839,1.7878,6.2414,2.2769,0.5299,15.7854,4.4954,16.7521,0.8534,15.9341,4.6928,0.34,0.4624,43.7627,66.1596,6.3493,3.3051,7.1049
TCGA-FG-8189,0.14,8.917,12.1114,13.6556,20.0596,0.9966,1.589,1.0957,1.6874,2.516,1.8696,4.7317,11.9073,7.7291,3.8498,11.9986,10.3872,1.8625,8.447,0.1024,3.182,8.9375,4.9457,17.9315,3.389,4.4893,2.4783,6.1054,7.1861,1.6149,11.9598,14.7943,3.6464,1.3002,0.9505,4.3331,0.0436,10.9087,6.9277,15.677,0.6556,14.1076,3.32,1.026,10.4505,5.0673,1.7844,11.7737,35.8921,4.6416,2.9998,4.9083,7.412,2.3278,0.6942,1.0996,12.3438,6.7686,15.3115,1.7758,3.1996,5.9038,0.7969,1.3003,11.0554,1.3424,5.8391,0.2853,3.9936,1.1891,3.7117,20.3179,6.9956,8.5703,4.5005,15.3093,15.4352,35.0483,5.2004,3.3638,7.8401,21.7988,6.5724,1.585,8.7322,4.7958,2.6018,13.9136,1.9724,9.5177,1.321,11.5472,10.7883,5.555,1.5738,3.7585,5.8867,2.5302,7.8983,4.0912
TCGA-HT-7610,1.3467,10.5853,18.0057,12.0951,73.3016,1.203,3.459,2.0263,2.36,2.3011,3.3964,6.9592,7.293,20.1767,4.0501,6.6904,8.575,2.9536,8.4504,0.1973,4.2743,6.3547,12.9584,18.8728,4.2758,3.2102,2.8849,4.9495,6.1813,3.0864,19.5457,16.9311,4.8434,1.6679,2.8237,6.7924,0.1306,13.3965,5.6952,49.607,2.135,14.6464,4.8182,1.6898,18.5717,4.8594,1.0445,7.6976,30.2408,5.1715,4.068,6.3175,13.2176,1.8205,1.2496,0.8374,10.8691,5.3335,10.4323,3.941,4.4322,12.3896,2.1648,8.8636,8.727,7.3761,11.3248,1.0523,9.6539,6.0323,4.6766,11.5311,3.8297,8.0899,4.8194,9.0797,7.5815,39.5101,5.9863,7.7874,8.6763,28.7678,4.4694,1.4775,7.2865,3.6368,1.7053,15.9041,2.4894,16.3884,1.7581,17.4673,6.4287,2.1994,1.0671,10.8572,26.0521,3.7566,6.9545,7.4448
TCGA-S9-A6U2,1.2641,9.6608,15.8561,9.4193,97.951,1.0407,3.4429,1.2334,2.4337,1.5116,4.1228,4.959,3.1767,24.7674,3.8649,2.3508,8.0122,4.785,8.0432,0.1091,4.0575,3.4726,12.9056,13.9359,4.1119,2.7131,2.5826,3.8001,3.6079,2.9945,25.0273,16.6815,4.4356,1.8486,2.5543,6.1846,0.3689,15.3103,3.5838,78.3976,1.7437,15.8075,2.6156,0.3448,16.7173,4.9939,0.5634,4.0022,18.1873,4.9133,4.7762,5.0414,13.1002,1.6063,1.5323,0.4621,7.2447,1.5114,8.04,5.9741,5.1161,22.444,2.5754,11.1995,2.4347,8.7578,15.3034,1.4406,11.9664,3.4766,3.9684,3.1768,1.6192,8.3936,3.631,2.6915,3.3475,31.4962,5.2698,7.5,9.5795,17.5951,2.7719,0.8667,6.4425,3.7101,1.7132,19.5568,3.4776,12.495,2.5794,17.0782,3.0143,0.1796,1.2888,14.023,23.9775,2.629,4.0828,8.0619
TCGA-DU-7302,1.339,12.9582,16.8267,11.2667,67.8306,1.1468,3.1844,1.161,2.7808,1.373,3.0612,4.7368,6.8116,10.475,4.1798,6.0765,9.2169,3.1747,8.4548,0.4756,3.8555,4.4585,8.5648,19.0569,4.6295,2.9938,2.1744,4.4514,4.9559,3.2523,25.9816,15.4575,5.6688,1.7328,0.7224,6.7265,0.1442,11.5449,8.1973,34.8653,1.2591,14.6397,4.8472,0.3649,11.8639,4.3539,1.1586,5.9321,24.8666,5.1659,4.5287,5.3697,16.7432,2.1957,1.6033,0.5977,12.0642,3.5098,10.4099,5.4832,5.1561,13.1599,2.6087,9.4773,8.0343,8.3605,15.4946,2.3008,10.374,1.3952,4.6479,10.9992,4.5702,10.0143,4.6179,4.8305,6.612,29.1843,6.3253,9.304,9.8779,12.5763,5.2281,1.5502,8.1564,4.245,2.3533,19.6408,2.55,15.6637,3.3171,17.6348,5.8652,1.5215,1.6937,12.3838,19.957,2.6949,5.913,7.8534
TCGA-P5-A77X,0.6564,11.2574,10.343,7.3814,66.5342,1.3137,3.5977,1.6143,2.0148,2.2563,3.9554,3.9709,6.1294,18.76,3.5315,3.8408,7.9911,5.7646,7.2598,0.7462,2.9274,4.0339,9.3638,18.7649,6.5667,3.2137,2.5782,3.0352,3.9362,1.9814,17.8346,11.4895,4.7117,1.5317,3.3492,8.4312,0.063,12.7533,3.7855,37.3552,1.8265,13.1337,3.7765,0.0815,15.0256,4.7617,0.7304,4.242,16.4398,4.3595,4.932,6.5586,12.5518,1.5151,1.1091,1.0793,7.4848,4.0088,7.2349,5.2403,3.7662,12.6583,2.342,8.0194,5.0053,7.4575,12.2804,1.7227,8.8105,3.1841,3.6134,7.3265,3.2424,8.4058,2.5843,2.6509,4.0599,38.2941,7.0021,7.2918,7.8194,17.8603,4.5201,0.8257,6.7018,3.5015,2.476,17.5193,2.1603,13.773,2.1592,11.829,4.0063,1.0775,2.2024,14.9921,11.0313,2.2892,4.6748,5.5295
TCGA-DB-A75P,0.1894,8.6375,7.2072,8.3348,45.0763,0.7615,1.239,1.0245,1.192,1.3154,3.177,4.4023,3.4338,7.461,2.2368,3.0633,6.1067,2.4382,6.4403,0.0068,1.1393,4.5824,6.2035,15.4728,2.9548,2.2901,2.5688,2.9937,4.3329,1.0414,13.2968,10.4945,2.8492,1.8325,0.9443,3.5016,0.0768,10.9678,2.5166,29.5818,2.9521,6.8195,2.0118,0.1662,8.6213,3.1081,0.6178,2.5678,14.0683,3.2021,3.1,4.6122,5.0207,1.3401,2.3464,0.6361,6.3394,0.8108,7.5898,2.5222,1.998,8.0412,0.6643,3.0384,1.7662,2.2737,6.488,0.3869,5.5776,2.1534,2.4121,3.7102,1.5134,4.7725,1.9504,4.5898,6.2021,19.8165,2.8848,2.7387,7.1131,5.6929,2.9737,0.5603,6.4988,1.4476,0.6217,7.1353,2.5514,11.07,0.8322,7.8168,2.7842,0.8045,0.9126,13.6709,5.9504,2.9223,2.2373,3.7423
TCGA-TM-A84O,0.2634,9.9968,10.7418,6.8223,72.5842,1.2691,2.8747,1.3249,2.4968,0.636,4.7077,3.6154,3.1248,10.1015,4.9551,2.3431,6.3746,3.4722,6.3999,0.4418,2.9119,3.836,6.4534,10.9121,3.961,3.0621,1.8973,3.2301,4.5309,2.0579,25.907,10.6769,4.2028,1.4967,1.9753,6.3958,0.2313,14.79,2.7088,69.1953,2.4487,11.666,2.9474,0.1038,14.3225,4.9132,0.7704,3.7019,8.9864,3.8103,4.4747,5.5596,7.1483,1.5199,1.687,0.552,6.2792,1.3646,5.234,4.3424,3.1172,11.8545,2.1128,5.6514,1.9151,12.3933,11.1852,0.7823,7.5533,0.3849,2.7205,4.2275,1.8097,7.3325,2.2162,1.2723,8.0695,26.4775,6.3227,6.2269,7.7233,8.5876,3.6495,1.0048,5.9681,4.4523,1.0075,10.1865,3.6361,13.3655,1.4547,10.2067,3.417,0.2066,1.748,9.7266,5.085,1.7609,2.1989,4.3351
TCGA-HT-7882,0.2322,15.3007,9.0357,12.6921,29.8615,0.8321,1.43,1.244,3.6749,0.4111,2.3728,3.1845,0.6812,3.5671,2.8719,2.7987,7.6378,1.3493,12.3908,0.008,3.8691,4.6027,7.5779,11.6906,1.7327,5.1212,1.9635,10.2137,8.2512,0.4432,8.5884,8.9437,5.0406,5.369,1.5728,1.6942,2.0459,15.0535,4.0839,8.184,1.4358,12.7781,3.6599,0.1905,6.2535,8.2387,0.4376,0.5842,9.2355,7.8,7.2399,7.4624,6.9602,0.8897,9.3421,1.3213,7.7282,0.7861,6.3434,3.1869,9.6093,6.9077,1.6194,1.8663,0.8467,0.5273,15.9459,1.9104,5.7736,3.7251,1.8338,0.1761,1.6109,7.6046,4.0357,1.394,25.2871,3.426,4.0401,3.8093,19.4149,3.2898,4.1663,1.2593,7.9518,3.9218,1.3626,7.314,4.2056,4.1307,0.7876,17.3762,2.7292,0.0175,0.1622,5.9777,2.4371,4.8733,1.1409,5.904
TCGA-DB-A64Q,0.1961,12.9516,15.1303,6.1031,85.1803,1.0507,2.8082,1.3331,2.2854,0.8069,6.6991,3.2425,3.1331,15.0139,4.0049,1.6886,10.7015,3.9542,8.3757,0.2108,3.175,2.4086,11.3889,15.6915,2.9138,2.9562,2.4807,2.4806,6.8042,1.7689,14.087,12.3303,3.8848,2.3477,2.1428,2.669,0.3616,25.2433,3.0982,27.4919,1.835,14.1908,4.7839,0.061,15.5368,4.328,0.1654,1.1538,17.6702,3.0768,6.2792,6.3734,11.0233,0.9632,1.8546,0.629,9.0013,2.0467,5.7309,6.6656,3.3542,12.6024,2.0007,4.5395,3.6019,5.9836,12.4942,1.5918,7.1657,2.4945,2.1717,2.997,2.2464,10.5833,2.1653,0.8845,12.9189,41.1666,7.0949,6.6593,7.5183,9.5781,5.6907,0.536,7.6633,1.0567,1.9295,14.8668,5.0511,9.5081,2.5883,13.0619,2.8834,0.382,1.0792,16.1061,21.6635,2.4022,3.4465,6.181
TCGA-HW-A5KJ,0.7394,9.0265,10.6203,4.8695,46.5278,0.9882,3.0218,0.8144,2.902,1.2149,3.3656,3.5734,3.2407,25.914,2.1174,2.2389,9.6915,1.868,6.6022,0.0473,2.044,3.0385,5.818,7.7033,2.3847,2.503,1.0446,3.6158,3.1667,2.9336,17.5224,10.3924,3.91,2.1354,1.3313,7.9523,0.1187,21.9419,2.4508,32.6692,1.656,12.003,4.6968,0.0309,28.0202,3.3987,1.0681,4.0406,10.8946,2.9126,3.435,5.3819,7.2722,1.1141,0.9213,1.181,8.3618,3.7594,5.8648,5.8549,2.8121,3.8126,1.5847,5.031,4.2095,6.9552,6.4302,0.5924,3.4664,5.1203,3.3138,3.6562,2.5614,7.5903,0.6622,0.9294,2.0884,34.3206,6.3613,6.8091,7.6111,5.867,4.3177,1.0133,8.4292,0.5765,1.5699,11.7777,3.3557,5.922,1.3365,9.0168,2.6245,0.1619,0.2264,4.9465,4.534,1.2426,2.3478,2.9618
TCGA-F6-A8O3,0.6734,9.7437,14.975,9.3666,86.3958,0.9649,2.7355,0.8961,2.9032,1.6464,4.1726,4.2178,3.4069,27.2364,3.7109,2.1894,8.2839,2.7209,6.7517,0.1971,2.7852,3.3962,8.6847,22.5542,3.3064,1.8865,2.3511,2.9639,3.2218,2.4441,24.4953,11.9536,4.1019,1.9223,1.2738,5.1757,0.038,15.8875,1.9662,33.454,1.113,18.3329,4.9894,0.0953,21.8687,2.0652,0.4272,2.4548,14.7615,4.6644,3.4649,4.739,15.802,1.5276,1.0541,0.4135,6.4589,2.1228,8.6751,5.7003,4.112,12.7436,2.2842,7.9822,4.4171,9.1212,13.3427,2.2987,7.9563,0.9806,2.8546,4.962,2.0522,8.235,2.1713,1.689,1.9128,54.1724,5.1493,6.7708,7.4827,19.5124,3.2147,0.7607,7.1319,1.5266,1.8695,18.0954,4.3281,10.6913,2.1041,15.2645,3.1569,0.1476,1.7748,8.2087,7.484,2.1373,2.9341,6.3687
TCGA-S9-A7R1,0.7455,9.0169,14.8478,7.3486,56.4595,1.0594,4.4985,1.0544,2.9837,1.7309,3.4127,3.8882,3.9617,15.8149,3.1634,3.2969,8.4335,3.45,7.9716,0.3999,2.5254,4.3176,9.4631,15.5826,3.158,2.8073,4.0341,4.6737,3.8597,2.767,21.4601,14.3858,4.4285,2.2953,0.9662,9.1224,0.1467,15.6584,3.7946,73.9804,1.5616,13.9222,4.9046,0.2033,24.7511,3.3945,0.5946,5.5591,17.7632,4.5871,4.4244,4.347,16.2171,1.4351,1.231,0.8342,9.5247,1.3559,8.2104,6.0593,6.3253,11.0118,1.8397,7.3821,5.7967,8.6607,11.6081,1.2113,5.3213,5.9512,3.8902,6.9386,2.7582,11.8826,2.9222,2.119,5.2112,24.8412,5.8095,10.0494,8.0736,8.9204,3.8725,1.0469,8.8718,1.3801,2.1966,12.9444,3.1992,10.8747,1.6546,15.4721,3.5971,0.716,0.6941,10.9027,17.8715,2.117,4.1296,8.3948
TCGA-HT-8558,0.0602,8.0586,10.8661,9.7621,42.7515,0.9593,1.4028,1.1692,1.6102,2.1574,3.0379,4.2967,9.0958,5.1684,6.3931,10.0281,8.3272,1.6221,7.9901,0.2629,2.3324,6.427,5.4023,15.428,2.4044,4.2203,2.2053,5.5202,9.7302,1.3315,9.4039,11.1789,3.4853,1.5132,0.9693,4.1289,0.0367,29.3124,5.2621,30.3333,0.9428,11.7338,3.0465,0.9555,9.6612,3.8298,1.1884,9.9158,25.8894,4.3148,2.9495,4.3835,6.906,2.1995,0.5479,1.2384,10.8259,6.119,10.6005,2.0503,2.6266,5.016,0.556,1.4561,8.6756,0.8989,5.4116,0.1921,6.9907,2.1364,3.7604,17.1827,5.1303,8.534,3.4236,11.8976,15.864,32.5685,4.8685,2.7635,7.258,24.9436,5.7919,1.2752,7.535,3.7656,2.002,11.1543,1.8518,6.1638,0.9501,10.3767,9.0875,4.0091,1.4276,3.6013,2.7318,2.8075,6.2414,4.225
TCGA-CS-5394,1.6781,13.9916,26.9803,9.2517,87.4039,1.2402,3.1128,1.0951,3.5225,0.6662,4.9029,6.1898,2.753,32.4603,4.766,2.4641,10.4496,3.1449,8.6877,0.4829,4.0111,5.0383,14.4631,35.2164,4.8326,1.9954,2.3529,3.5254,3.0573,3.4715,32.525,16.7252,5.269,1.7519,2.3231,6.6837,0.2898,21.5906,5.5499,46.8743,1.9893,14.8995,6.1398,0.0072,21.8156,4.4225,0.5912,5.3714,17.9511,5.6757,5.5941,4.9912,23.807,1.7652,1.3219,0.4483,11.3021,2.2789,9.4721,6.8845,4.9481,18.4964,3.4107,7.7359,5.3417,10.5779,16.1996,1.5383,12.1708,0.6419,3.8041,7.2262,2.6999,10.1266,3.4206,0.8428,7.229,62.4423,5.3757,10.7532,8.8333,18.7522,4.3262,1.1,7.8367,1.0764,1.7157,18.4689,4.581,11.0265,6.1205,22.7417,2.8509,0.0556,1.8911,8.2966,9.7302,2.7457,5.7766,9.6405
TCGA-DU-A7T6,0.1641,8.7822,11.2997,5.2776,51.6146,1.0582,1.8452,0.9857,3.8254,1.3763,4.6523,4.0858,1.9324,13.1879,2.8093,2.131,9.1536,1.5212,5.6632,0.3201,2.4258,2.6577,4.5243,5.7504,2.3251,1.7063,0.7364,2.7924,4.6646,1.5881,27.5799,6.9288,3.7816,1.2628,0.296,18.6328,0.0615,17.0841,2.4279,23.0573,0.614,14.5436,2.552,0.382,25.2254,4.6031,0.5651,6.2986,14.7891,3.3965,3.2655,5.7777,5.0843,2.0723,2.0806,0.355,7.5253,4.3464,6.6086,7.2735,3.405,6.5512,2.3238,6.6127,2.1898,13.3903,8.7115,0.211,5.8451,0.7502,1.545,7.1452,1.2371,6.5407,1.6606,0.8442,4.6385,22.6917,4.1107,2.9225,5.0717,3.6358,4.5028,1.1687,5.7394,0.6952,1.1668,8.2536,3.1389,4.762,1.9816,11.3163,2.4343,0.2295,0.7349,1.5533,2.5816,1.7681,2.251,4.2999
TCGA-IK-8125,1.1025,10.6319,17.1557,8.0202,70.3311,1.1234,2.7862,1.0376,3.1127,1.1373,3.0374,4.9058,4.0547,18.0604,4.2278,3.7292,8.4674,2.6789,7.3604,0.5231,3.5599,4.4752,8.7848,16.8782,3.4865,2.2836,2.4429,4.2103,4.0811,2.6304,21.4165,13.0272,4.63,1.3567,1.9078,7.6061,0.267,14.7517,3.7495,44.7087,1.6787,12.7817,4.7941,0.1676,19.568,3.9652,1.0184,5.2396,17.1763,5.0104,4.6101,5.0979,15.7813,1.5644,1.4429,0.5203,8.509,2.3799,8.8833,5.0949,4.2352,15.1172,2.5764,9.4219,4.4305,11.077,14.1854,1.5343,9.8063,1.7374,3.4668,8.3242,3.0468,8.0018,3.5371,3.8322,4.5633,33.5305,6.1906,10.3985,8.0932,15.4289,3.7628,1.3668,7.2329,2.8077,1.8428,14.6799,3.2783,12.2686,3.2895,16.8363,3.8667,0.7641,1.6209,10.662,20.4884,2.1,4.5438,6.9134
TCGA-FG-A60K,0.2851,10.0899,14.0757,7.5256,86.8666,1.1339,3.0666,1.4095,2.5444,0.7912,4.1602,3.798,2.5587,16.3227,3.9049,1.8443,7.3917,3.4934,7.5551,0.3592,5.2264,2.9627,11.7758,11.7863,3.4554,2.4893,2.2125,3.0793,4.8296,2.7831,19.7671,12.7667,4.4921,2.158,4.6105,5.2381,0.4792,18.0332,2.9527,39.1948,1.6909,14.535,4.2021,0.0807,20.8734,4.5967,0.4941,3.1838,14.4496,5.0191,4.9031,5.5255,12.2607,1.3879,1.5314,0.4165,7.4033,3.0864,6.7983,5.424,4.8479,18.4143,2.7529,5.9643,3.1864,9.6589,12.755,1.7572,11.584,2.9746,3.3582,2.3952,2.1121,9.1304,2.6662,2.1946,2.3964,28.4952,7.0087,8.4428,7.7065,15.6401,3.6924,0.787,5.7477,1.9346,1.9638,13.8387,3.2562,10.7701,2.1852,15.2553,3.6508,0.4075,1.6624,13.749,20.1152,2.1326,3.2449,6.7933
TCGA-IK-7675,0.5057,10.9096,15.4082,7.3599,132.9298,0.8306,3.0699,3.6723,2.0269,1.1925,4.4432,8.3893,1.163,35.5875,4.2143,2.3529,5.7497,4.5278,9.4575,0.811,4.8603,1.7689,8.3509,56.7392,3.4634,2.6509,1.8173,3.5972,4.9605,3.1517,31.7595,6.8862,5.9855,1.971,0.4441,6.5023,0.0754,17.1143,3.0226,42.5764,5.1782,14.751,8.781,0.0233,19.4827,4.2334,0.1522,2.1275,28.6281,5.5594,5.826,9.7572,13.1362,0.7745,2.1211,0.4458,9.7055,2.4785,15.3342,6.3925,3.3802,14.2776,2.9182,9.5018,2.2177,6.5512,11.0095,0.6336,10.8327,1.7467,2.185,0.9728,2.0814,8.6427,3.3035,0.0872,2.2856,26.0171,5.9804,8.3176,5.2876,7.4866,4.7919,1.369,8.1245,2.9462,1.8673,14.4782,4.0616,12.0877,2.1366,10.9608,3.2838,0.0544,0.1245,13.9885,27.6905,4.6983,3.6664,4.6289
TCGA-FG-A6J3,0.2957,4.8866,3.6522,12.1231,35.1848,0.548,0.5504,1.0246,1.5606,0.4071,4.6645,4.3169,0.4068,15.0329,2.2545,1.804,7.1045,1.0404,8.7197,0.0956,1.1514,2.892,1.205,9.7637,1.1417,1.607,0.2075,1.6318,4.4357,1.2271,8.8748,1.6125,2.9627,1.2217,1.3643,5.1533,0.1715,15.5352,4.2681,9.5252,3.0575,8.6743,1.7941,0.4135,24.7032,1.1139,0.1666,0.823,7.1094,1.7237,3.1798,5.1225,5.3877,0.5349,5.4737,2.8469,4.063,1.2481,2.9867,4.9207,2.1503,2.5905,0.5797,4.1539,0.3463,1.5078,7.1628,0.8681,4.8141,6.5546,0.9096,0.7202,0.6684,3.9804,0.1172,1.8063,2.7137,2.2816,2.0008,1.5238,5.3649,4.6784,2.4742,0.2047,5.9969,1.1097,0.5237,6.6431,2.5348,8.1849,1.3301,2.5625,1.5515,0.0093,0.1861,1.9315,2.6306,2.6422,0.796,1.5856
TCGA-VM-A8C8,0.1665,7.1323,8.5721,5.5744,59.4585,0.8047,1.8203,2.4162,1.161,1.4515,5.0785,5.4202,3.0758,19.1278,2.0848,1.8282,7.4785,4.753,5.9373,0.1136,1.8591,2.2492,7.8921,15.0038,2.8892,2.0354,5.1456,2.0097,5.0166,1.3378,13.5862,9.9944,3.3257,2.2801,2.6209,5.1571,0.1664,19.8345,2.7237,28.5728,4.2515,9.8312,3.3472,0.3105,14.2052,3.0233,0.1638,1.8034,23.6792,4.2088,4.4815,6.2155,8.0927,1.6499,0.9701,0.403,3.283,1.7679,8.6589,6.2404,2.794,12.4105,0.7579,5.0679,2.3094,5.906,7.737,1.561,6.1728,1.8534,3.2401,1.1521,1.4633,6.4327,0.9733,0.6905,1.8113,21.6182,3.9298,4.0188,6.4338,12.122,3.4978,0.3234,5.9102,1.0291,0.4155,10.4955,2.9969,11.0971,1.396,10.3507,1.8442,0.08,0.1602,14.0614,22.4231,3.7547,1.8386,4.5671
TCGA-QH-A65S,0.2363,6.7744,9.4115,4.7893,85.9923,0.9993,2.2248,2.0519,2.0013,0.4726,6.1314,7.7519,1.9403,20.2938,3.9493,2.0877,8.631,5.6552,9.7963,0.0849,3.2935,2.9524,10.396,19.1316,3.1376,2.5039,1.7911,2.3759,5.4645,1.9053,18.9717,6.6632,4.0286,1.8016,1.8161,4.4735,0.1951,21.116,2.7734,63.0958,4.4807,10.2481,2.8646,0.1647,19.2705,3.4722,0.1879,2.9722,11.5835,3.547,4.3847,6.3919,8.0722,1.1921,1.5301,0.7589,6.54,0.5373,5.9302,4.6759,2.5578,10.7054,1.4386,7.2009,1.3156,5.3591,9.8087,0.7653,8.7903,2.291,2.9982,1.8087,1.4608,6.2814,0.9514,0.5841,7.341,20.211,5.0562,5.5931,5.9097,9.0148,3.1501,0.7783,6.5503,4.0312,0.6859,10.6753,2.9095,6.4679,3.2154,9.338,2.8088,0.162,0.2598,10.8518,32.4118,3.5135,2.6389,3.1195
TCGA-DH-A7UU,0.4628,9.8635,12.8013,10.5073,84.8555,0.8972,3.2714,3.9299,3.5175,0.454,4.6979,9.3502,1.56,33.265,3.3636,2.4267,4.8146,4.6338,7.6494,0.5238,5.9058,3.2998,13.9961,25.3067,4.7216,3.1306,1.4116,3.3425,3.8112,3.8818,34.6089,7.0201,4.6984,2.1047,0.1961,9.8185,0.0968,13.7765,4.4721,56.6267,4.2842,11.7197,6.0599,0.0337,21.9451,4.7713,0.2548,4.8272,38.8073,4.1593,4.9403,9.7267,11.0055,0.9801,1.7367,0.5282,7.8463,2.1134,16.5155,5.7974,3.7164,13.2065,2.8121,13.5457,0.4958,10.1225,11.6345,0.9787,8.872,9.545,1.8797,2.1767,2.0462,7.3813,2.4948,1.7245,4.0754,26.0917,6.249,6.9345,6.5641,5.6258,3.5756,0.9392,7.1963,4.7584,1.0953,15.9253,3.2872,8.5664,4.1615,16.0715,3.1606,0.0938,0.0756,8.8837,19.5586,4.0423,3.1188,3.6737
TCGA-E1-A7Z6,0.362,9.624,12.485,7.8953,77.812,0.9047,3.6267,2.5721,1.7301,1.3709,3.9307,7.6795,4.7208,26.8644,2.5668,2.891,8.045,8.1162,10.4079,0.2085,2.635,4.317,14.0745,28.2407,4.75,2.9376,4.0539,2.9517,3.4038,2.5666,15.9871,9.6467,4.4074,1.884,6.6769,5.5574,0.264,17.0943,3.5407,102.99,4.6825,9.871,3.6307,1.6438,9.8258,4.4294,0.2695,2.9134,21.373,6.3135,5.399,7.0826,9.7762,1.894,1.6567,0.7744,7.7453,0.6955,7.4816,8.8196,3.5915,21.7183,1.7611,5.3892,2.617,5.7907,12.8573,0.3744,15.4895,0.5582,5.1805,2.454,1.4841,6.9995,3.2421,0.7197,1.936,25.8017,5.1786,4.918,14.3532,18.5574,2.7976,0.463,6.2232,4.2545,0.5646,19.6381,2.4763,24.821,1.0856,14.5884,3.3952,0.2689,0.4139,39.3227,29.2883,5.2029,2.2565,7.1957
TCGA-CS-4943,1.0863,9.5317,15.8129,6.7344,83.9509,1.6482,3.0199,2.2767,3.629,0.7612,4.0993,9.7094,2.4799,20.2426,3.3863,1.6839,7.374,2.622,8.3361,0.99,4.6804,2.6672,10.858,28.7773,2.5119,3.1489,1.1371,2.8179,3.6249,4.8142,48.0871,8.9136,6.638,1.2875,0.6239,11.6696,0.1393,14.2518,6.9152,39.3715,3.3257,11.4158,10.5658,1.3111,29.0302,2.7475,0.2612,3.1007,18.0462,3.3453,4.6481,7.2436,28.6541,1.6021,1.454,0.4409,8.4903,1.8255,10.7574,6.5373,4.4537,11.6619,2.4396,20.3833,1.455,6.1256,19.1384,0.565,11.1022,11.6024,3.0823,2.6987,1.8031,8.5566,2.83,1.3381,3.3622,27.5866,4.749,6.8514,8.0754,6.074,3.3431,0.4784,8.0139,6.0476,1.2497,21.977,3.4718,8.1033,2.0786,18.0008,1.6801,0.0391,0.365,6.347,15.462,3.6599,2.5417,9.0298
TCGA-DB-5279,1.6907,12.1695,18.2617,6.0954,95.511,0.8506,2.2964,0.8207,1.5008,0.8738,3.5154,3.6409,3.1355,15.3474,4.1761,3.8159,7.4869,4.3567,9.8188,0.1772,2.0465,3.6321,14.0774,42.6707,4.188,3.0076,3.108,3.1503,4.8117,2.8457,17.936,17.2149,5.6335,1.9248,6.1513,12.9588,0.0659,22.8091,4.2729,37.9316,1.3901,16.3763,4.0639,0.0872,8.5582,4.9295,0.4755,4.1116,15.5205,5.0649,5.7418,5.5951,8.058,1.586,1.2619,0.4291,13.9553,1.1312,7.1296,5.7658,4.5747,19.3526,1.6385,4.7047,4.9186,6.3931,20.8977,0.7345,9.8591,0.7755,5.8291,6.2714,2.1517,11.8704,3.8147,2.1332,3.0914,25.9289,4.8849,8.0475,12.2287,9.8518,4.0578,0.6108,8.5027,3.7775,0.7518,16.3838,3.4738,12.095,0.9342,18.5146,3.7932,0.9756,0.8607,25.8405,12.4427,3.8234,4.5579,8.6928
TCGA-HT-8019,0.0528,6.6708,8.2991,9.8566,21.6552,0.814,1.4475,0.9901,1.3347,2.012,2.3208,4.2347,11.1236,6.0445,3.1868,9.0373,8.9951,2.1028,7.8932,0.3555,1.9688,7.4326,4.6683,17.0012,2.5189,4.5531,2.0457,4.5312,6.2386,1.2454,9.9599,9.7205,2.8268,1.2725,0.9294,3.45,0.0425,13.0264,4.9978,17.6118,1.0984,11.8895,2.5362,0.6218,11.2505,3.5836,1.178,6.7891,25.7258,3.2588,2.545,4.8291,6.0007,2.2094,0.6462,1.4678,8.9651,6.1793,9.9068,1.5819,2.2354,4.0594,0.6034,1.044,7.7022,1.2861,5.2034,0.1876,3.4486,1.1458,3.3963,15.926,5.0303,7.296,2.843,11.0745,11.8108,28.1846,4.5162,2.7797,6.6314,15.7673,6.2619,1.099,9.4894,3.2965,2.0066,12.0765,1.6093,7.5168,0.9084,7.3719,8.2069,3.7493,1.3386,4.0354,4.0514,2.0432,6.5661,3.005
TCGA-CS-6667,0.5102,10.335,14.3463,7.0424,72.3965,1.2009,2.8934,2.4477,2.3216,1.1519,4.0802,5.9294,2.694,20.108,3.0481,2.4777,9.1721,3.2195,7.7529,0.2619,3.671,3.4982,13.3598,22.1736,3.8277,2.7611,3.2568,4.1018,4.785,3.3181,17.2304,10.9575,4.4943,1.9508,2.3425,6.9174,0.1311,19.7344,4.2893,47.6589,3.524,10.7358,3.9727,0.1424,19.9419,4.5167,0.2843,3.6986,26.4944,5.1299,5.2845,7.3082,11.4348,1.6879,1.4544,0.8272,7.3803,2.4679,11.2814,6.4305,3.2312,13.0034,2.0991,7.8583,1.9292,8.7152,11.9687,0.3879,10.0914,3.564,5.2609,2.0256,2.0065,8.2349,3.2772,0.6171,2.8742,27.4632,5.1856,7.1838,12.7186,4.8314,3.8466,0.962,7.5549,1.7629,0.9239,15.4557,3.8925,10.215,3.3999,15.4728,3.9809,0.0757,0.1724,14.8517,26.9184,3.9979,3.0733,5.9481
TCGA-DU-7300,0.3831,11.8516,13.1277,7.3247,66.5142,1.2066,2.0947,0.9925,2.1962,2.0561,3.8714,4.392,5.9424,17.6701,4.6235,4.6835,9.9605,3.1548,8.0334,0.1354,2.6356,4.5571,9.9603,23.6698,3.8976,2.8764,2.0411,3.827,5.8854,1.898,23.378,15.6995,5.3721,1.6056,1.3798,8.0828,0.127,22.9546,4.7863,38.9302,1.7505,13.6268,5.1606,0.3193,13.3744,4.4345,0.699,5.7332,20.9888,5.3349,4.8507,5.2485,8.8167,2.1706,1.1597,0.8702,10.6949,2.0764,8.6827,5.0816,3.5202,10.5216,1.9781,8.0101,7.2703,6.298,14.5583,0.6982,10.6159,2.5063,4.2372,11.067,3.2587,10.4352,3.2909,8.4804,7.8179,29.1175,4.8489,5.8799,9.4832,12.4449,5.0738,1.0104,8.0256,2.9872,2.014,15.9858,4.1345,9.0466,2.2933,16.2595,4.7363,1.2829,1.0904,6.2324,18.0413,2.7835,5.089,7.0136
TCGA-HT-7479,0.3147,8.8257,11.4087,5.7373,96.7299,1.0999,1.7796,1.8106,2.2527,1.2617,4.2158,6.6236,2.1307,16.3145,5.3504,2.0405,6.977,3.9191,9.3995,0.0898,2.4108,3.3554,11.1531,24.3199,2.7235,2.6737,2.2018,2.7321,5.7573,1.9843,19.1509,7.4462,4.6211,1.4097,2.3364,9.1996,0.3226,28.3476,4.0587,74.8404,3.1498,9.7623,3.1328,0.2435,11.7292,4.276,0.2393,4.2103,16.6207,4.6346,4.8669,6.9379,8.3228,1.4662,1.4532,0.5694,6.7741,0.7015,6.5766,6.4009,3.1155,14.3706,1.2689,8.9441,1.6519,5.2871,12.5688,0.8849,13.39,3.1368,4.1676,1.7028,1.0488,7.3342,2.3136,0.8479,8.6021,14.9673,4.0353,4.5522,12.5188,17.1853,3.851,0.3539,6.1639,1.691,0.4521,12.0129,3.1251,12.2212,1.5858,12.547,3.0877,0.1978,0.4046,12.2106,27.6599,4.7497,2.2633,7.2491
TCGA-CS-6186,0.2379,15.5101,9.6207,8.7621,84.0048,0.6202,3.1087,1.9819,1.2581,0.7195,4.4528,5.4384,0.771,13.7583,2.4613,1.5064,4.0866,2.4279,9.5627,0.0613,3.3519,4.2082,6.8226,15.0769,2.2545,3.3513,3.3397,3.1223,3.5158,1.1804,14.0325,8.6931,3.9832,1.4659,2.0164,1.9995,0.221,17.9361,3.6929,28.932,6.0816,13.789,4.2765,1.2697,6.0025,4.3159,0.1477,3.1667,9.2092,5.4097,4.3131,4.9812,14.8729,0.533,1.9683,0.3046,5.9057,0.0315,3.6483,3.0583,2.1313,12.9831,1.2868,3.6889,1.3908,2.1912,14.1723,0.0025,7.9693,0.1858,2.6596,0.0337,1.1172,7.5962,4.113,21.9925,0.5845,28.319,5.4549,10.4661,6.7397,17.9395,3.5456,0.5972,5.1776,2.2173,0.4176,14.2721,3.9387,18.1048,2.1353,10.156,2.287,0.031,0.4997,46.7686,6.2873,4.0687,2.3367,5.5662
TCGA-E1-A7YH,0.3121,8.7533,10.5404,5.5894,72.2602,1.2812,2.8579,2.9977,1.1945,0.9043,8.7499,6.4037,3.0887,18.1316,3.6091,1.7064,7.7486,4.7428,6.1883,0.1761,3.7985,3.7897,6.5632,14.6232,3.938,3.4153,3.3938,3.5591,4.8971,2.6186,10.4183,8.2323,4.1258,2.5539,3.6704,10.2627,0.1679,23.2118,2.7917,55.9917,3.1405,9.9933,3.9376,0.161,15.7263,4.691,0.157,2.5949,17.3661,4.3238,4.8723,7.8188,9.9663,1.7105,1.3488,0.7617,6.4795,2.0763,7.9349,4.7774,3.1511,12.8924,1.9364,8.8494,2.7732,5.2667,9.7894,0.7361,8.6806,2.8192,4.8853,1.1115,1.6717,7.6014,1.7832,0.2124,7.4519,20.4274,5.6911,7.1179,8.9534,10.119,3.527,0.5031,5.5721,0.8051,0.8419,11.1289,3.3825,11.3307,3.0374,11.4548,3.0806,0.1088,0.0415,13.9668,23.5812,4.5984,1.9179,6.7509
TCGA-P5-A735,0.354,7.1328,7.525,7.8063,61.6111,0.9748,2.4187,2.7007,2.2674,1.7576,4.7739,6.6128,2.2013,30.6084,2.0554,1.5478,5.2275,4.1897,6.7201,0.1007,2.9172,2.6644,9.0071,22.3052,4.1961,3.0973,0.951,1.7815,3.4754,3.3893,16.5879,7.6801,4.0266,1.6938,2.2649,4.8626,0.1162,13.2006,1.8961,37.1027,5.0662,7.6571,3.28,1.6917,21.4855,2.6314,0.1732,1.688,10.8916,3.1969,3.6606,6.4106,11.5199,1.2167,0.7252,0.6094,5.5832,1.7497,6.2641,4.826,2.988,8.6882,1.6415,13.7366,2.343,6.3124,8.2942,0.6886,7.4459,3.772,2.5612,2.1437,1.5814,5.7633,1.0078,0.7753,2.5788,22.2812,4.3527,3.9614,4.6443,17.2528,3.0768,0.5338,5.989,2.5654,0.7195,13.3028,2.1773,7.6433,2.4579,9.6148,2.2842,0.1345,0.1111,7.9638,16.2386,3.1157,2.3303,4.4948
TCGA-DB-A4XA,0.1934,7.7692,8.5687,6.482,66.0107,0.86,2.1092,0.9327,2.3391,0.8742,3.373,3.6888,2.5436,14.5401,3.3632,1.8885,6.1379,2.9097,6.4946,0.148,2.5519,2.4409,6.4217,12.2733,3.0066,1.9867,1.277,2.1591,3.2746,2.2638,18.8164,7.9122,3.2457,1.3887,1.096,4.0631,0.1706,19.3268,2.6126,47.9591,1.4466,12.176,2.4916,0.155,12.3759,2.5976,0.6405,2.2469,9.4423,3.1077,3.5915,4.3155,8.5686,1.3132,1.0016,0.6544,5.0208,1.1687,5.9655,4.544,2.686,10.6924,1.3107,5.8139,1.9951,5.5861,9.4244,0.8989,7.2473,1.8414,2.5213,3.785,1.5338,6.7468,1.1644,1.7504,6.774,20.6312,4.7271,4.2717,6.1816,8.9054,3.3447,0.5645,7.1211,2.6275,1.2385,12.889,3.7054,5.9539,1.3912,8.5887,2.7125,0.291,0.5563,7.3623,20.5688,1.7739,2.6552,3.5795
TCGA-HT-7879,0.5382,10.148,11.7141,11.0512,71.3919,1.2765,3.5886,3.9634,2.6168,1.2596,5.3818,7.955,2.3938,20.295,3.6104,1.9773,7.4326,5.8755,7.5549,0.4802,7.3586,3.4688,11.5769,16.1798,4.6646,4.0338,2.1764,3.1243,3.775,3.2981,21.4117,6.948,4.2439,2.0504,4.7554,5.8308,0.1554,14.429,3.2238,57.2461,3.7269,11.4809,3.605,2.1084,18.8381,5.57,0.3342,1.912,15.5427,5.8055,5.8619,7.593,9.7774,1.2802,1.5476,0.4156,6.4215,4.2126,9.2561,5.1293,3.5445,16.8439,2.7026,12.4809,3.2498,7.132,9.6192,0.8671,9.1859,5.2358,2.5054,1.8123,1.9294,6.5825,2.8647,1.7228,6.6624,21.977,6.3344,8.0077,8.5007,19.082,3.0148,1.0329,5.7328,3.8423,0.9358,12.2767,2.7697,14.2305,2.8768,10.7434,2.7907,0.4303,0.1627,8.5047,33.2194,4.3843,2.6248,6.59
TCGA-DU-7309,0.6893,9.1005,14.8293,11.881,67.5113,0.8613,2.3896,1.7962,2.0495,1.3966,3.2579,6.5655,6.4525,18.6688,3.6586,5.804,8.3601,2.7333,8.8727,0.2722,2.6919,6.9736,10.4326,30.9883,3.1534,3.6819,2.1642,4.1572,5.1708,2.1697,18.3137,10.8973,4.5023,1.5444,1.7217,5.9447,0.1289,13.5695,6.2367,57.3022,2.1683,11.8297,4.2047,0.3938,15.2953,3.572,0.8142,4.7783,23.7333,4.5084,3.3456,4.9654,11.3251,1.8231,1.1423,0.8892,9.554,3.3303,11.1595,4.041,3.4405,11.577,1.8243,6.9311,5.6943,5.6178,12.3304,0.7979,7.6061,3.5487,3.9445,7.9517,2.9599,8.5641,4.3952,5.1352,6.3107,28.6807,3.6915,5.8713,9.457,13.805,4.348,0.9607,9.5726,3.4357,1.2473,18.3412,2.4454,13.7051,2.349,16.1244,4.8424,2.0288,1.0149,5.4539,26.7541,3.7153,5.0298,5.4929
TCGA-TM-A84S,1.0045,9.135,11.9962,6.6578,80.0727,0.9503,2.626,1.0804,2.6177,1.0796,4.0198,5.0153,2.6954,19.9633,3.0359,2.0582,8.1609,6.398,7.8771,0.3688,3.4055,3.0892,10.4561,16.5238,4.7963,2.5011,1.8557,2.2927,4.116,2.4343,24.3946,8.7311,3.7359,1.5452,2.1786,6.6731,0.5701,21.0896,3.1119,58.8184,2.1977,14.2917,3.6745,0.0276,15.2734,3.4059,0.2882,4.8082,16.6334,3.9309,4.5665,5.0802,11.7858,1.4124,1.2336,0.5328,7.8011,0.9037,6.0639,5.4151,4.1229,15.9195,2.0263,8.5829,2.704,6.2113,11.0557,1.2105,10.3547,2.0991,3.5381,2.8385,1.7207,7.6635,1.9219,2.7451,8.3121,28.7885,4.4828,6.0695,8.0641,12.9528,3.1528,0.3114,6.1375,3.6221,1.4136,15.678,3.2985,12.2392,1.7684,11.1111,2.4952,0.3616,0.5376,22.7325,30.4844,2.5139,3.0833,5.5099
TCGA-HT-A619,0.4771,10.6554,10.1436,6.6601,69.6249,1.334,4.2093,0.9771,4.122,1.0975,4.9241,4.0093,3.2806,28.0254,3.6726,1.7656,10.4824,1.8086,7.5896,0.6538,2.6321,3.4351,8.1094,6.8141,3.2807,1.8341,1.1394,4.2828,3.7679,1.9336,21.6051,16.5784,5.3499,2.5462,0.0463,7.6976,0.0115,14.5763,2.8595,29.2276,0.2583,33.7522,3.4887,0.0363,30.2724,4.6961,0.7439,3.6374,19.1479,4.0629,5.2358,5.5059,18.7809,2.2663,1.1462,0.4273,5.8081,3.1505,7.7342,7.4186,4.3269,10.4065,2.5497,7.5534,6.8507,15.8354,8.7204,2.7054,6.9266,0.2707,3.448,9.7758,3.8591,8.2483,3.247,0.6203,1.4596,6.1131,7.8456,10.5695,7.805,5.9705,4.1755,1.6661,7.0634,2.7272,1.5657,14.2813,3.5359,3.8621,4.3494,16.7838,3.6207,0.0044,1.3026,0.9483,0.931,2.0242,3.0014,7.6386
TCGA-DU-6542,1.6124,11.3465,15.0058,7.5203,44.393,1.2733,3.061,2.7228,2.8798,1.3896,4.5988,7.4583,2.9608,18.8895,5.9441,3.8118,5.6295,2.4568,7.9246,0.2623,4.7792,5.3461,8.0334,16.9191,3.5262,3.2795,1.3459,4.9887,4.3828,2.1832,24.489,10.8396,5.1476,1.8125,2.6613,7.4719,0.1863,20.5374,3.8924,44.1492,3.14,11.5735,3.9972,1.8407,26.5437,5.8002,0.5705,4.5359,17.1999,5.2256,5.0823,7.2476,15.2115,1.9098,2.1301,0.5123,7.7883,2.5673,6.5457,5.5621,4.6102,14.2682,2.3546,11.4108,4.1279,12.2721,13.5743,1.4208,11.623,5.8476,4.0336,3.8791,1.934,8.3854,4.673,2.0559,1.9388,27.1937,4.7579,6.0861,9.5941,8.9805,3.2898,0.6435,6.5816,1.8984,0.5147,11.4306,3.2893,8.819,2.334,19.4751,2.345,0.4153,0.6255,8.4909,17.32,3.756,2.9081,8.2588
TCGA-HT-7473,1.2472,11.969,14.6581,7.5909,102.6968,1.2162,3.8059,2.6208,2.2029,1.308,4.9466,8.6621,2.6868,26.9517,3.2683,2.4691,11.1582,6.3868,9.012,0.2061,4.3017,5.5222,17.8273,27.138,4.2386,3.7388,1.8637,5.6159,4.2865,3.3944,22.2971,7.8984,6.8902,1.7345,6.7761,5.5193,0.537,15.9614,5.3327,43.0958,5.2829,16.1484,4.9741,0.8419,9.4776,5.0139,0.4396,3.3187,29.0375,5.1166,7.8205,7.5823,9.168,1.2669,2.3174,0.6391,8.1648,1.7951,9.8152,7.6047,3.4549,20.5776,2.1769,6.4382,1.9375,4.972,18.3117,1.2752,14.7231,3.4238,5.7565,1.0077,1.8103,7.995,3.6476,0.9322,3.3925,17.8729,4.8052,6.2229,15.1441,12.2625,3.3667,0.3428,6.2737,3.61,0.7531,17.7172,4.0236,20.9155,1.7807,15.2614,3.9947,0.3519,0.104,38.8959,21.2725,6.1736,2.701,7.2662
TCGA-HT-8563,0.3895,14.6782,10.5557,9.3159,47.2129,1.0136,1.6959,1.3633,2.1914,0.3457,3.5065,4.3882,1.729,7.9228,3.6861,3.1191,6.8779,1.1523,8.1316,0.075,3.4929,5.6021,7.7933,19.947,2.5708,2.7178,0.9889,7.2852,3.9902,0.8128,10.0582,12.3782,5.0976,2.5726,2.9872,2.1221,0.8385,25.6438,4.1293,14.7937,1.0906,10.0753,2.6238,0.3169,8.9036,6.362,0.7274,2.3047,16.1519,4.8847,7.367,7.4035,7.7674,1.4668,5.9919,0.6497,6.747,5.5517,8.7942,3.2761,3.4352,13.5738,1.9622,2.8515,0.9225,1.3244,16.7693,1.6443,10.0117,2.6806,3.588,1.2611,1.5839,7.1473,4.4463,1.7445,3.546,5.316,4.7599,5.5778,16.3638,9.4139,4.2436,0.4598,6.9211,7.1036,3.1146,10.865,4.1149,9.9363,1.7023,14.3636,3.4983,0.0459,0.5203,5.5022,4.324,5.127,1.7039,4.031
TCGA-QH-A6CX,0.2727,8.5642,7.5886,10.718,42.6389,0.5929,1.7196,1.3085,2.0041,0.3074,4.4101,4.7431,0.7897,7.4253,3.8897,2.1999,4.1145,3.2751,7.083,0.0115,1.5488,2.1213,7.8763,16.1294,2.5004,2.671,1.3145,4.1169,4.5728,0.6077,17.712,8.5886,3.178,2.0801,1.1951,3.2158,0.2342,23.5202,3.0059,40.7867,4.7295,4.6976,2.3887,0.0433,9.3538,2.9497,0.3502,2.5503,10.9052,4.7616,5.2688,5.5755,4.8085,0.7995,2.4141,0.3163,5.6672,0.3965,4.449,3.6569,1.5999,12.3161,0.6342,2.9107,1.2032,0.9857,10.6676,0.8047,8.0047,2.4437,1.9621,0.0741,0.8639,4.7876,2.0292,5.5505,6.6703,7.7413,3.3624,3.117,7.2038,9.3774,2.303,0.387,5.2517,1.7046,0.2434,5.1607,2.3518,7.3936,0.6779,9.0625,2.7233,0.0306,0.6666,11.2753,6.92,3.0903,1.4644,4.8546
TCGA-S9-A89V,0.8737,11.9163,15.011,7.7626,63.9227,1.623,2.9745,2.8835,2.6684,2.9898,4.4566,7.7362,4.3123,16.9028,3.1,3.3502,7.5893,2.4749,6.7304,0.0998,2.6391,5.5819,7.8599,7.4986,4.2444,2.967,5.2837,6.0626,2.8975,1.8205,24.2097,18.3685,6.5537,2.174,5.1885,9.5756,0.1201,10.2305,4.2868,43.0474,3.6561,15.1987,5.1289,0.0976,14.1222,6.6569,1.101,5.9561,19.1202,6.8967,5.9035,7.5663,15.8051,1.5852,2.9403,0.7285,7.2498,6.0265,6.7655,6.0484,3.0579,15.2557,2.815,11.4788,3.4078,13.652,14.3796,1.7505,9.0327,11.4025,5.8593,0.9966,3.1205,8.2788,4.2672,0.5817,4.1168,25.2949,6.1714,6.3994,15.4255,22.5633,3.8189,1.182,5.4429,4.2962,4.2956,12.7065,2.8821,20.7282,4.5147,16.5112,4.7053,0.0903,1.3762,22.4615,5.8216,5.3502,4.7458,8.0673
TCGA-HT-8105,0.444,12.5751,12.5186,8.358,37.3224,1.0444,3.4509,1.2762,2.4596,0.6858,2.7733,3.76,4.7731,17.1958,3.9588,3.7603,8.3472,2.1579,8.3195,0.162,2.7683,4.058,7.3423,19.5394,3.4965,3.2824,4.2897,4.2313,5.5143,2.7156,18.5446,18.2009,3.6942,2.0947,1.5214,12.0443,0.0748,17.7238,3.6966,31.8577,1.0216,15.3043,6.1876,0.1006,14.3014,4.5076,1.1675,6.5371,14.1125,4.2132,4.4251,5.4959,14.4649,2.0753,1.1596,0.8016,10.4093,3.3558,12.5115,5.3625,4.6012,8.8371,2.4029,8.4279,5.8782,7.0235,12.1396,0.6967,8.9671,2.4248,4.2422,12.2592,3.6644,9.2263,4.3881,1.8862,4.105,20.2713,7.3911,12.3028,8.8914,5.9426,3.9856,1.0707,8.4761,3.148,3.3507,14.649,3.4117,10.165,2.8598,18.5415,4.4466,0.4282,1.3467,6.3938,6.9686,2.4442,4.0973,7.4945
TCGA-FG-A4MT,0.4944,7.532,8.2329,7.059,43.0976,0.9133,2.0335,2.1383,2.3708,1.1399,4.4067,6.971,3.3763,19.5692,2.3203,1.6177,5.8645,2.7069,5.8238,0.0458,3.7425,3.7572,7.2752,6.9377,2.9658,1.9031,1.8244,2.0754,3.3361,2.6954,21.8159,10.1708,3.3343,2.4586,2.3577,4.4044,0.0904,15.25,2.021,29.1801,3.3071,7.3207,3.9482,1.4331,26.1499,2.8799,0.3095,1.6042,26.019,2.4418,3.5352,6.3991,9.3888,1.6561,1.012,0.6562,5.7051,7.7107,7.6129,4.1275,3.4353,9.0718,1.6885,8.4551,2.6553,10.1003,8.7644,0.8542,4.7905,5.5086,2.2187,2.1295,1.3717,6.9715,1.3367,1.59,1.8397,32.2284,4.3057,5.3356,5.5849,4.4015,3.0317,0.5127,6.2602,1.4524,0.2452,8.8463,2.4943,10.4336,1.2673,12.2772,2.5561,0.0501,0.0724,8.1246,7.7433,2.6205,2.379,4.3511
TCGA-DU-A5TS,0.257,6.7777,7.4954,6.2729,65.3825,0.89,2.1348,2.5064,1.77,1.5549,4.8874,7.3388,1.5601,11.4629,3.969,1.5856,6.4218,3.8655,7.5013,0.3508,3.2884,2.441,8.6019,19.0239,2.2957,2.2384,1.0448,1.3587,4.3198,1.7274,15.2374,5.7896,3.5282,1.7162,1.5954,6.6164,0.075,22.1591,2.6941,42.4078,6.0752,9.337,2.8909,1.4234,14.7989,2.258,0.2432,1.8381,8.7624,3.3145,3.903,7.234,8.1895,1.0325,1.0647,0.83,4.9363,1.0747,8.0495,6.3077,1.8581,8.1987,1.4,6.1807,1.1265,3.5576,8.4281,0.4927,7.319,3.3503,2.1569,1.4796,1.3715,4.3931,0.458,0.8614,5.6161,14.5935,4.7034,4.7114,5.2165,8.4877,3.8173,0.6258,6.5174,1.6088,0.6183,8.1065,3.6067,7.432,1.3042,7.6301,2.5408,0.1334,0.1647,6.4084,15.1059,2.9451,2.3708,2.2349
TCGA-DU-7290,0.4174,15.6243,9.6255,9.9493,59.9486,0.8383,2.1068,2.0097,2.7165,0.3677,3.7274,7.4276,0.9207,15.9607,3.214,1.7915,6.2705,3.1561,10.7058,0.0718,2.0628,6.876,10.5566,18.877,2.3897,5.3716,1.8045,6.3184,5.8081,1.0022,29.507,10.6614,5.9549,2.1832,5.0554,4.009,0.6693,13.9259,5.922,24.2603,3.6589,13.7488,4.4969,2.0116,4.2388,6.4414,0.2718,3.2342,9.9638,5.4026,9.5049,7.0324,5.5318,0.5175,3.7508,0.6774,10.4778,2.8902,3.5066,5.137,3.6945,12.222,1.2984,3.9151,2.9442,2.6229,13.7407,0.026,14.2828,2.1615,3.5368,0.1881,1.319,11.6323,3.8473,1.9687,4.8227,3.4536,4.4299,4.6195,22.8201,14.146,4.8696,0.2569,7.2488,5.1581,0.5715,13.7198,3.1713,7.3658,1.1606,15.2784,4.9476,0.2148,0.4872,30.5699,13.5401,13.4317,2.0881,6.3542
TCGA-HW-8320,0.7014,11.842,14.6123,9.5224,81.9355,1.1323,3.1655,2.9141,2.9521,1.3103,3.9942,7.2606,2.2005,16.5789,2.5731,2.0346,5.7966,3.9636,7.3568,0.2799,4.8291,3.0249,13.7806,26.0382,3.844,3.7179,1.7571,3.0397,3.819,2.9683,23.9898,10.5413,4.6667,1.7669,2.6515,6.9951,0.1041,15.1626,4.048,46.3628,3.9918,13.9837,4.4001,0.9797,17.2094,5.0879,0.4684,4.301,19.8744,5.5017,5.2744,7.5705,13.0348,1.5771,1.3362,0.3448,6.7156,2.1907,8.8301,5.8676,3.3256,17.6227,2.4545,11.106,2.5826,11.1754,15.0834,0.8325,11.7817,3.1503,3.4391,1.6884,1.7352,6.7437,3.5095,0.5705,2.5064,33.9657,4.9692,6.7954,9.4664,4.3621,3.245,0.8201,6.1024,2.8497,0.7395,14.723,3.2423,12.2836,2.4295,17.9768,2.5879,0.4036,0.1412,9.7423,44.7415,5.1331,2.8473,8.0857
TCGA-HT-A61A,0.0894,8.3625,9.9458,9.2097,39.4377,0.8509,1.474,1.2757,2.007,1.6637,3.2631,4.0798,7.1179,9.5622,4.3086,6.1363,9.7432,2.8599,9.6459,0.0394,2.7527,4.8486,5.3936,12.7861,2.5476,3.146,1.6331,4.1585,7.1032,1.1598,11.9224,9.6336,3.0776,1.5591,1.0529,3.9387,0.0668,16.4141,5.1698,20.5425,1.3637,11.4451,2.7132,0.8716,9.0413,3.8833,0.9205,6.0588,22.7778,3.976,3.4062,5.2352,5.6519,1.7586,0.7001,0.7443,9.5837,2.1734,9.7173,2.161,2.5927,5.6866,0.8384,2.3523,6.1375,1.5635,6.4135,0.3121,4.8905,1.7677,2.8539,10.568,3.9062,8.3353,1.9616,3.3996,11.1151,25.0809,5.1055,3.8692,6.3857,16.5675,5.6143,1.9702,8.5281,4.3266,2.4636,11.6695,2.1055,10.2437,1.2309,9.158,6.8056,2.2665,0.9491,6.1703,9.5933,2.3382,5.0746,4.2502
TCGA-HT-7877,1.1434,10.7766,15.4347,8.55,72.2519,1.1473,3.2525,1.4464,2.4584,1.2275,5.548,4.5147,5.0797,14.7708,5.088,3.0906,8.2961,2.6582,6.7927,0.2492,5.2992,5.6331,12.8974,13.7445,3.8529,2.9657,2.9792,3.6682,6.2599,3.0338,18.8459,12.4424,4.514,1.964,3.3831,5.6544,0.4675,19.4493,4.1651,43.9585,1.2613,13.4027,4.2858,0.3943,15.5022,4.7965,0.5371,4.7524,20.7778,5.4691,4.6084,5.4994,12.7829,1.7636,1.4243,0.8017,7.4063,3.3992,8.7677,5.0129,4.7639,14.9242,2.8715,6.9993,4.7513,7.0502,12.3024,1.4903,10.6781,2.5354,4.1988,4.7197,2.695,8.547,3.6831,5.3214,9.2463,23.6531,6.4416,10.6038,9.3071,21.5213,3.5938,1.145,7.3413,1.9349,1.5159,13.7079,2.8479,12.1413,1.8759,15.8628,4.1922,1.3051,1.283,12.8576,30.0683,3.2287,5.0432,7.7691
TCGA-DH-A66D,0.2041,9.8615,11.7319,8.5159,66.0611,1.3137,3.3578,2.6811,3.2494,1.687,4.0739,7.1697,2.4442,22.8022,2.5812,1.9457,6.9532,4.3946,7.8995,0.4639,4.669,3.1187,9.2837,13.6387,4.1394,4.0405,1.4868,3.9318,2.4754,1.8229,20.5692,8.1177,4.433,1.6373,1.2879,6.1195,0.1788,13.2138,2.8372,61.1253,3.1243,9.8112,4.258,0.3043,20.3275,5.118,0.293,2.822,17.764,4.172,5.0809,8.0652,13.1679,1.5182,1.483,0.4298,6.2161,0.9331,9.0287,5.6151,4.1666,16.2551,2.0595,15.5527,3.1969,7.8662,11.9019,1.045,8.6786,2.1196,3.1673,3.957,1.7824,8.3764,2.4706,0.7485,2.374,13.4976,6.8759,5.7415,8.7131,12.8067,3.1163,0.4511,7.1287,5.9766,1.3485,15.312,2.9749,11.223,2.7115,13.0566,2.23,0.2206,0.331,12.1381,33.6852,3.788,2.6301,3.9564
TCGA-DU-5870,1.0,9.3547,14.7782,7.9956,79.4195,0.8982,2.3261,1.2575,2.512,0.7842,4.9185,4.5632,2.7355,21.6826,3.8176,2.7058,8.2058,4.9695,7.1094,0.0958,5.738,3.7319,10.1699,18.722,4.3977,2.0575,2.9039,3.1038,3.9618,2.5234,23.5692,14.9589,3.4077,1.9609,2.1698,4.9029,0.3964,16.9423,3.494,56.715,1.7039,13.2528,4.0853,0.0783,16.3763,3.8173,0.5887,3.5219,17.7476,5.9852,4.2361,4.3155,7.6113,1.4617,1.7435,0.396,8.5742,2.4328,8.5289,4.3237,4.5052,18.3461,2.0979,7.6068,4.0762,8.4621,12.4498,1.7034,11.031,3.1938,3.0394,3.4816,1.5433,7.1458,2.8361,1.0921,9.6455,32.6312,4.6776,8.6232,7.7283,17.201,3.2392,0.765,6.4958,3.7308,1.545,14.9359,3.0705,12.1514,2.248,15.2548,1.9505,0.6718,1.3815,9.716,47.2284,2.8626,4.0928,7.1787
TCGA-HT-A74H,0.286,6.8661,6.7573,6.4836,62.4899,0.5892,1.9504,1.2772,1.8419,0.3974,4.8371,5.1014,1.6107,17.6734,3.1083,2.0051,6.4594,5.414,9.335,0.0716,1.2385,3.9226,6.3025,18.981,2.0788,3.3513,0.6377,2.7136,5.0659,1.128,20.6081,4.3254,3.5385,1.1975,1.2507,4.1953,1.2269,29.7392,3.1062,34.2679,3.7887,11.3044,1.7686,0.0831,6.3687,3.19,0.2699,3.8576,7.7625,3.9664,5.527,5.2277,4.513,0.7497,1.1295,0.5605,6.1895,0.4278,4.4716,4.405,1.6321,6.8757,0.6639,2.673,1.8065,1.3982,6.5033,0.0657,7.3713,2.0642,2.7447,1.2672,1.0208,5.0082,0.6724,2.19,7.4734,9.3354,3.7248,2.5399,9.7008,16.3966,3.1563,0.3162,6.1928,3.4722,0.4821,10.282,3.3619,6.4482,0.8689,7.6371,3.1929,0.4207,0.2212,23.9655,8.3347,3.5638,1.9941,3.3011
TCGA-TQ-A7RP,0.1413,8.294,6.6784,8.6478,69.847,0.6325,1.4859,1.2525,0.8681,0.2467,6.3817,6.0749,1.7476,5.2308,3.9148,1.8496,4.9864,4.9793,8.6912,0.025,1.5491,2.7625,7.7906,58.6062,1.936,3.5173,3.5407,1.9907,6.9202,0.5932,14.7517,9.394,3.2327,1.8694,1.3703,3.6502,0.3057,24.2909,3.6263,60.024,2.3748,8.5703,2.047,0.0835,5.6413,3.5548,0.2326,2.1274,12.7876,3.8817,5.3187,5.8267,3.3621,0.8324,2.0221,0.4433,6.094,0.7119,4.0451,2.632,1.6552,12.2935,0.7781,2.1293,1.1757,1.1762,13.0338,0.1618,8.6623,1.1146,2.4407,0.6076,0.8169,5.8529,2.1242,4.1921,12.9887,16.6889,4.1647,3.1627,9.8475,15.2357,2.4621,0.2891,6.9022,1.569,0.2308,6.6353,2.9754,9.8057,0.6102,10.931,2.8247,0.1139,0.6371,29.1482,22.1071,4.4171,3.3679,4.8203
TCGA-CS-4944,0.2881,8.3866,9.0959,5.138,45.3631,0.6448,1.1778,1.7843,1.2804,0.831,3.6246,5.5838,2.249,20.5268,1.8802,2.3019,8.0361,5.4314,10.6562,0.0664,1.179,4.0307,8.9663,24.0788,2.5363,2.9817,2.1397,2.2005,2.8515,1.5876,17.4793,5.4265,3.5232,1.5488,1.8184,4.911,0.1863,27.8775,3.336,52.4439,3.6212,5.3884,2.3064,0.0523,11.523,2.9262,0.2688,3.2694,13.7587,2.4445,3.4302,5.8298,6.5079,1.6874,1.3257,0.5907,7.4566,0.6675,5.6879,4.8145,2.8082,12.7268,0.701,3.6223,1.1203,3.8819,9.5026,0.8869,7.9436,0.5063,3.8911,1.6613,0.798,8.9767,1.199,1.7345,1.6167,22.9355,1.9532,2.2854,8.1314,2.4118,2.791,0.2299,7.125,2.1034,0.1938,11.2287,2.5998,25.3284,1.1718,8.9989,1.8986,0.1242,0.5378,25.0378,10.4072,3.5302,1.9351,5.405
TCGA-FG-A60L,0.1939,5.1871,3.531,5.7162,59.7862,0.7516,1.1974,1.372,2.1748,0.5706,6.4897,5.5875,2.2209,20.1442,2.3358,1.6842,6.4338,2.7567,6.0442,0.1228,2.0714,2.065,5.0189,4.993,1.5692,1.4645,0.5524,1.399,3.9726,1.4442,8.7795,4.852,3.1428,1.2935,0.8749,3.8767,0.1503,18.6106,1.7646,24.4084,4.3577,7.1387,2.4946,0.0614,13.9823,1.7035,0.0883,1.7358,16.3042,2.7707,3.4921,5.3147,5.5088,0.9197,1.1166,0.8647,3.8938,0.7759,8.3133,3.6367,2.9228,4.2999,0.9824,4.232,1.1538,2.7844,6.2764,0.6771,3.9308,2.3935,2.1313,1.7398,1.0873,6.1535,0.1966,0.4169,3.6259,9.7352,3.0736,3.0458,5.7059,6.4178,2.641,0.3281,6.2918,2.5902,0.7414,6.7195,2.9693,4.32,1.9582,6.5123,1.4801,0.077,0.2504,5.5624,16.5096,2.4389,1.4431,1.5443
TCGA-FG-5963,0.0441,14.1334,9.7625,11.455,41.9441,1.1532,3.2658,3.4164,4.0524,0.7474,4.6613,8.2983,0.6967,4.4384,4.8028,3.0435,5.4973,1.9887,6.8358,0.4514,6.3352,2.3106,6.5622,6.484,3.9288,2.2725,0.9631,8.0485,5.7217,2.6892,29.7285,3.8527,4.9768,1.8817,0.9475,3.5927,0.3528,16.7333,3.5317,24.4291,2.4173,15.9496,8.7449,0.3433,26.4272,3.2985,0.3359,1.6361,11.2411,3.6663,6.4765,14.1402,15.2634,1.3465,4.8649,0.4619,7.5052,2.9434,3.6486,3.526,2.8828,8.1933,2.8647,25.9002,1.146,7.7839,13.605,0.7786,4.4379,31.2695,1.1712,0.0087,1.3219,9.2734,2.2592,0.4802,5.5367,6.7364,5.4955,4.8,5.5853,4.5727,6.7847,1.2247,9.9535,1.5559,2.8871,15.0404,5.0638,6.8729,2.9053,11.9691,1.9717,0.0119,0.039,25.4555,0.6795,2.9816,2.3078,1.8536
TCGA-RY-A83X,0.341,9.0599,10.3862,8.4473,69.9635,0.6971,2.9182,1.5099,2.5169,0.5404,6.675,4.6189,1.9346,14.4649,4.2506,2.0485,4.314,3.9694,6.4507,0.2096,4.4527,3.2657,8.6816,8.0013,3.6462,2.5693,1.096,2.2306,3.916,2.9348,20.2766,10.1469,3.5946,2.1056,2.3147,5.0119,0.3036,18.4533,2.6168,37.9734,1.3527,11.568,2.3708,0.7749,19.8962,4.223,0.5752,3.976,16.5096,3.7873,4.4051,4.722,10.52,1.0019,1.0992,0.431,5.8283,2.5955,7.5915,5.0555,3.6689,16.4643,2.3085,6.3414,2.2056,7.0053,9.7896,1.2356,9.0993,3.7767,2.9482,2.2066,1.7875,7.0393,2.0646,1.7256,4.5415,19.2602,5.9625,6.5605,6.5296,9.5664,3.072,0.7835,5.9063,1.4745,1.3781,12.3912,3.2889,9.0129,2.6193,12.4088,2.8024,0.2836,0.9984,8.2677,17.8266,2.5411,3.0632,6.0255
TCGA-TQ-A7RG,0.3966,9.0826,12.3854,7.3874,77.0225,1.0806,2.9176,1.2488,2.7253,1.1624,4.7791,4.5593,2.9786,17.5368,3.3687,2.0015,7.9958,4.013,6.8985,0.2769,4.4045,3.4341,9.5205,15.6598,4.0084,2.775,2.5955,2.9123,3.8985,2.4724,23.5806,11.872,3.8191,2.0815,3.5176,6.5607,0.2853,17.062,3.2208,57.3649,1.6297,12.5595,3.8781,0.0501,22.931,3.6787,0.2974,3.6161,15.4171,4.5658,4.2374,4.9277,12.2952,1.3318,1.2667,0.4639,6.7401,2.8013,6.9749,5.2653,3.9361,16.8885,2.6606,7.2809,3.5944,6.8988,12.1755,2.2072,10.0372,2.3627,3.01,2.8562,1.8541,8.5936,2.6098,0.9622,4.2077,27.9202,5.6866,9.2919,9.0083,15.6946,3.2657,0.5281,5.9616,2.563,1.5591,12.4921,3.3168,12.8422,2.0805,14.2922,2.8333,0.3183,1.2895,14.633,25.6753,2.2268,3.74,6.6322
TCGA-E1-5304,0.3942,9.2262,12.822,6.3872,58.019,1.3103,3.5727,3.0674,3.3385,0.1197,5.7958,11.9023,0.8398,14.9538,3.2974,2.1553,6.4488,2.5135,9.803,0.9513,5.3877,2.5564,6.5117,37.2242,2.8651,5.1686,0.7834,2.8134,3.6884,4.0761,26.6038,6.4036,7.7771,1.8006,3.1028,9.6488,0.0312,11.749,3.0873,54.9702,8.3004,11.9434,10.6925,2.2696,14.0045,4.4383,0.0939,5.4046,18.4504,5.0612,4.3505,8.4802,18.7673,3.7565,2.1117,0.5803,7.5001,6.538,15.859,4.2114,3.6089,9.2192,2.2558,14.6649,0.3257,10.9183,14.7374,1.9454,9.8913,8.2329,2.8483,1.8247,2.1086,8.5092,2.695,3.9436,0.8587,2.8239,6.2193,7.6862,3.7472,1.8182,2.4685,0.3015,7.0795,1.2169,1.2276,19.5667,2.6487,14.5425,2.026,12.2198,2.2683,0.0293,0.1809,10.1239,6.9343,4.2306,4.4879,5.2393
TCGA-P5-A5EZ,0.3565,10.5939,10.2689,5.7749,60.5573,1.2209,3.8523,3.2411,2.8436,0.8551,4.2175,8.1615,1.8329,20.2624,5.6652,2.7052,4.9163,3.5927,7.3685,0.5416,3.598,3.7379,9.1268,14.348,3.6827,3.3656,1.1734,2.9928,7.2271,2.8083,18.3775,6.8929,5.6992,2.6628,0.8638,7.608,0.1477,25.5736,3.2171,55.3137,3.507,10.8412,4.2737,0.2057,19.1058,4.3394,0.5468,3.2236,23.7797,4.7391,6.2232,8.2422,12.4478,1.3395,1.3048,0.7915,6.8906,2.3038,11.5177,5.3176,2.5798,9.2626,2.0575,14.27,2.3568,10.0886,10.2795,0.5568,8.8361,4.6427,3.0085,1.2848,2.4902,7.7643,2.6507,0.5603,7.4397,17.6687,6.5013,5.0831,9.6583,14.3789,4.2918,1.2955,7.2572,2.4003,0.606,16.1234,3.4373,5.2101,2.561,15.6362,3.3192,0.1465,0.2796,6.5206,6.6133,4.3318,2.5047,6.8602
TCGA-S9-A6U5,0.3873,7.8455,9.7873,6.6197,66.2041,0.8223,2.3414,1.0258,1.9175,1.4462,4.0741,3.9949,2.0914,12.1236,3.4156,1.9226,6.1109,4.1309,6.4061,0.4278,3.6831,2.6528,7.2532,9.2315,3.4229,2.397,1.5764,2.3583,2.8261,1.9018,22.1662,9.228,3.1369,1.5698,1.7757,3.8792,0.3972,16.6333,2.7966,40.4578,1.7705,12.0779,2.7487,0.0842,14.5006,3.01,0.4471,2.9875,11.7282,3.0151,3.7516,4.3683,9.5937,1.2797,1.331,0.5337,6.1177,1.2277,6.0463,3.8025,3.6908,17.8504,1.7403,6.2661,1.9409,7.7778,9.7622,1.4724,9.679,1.9447,2.6595,2.3054,1.4413,6.782,2.0356,2.0367,2.4615,22.6548,4.447,5.5688,7.0023,8.7366,2.5914,0.5613,5.6569,4.2729,0.9305,10.9181,3.1167,11.1283,1.664,10.6962,2.1886,0.4224,0.7954,11.5585,26.4821,1.6833,2.4797,5.2286
TCGA-DU-7301,1.5507,10.4811,15.9307,8.3007,112.2386,1.0389,2.7932,1.9154,3.8164,0.9893,5.3751,9.4602,2.0871,30.0993,4.5824,1.8759,9.5086,3.5237,9.4168,0.3583,3.2948,4.7805,17.1696,27.3414,4.3023,5.7816,1.6622,3.716,5.6195,2.7087,27.4905,10.2913,6.9007,1.8522,3.2722,7.1942,0.157,31.1009,5.173,66.214,5.9164,11.1401,5.8258,1.9597,13.2682,2.727,0.1691,2.976,20.7614,5.4099,6.8128,5.6169,14.3917,1.2229,1.9418,0.714,9.6268,1.3395,5.4231,9.8844,4.1964,14.8518,1.607,10.9707,2.6488,10.0931,21.4097,1.323,16.8772,6.9971,5.2304,2.0894,1.3215,9.111,3.6514,1.5765,3.3412,23.8931,4.4886,5.8797,12.4137,13.5716,3.7856,0.2711,7.0936,4.6466,1.1737,18.8091,4.7268,12.0264,3.2826,18.734,3.1457,0.2478,0.3939,16.2173,34.6943,4.3384,2.767,8.9497
TCGA-DU-6400,0.9399,9.2214,10.1549,8.5991,54.264,1.1168,3.4807,1.1845,3.0661,1.7418,4.0928,5.1075,3.0485,22.9373,3.6033,2.7003,6.7445,2.3207,7.4534,0.391,3.3921,3.9032,7.3035,4.6101,5.0613,3.2113,1.5785,3.215,4.3016,4.0779,25.3872,15.3379,4.6415,2.289,2.2212,12.059,0.0606,17.6724,3.1205,48.2754,1.5192,13.6936,3.2676,0.1548,19.5977,4.6356,1.4253,5.6482,14.3284,4.5086,5.0065,4.2524,15.7507,2.5144,1.0366,0.99,8.6626,2.5949,9.4106,5.408,5.4822,9.5345,2.3177,11.9696,4.7545,9.6196,11.2031,2.0769,10.8704,3.1032,4.1329,8.8752,2.0189,10.3458,3.4637,1.6621,2.5305,24.1869,5.7729,8.6361,7.3405,8.7661,2.9883,0.6547,7.2207,3.3284,1.8854,14.6035,3.5977,9.2502,2.8476,14.2548,2.9731,0.3796,1.7174,10.5986,4.7678,2.478,3.8353,8.2769
TCGA-FG-8181,0.1086,8.5813,10.5327,9.5516,20.0363,0.8524,1.3324,0.9561,3.3199,1.8205,1.7851,4.0388,9.8441,6.9826,3.4086,10.6824,9.3365,2.1556,8.3028,0.3784,4.3103,6.5882,4.8796,19.8048,2.8763,6.5647,2.561,5.5495,7.7466,0.8939,10.4534,18.5399,3.1804,2.349,0.7862,4.1385,0.1466,11.0135,5.7352,12.1378,1.0502,14.5852,3.2006,0.1822,10.6442,3.6865,1.4841,7.9188,31.7423,6.5837,3.1008,4.8808,6.6126,2.0342,0.7841,1.3966,10.9338,7.1018,13.7405,3.0512,2.8862,4.3869,0.6706,0.8982,9.4232,1.5871,6.0694,0.2419,3.5918,0.929,3.3497,17.0982,5.6312,7.0059,3.9568,7.913,12.2674,31.7252,4.7818,2.815,8.6642,15.3501,5.8096,1.1256,8.5037,4.376,1.8232,11.5396,1.2603,7.6484,1.0045,11.2483,9.5239,4.0534,1.4037,4.1412,3.6719,2.2742,7.0133,3.6754
TCGA-DU-7292,0.5121,8.9499,12.693,10.0193,52.2776,0.7297,2.0515,1.0425,1.513,1.5454,2.5085,5.3188,5.2786,9.4339,3.6201,6.143,7.2168,2.3103,9.5454,0.0324,2.2222,5.8379,6.8109,16.1914,3.5303,2.9038,3.0482,5.2991,6.4395,1.5597,21.4506,12.7861,4.9683,1.6847,1.7265,6.0274,0.0679,14.4323,4.8136,28.1364,3.0049,11.7517,3.6785,0.2818,12.6168,5.4032,0.8279,5.7904,21.7395,5.3607,3.6118,5.5434,9.1771,1.2543,2.211,0.6709,9.7863,1.8361,8.0925,4.0223,2.6171,12.5863,0.8217,3.0654,6.4015,1.3579,15.049,1.2284,6.8088,12.4318,2.8782,9.117,3.4145,8.2032,3.8461,8.5553,7.0834,25.3993,3.6381,5.9194,9.0087,9.9841,4.1907,0.8311,7.4875,5.5411,1.862,10.5236,3.5333,7.7765,1.3602,12.6967,5.195,2.4025,1.0583,13.2975,12.8449,3.1607,3.9453,4.9531
TCGA-TM-A84R,0.3192,8.9691,11.2107,11.6648,41.7089,0.8485,1.6623,1.1071,1.7482,2.3627,2.0138,4.9514,11.0413,8.4597,3.8806,8.875,9.1094,2.3724,8.1926,0.33,2.2676,6.2551,5.985,19.0258,3.4664,3.4887,2.8007,4.0507,5.8874,1.6228,13.916,11.7382,3.8816,1.3351,1.2317,4.7385,0.1311,16.8875,5.0199,31.0156,1.0349,12.8631,3.0436,0.5277,10.59,3.581,1.1347,7.5356,23.0219,3.8654,3.0669,4.5921,7.9928,2.0128,0.8049,1.1369,10.5342,7.316,11.2058,2.5672,2.9876,7.1794,1.0685,2.7405,8.5711,1.9162,7.4273,0.4433,5.9079,1.3845,3.7788,15.778,5.0385,8.5837,3.2363,10.0305,10.2175,30.7125,4.6961,4.1601,7.4258,19.7956,5.6626,0.9946,8.3524,3.6597,1.8757,13.1173,2.3205,11.0784,1.3887,10.4784,8.3012,2.9193,1.6392,6.8061,7.7875,2.6971,6.6139,4.6227
TCGA-DU-5874,1.5614,12.7238,14.4357,8.3145,53.1742,1.4423,3.4377,1.3693,3.452,0.5504,4.2331,5.146,2.9312,31.915,4.1539,1.9382,9.2003,2.206,7.3949,0.2816,4.5592,4.3038,8.7748,23.4654,4.9637,3.5659,2.2955,3.1652,4.8748,3.4396,28.8116,12.5545,5.7767,1.7012,1.4827,24.8195,0.0479,13.5758,4.6501,42.1596,1.0065,12.9144,6.6941,0.0396,21.4127,2.5731,0.7208,2.4411,19.5304,4.6056,5.6863,5.5163,21.5881,2.6862,1.169,0.8443,8.0361,1.9384,13.195,6.4462,5.6945,11.4426,3.0241,19.0302,6.6764,6.8167,15.6451,1.2416,8.1282,8.2714,3.5042,10.1596,2.7473,10.182,3.7242,1.7191,2.9079,15.6166,8.0359,15.1235,7.1381,7.1229,3.0801,1.2413,7.4418,2.9013,2.3897,16.1814,3.6222,6.1558,2.7656,20.95,2.3296,0.0941,1.5892,5.2219,2.1522,2.3043,4.019,10.6832
TCGA-DB-A4XD,0.9016,10.5939,15.8572,7.9994,110.1428,1.4079,3.7875,3.5651,2.8842,1.0329,5.8312,8.8141,4.4717,24.9992,4.0364,2.1683,9.4223,5.9454,8.5188,0.2245,6.939,5.0762,14.6832,15.8395,4.8138,3.7757,3.8433,3.5118,4.9844,3.6664,20.34,12.396,5.2805,2.5917,3.998,8.3466,0.2138,15.2923,3.2624,59.9719,4.7586,11.0698,4.5034,0.6158,23.5337,4.7166,0.2219,3.0793,26.2275,4.4758,5.3002,7.0472,9.9953,1.799,1.8561,0.475,7.4176,2.6274,7.4761,8.1744,3.9672,17.1867,2.8265,9.168,4.0961,10.4856,14.9775,1.5734,10.392,6.5236,4.3209,2.2441,2.035,8.9172,2.7456,2.0309,4.3269,21.412,6.0664,9.224,10.879,14.4826,4.2733,0.9138,6.9948,2.6994,0.7445,13.7971,3.6805,12.9492,3.8006,17.969,2.9921,0.4391,0.2638,14.2332,32.4365,4.727,3.4684,6.5852
TCGA-DU-A6S3,0.5122,6.5903,8.3076,8.3976,49.9756,0.911,2.2639,1.0773,2.3885,1.6747,3.4789,5.0963,4.4343,25.9892,2.5582,2.7792,5.8,2.4126,5.7814,0.1947,2.4965,3.7259,5.929,8.9515,3.7177,2.3479,0.9446,2.1398,3.2646,2.936,20.8209,8.0925,3.5372,1.4168,1.0206,6.0285,0.1264,14.5882,1.957,36.7227,1.1059,10.9544,2.7279,0.2209,22.6696,2.7646,0.5956,4.1701,13.441,2.8395,2.6915,4.043,10.3707,1.7194,0.6143,0.8047,6.1893,3.345,7.9866,4.0915,3.1837,7.1627,2.1267,11.4086,2.999,7.1789,7.2468,1.0565,6.1724,0.8132,2.698,6.6197,2.0739,5.4388,1.7453,2.278,4.4475,17.8342,4.3576,4.6412,4.5682,7.2989,2.8637,0.6624,6.5193,1.4483,1.2793,13.1186,2.2453,5.7264,2.2313,9.4606,3.0084,0.7731,1.2051,3.2309,4.2241,1.94,2.6541,5.3281
TCGA-DU-7298,0.708,8.1433,10.519,8.6668,61.9741,1.3804,3.3306,2.4736,4.1649,1.5032,4.085,6.4576,2.9542,10.7203,6.0087,2.6185,6.8835,2.5243,6.9065,0.2112,4.3543,5.2815,13.5951,23.2227,3.1284,2.0923,2.1911,4.9514,5.6539,2.8035,25.3271,13.0531,5.6866,1.9366,3.6576,7.7854,0.1736,27.3991,3.7677,37.5001,2.9521,11.9352,5.8061,0.5572,27.5383,5.7785,0.7263,4.5585,19.495,4.9493,5.6039,8.4128,15.0405,1.368,1.2335,0.7037,9.4335,2.3718,7.0788,5.5807,4.4182,12.7059,2.7275,11.1652,4.3257,8.8902,15.0272,1.2501,11.8458,2.9301,4.041,3.7178,2.2753,10.0557,3.5849,2.1581,3.9507,20.9288,5.9916,8.6392,11.3742,13.136,4.0475,2.1166,6.6535,1.9563,0.823,13.1444,3.9764,11.4047,3.1623,19.095,3.8294,0.4163,0.4288,11.7851,15.4373,4.2692,3.9521,8.1367
TCGA-HT-7482,0.248,10.9243,11.9323,5.5265,107.2998,1.1838,2.0627,2.3759,2.7257,1.2087,5.5475,7.3188,2.4843,18.5041,5.1768,1.8919,6.8707,5.685,10.4917,0.1437,2.6359,3.7285,14.2234,20.755,3.2882,3.6487,2.6324,3.0901,4.2099,2.5267,22.964,11.5528,5.1856,1.9374,3.4661,11.9733,0.3127,27.0206,3.5706,64.149,4.1385,10.0383,4.2452,0.6326,17.1124,4.498,0.3166,3.7387,19.702,5.1494,5.8019,7.8945,8.9227,1.1146,1.8783,0.5451,7.6849,1.6396,6.791,9.4855,3.3805,13.9084,1.5754,7.4081,2.1213,7.4873,13.678,1.198,12.2883,3.4258,4.3574,1.4894,1.188,9.3715,2.4081,0.8813,5.9247,16.9611,5.1119,5.8523,12.1563,13.4678,5.1886,0.1944,6.7257,2.8321,0.9345,13.6193,4.2335,14.7466,2.5682,12.9489,3.407,0.3266,0.4537,20.9487,24.8585,4.3299,2.676,6.5218
TCGA-QH-A65R,0.1652,7.8966,9.9049,4.7019,58.5424,1.0178,1.6094,0.8935,2.7724,0.6364,3.3522,3.3447,3.5633,23.3368,2.47,1.8343,8.2094,1.7421,5.8308,0.0437,1.8147,4.21,11.0155,15.2828,2.4832,2.5299,1.802,2.3247,4.3755,1.7152,24.5637,10.8427,3.5143,3.3798,1.1033,13.6126,0.0539,17.3047,2.3732,18.7436,0.7574,14.2509,4.2218,0.0316,14.9467,3.3115,0.5305,3.2226,19.2965,3.8071,3.2149,4.3091,6.5584,2.0665,0.7876,0.7635,7.6023,2.4666,7.4714,5.3381,3.8507,9.0258,1.7734,7.0066,4.1988,7.7527,10.4622,0.8885,5.7062,4.9824,3.2661,5.9077,2.0947,8.6986,1.058,2.3124,2.5865,39.9295,4.6223,7.5974,6.5862,4.2391,3.8583,0.8517,8.4412,1.0356,1.0547,15.3935,3.2501,2.7824,0.8625,12.3253,2.971,0.228,0.2041,2.7723,5.3105,1.7195,2.516,5.034
TCGA-VM-A8C9,0.1494,4.9291,3.6015,4.2555,31.8103,0.5719,0.7429,0.7349,1.0944,0.4442,4.8704,4.6109,0.8096,8.33,1.287,1.9656,12.0071,1.369,7.2655,0.004,0.739,2.1125,3.7225,8.5354,1.3521,0.7966,0.4117,2.0505,3.7884,0.6515,13.6823,5.1717,1.9221,2.536,1.0792,2.0518,0.1409,16.9923,1.7483,6.4451,2.6052,6.7897,1.3893,0.0671,8.0248,1.3758,0.6624,0.5553,8.3485,1.4812,2.4507,3.3302,3.6412,1.4,1.4759,1.0494,4.9451,0.7204,3.1052,2.7964,2.3447,2.4148,0.3244,1.9303,0.4521,2.5337,6.074,0.3198,2.3827,1.984,1.9123,0.1099,0.7079,5.4352,0.1803,0.0311,2.9952,7.0084,1.5766,1.4935,8.4836,3.5152,2.1741,0.18,5.4113,0.5993,0.5235,6.1155,2.4399,5.7424,0.9498,5.4417,1.9197,0.011,0.2947,5.9988,2.7358,2.2412,1.0109,1.1983
TCGA-DU-7008,0.4816,7.6791,13.4337,6.9646,66.0833,1.0293,4.9941,2.1123,3.0562,1.4899,4.5998,6.8763,3.3442,17.5564,2.695,2.9563,7.4313,2.9855,7.367,0.5061,4.0885,4.2864,8.6637,14.4561,3.4155,3.2736,1.926,2.809,4.3186,3.1187,18.7734,11.1665,4.8448,2.0158,0.7642,8.0234,0.1495,14.6959,3.3636,63.6554,3.7076,9.9643,5.634,0.4953,33.0811,3.2084,0.3746,3.8677,20.3128,4.8438,4.1706,6.4533,15.4689,1.3139,1.0064,0.6587,7.0583,1.8455,7.9971,4.4104,4.0191,12.324,1.5759,12.2501,4.784,9.5806,12.2801,1.9936,7.7225,1.4996,2.8232,9.5793,2.2189,7.7899,2.4923,2.5024,2.169,39.7815,5.5133,7.3361,9.378,19.0006,3.2292,0.4216,7.7243,1.2914,1.5927,16.4063,2.7197,10.6745,2.0997,13.8019,2.9696,0.4697,0.4783,6.8596,14.458,2.9941,3.2301,6.6643
TCGA-HT-7608,0.898,9.4857,12.4542,6.3365,78.7052,0.7504,1.862,0.9546,1.435,1.1864,4.4928,4.5334,3.8428,14.9656,2.8702,2.6801,8.195,4.4112,8.3982,0.1565,3.5612,5.1417,9.3385,20.8549,4.1857,2.2831,3.975,2.5089,4.2163,1.8559,18.7756,9.5195,3.3786,1.6292,3.5999,7.1462,0.8646,20.1015,3.6568,70.4781,2.4582,8.9842,2.8973,0.1499,10.3533,3.8445,0.1916,2.7465,19.1607,3.9119,3.6665,4.6425,12.2926,1.3403,1.1962,0.8146,7.6443,0.7003,7.8273,4.5899,3.0611,23.7423,1.4286,3.1737,1.6694,4.3141,11.1217,1.0299,10.8569,1.235,4.5101,1.8511,1.2567,6.8389,2.5616,4.0705,2.5595,40.299,3.5235,7.8911,8.8514,13.4836,2.6717,0.3477,6.7968,1.7846,0.5618,15.1611,3.2509,19.6698,1.6028,10.7154,2.9564,0.6435,1.7187,52.7733,36.0708,2.6357,3.2613,6.2873
TCGA-S9-A7R4,0.5527,11.9455,15.3433,7.6289,76.3231,1.4327,3.1963,2.9553,2.9949,1.9405,4.4216,7.5438,2.8445,24.8957,3.2488,2.5283,9.5611,3.468,8.6329,0.4809,3.9574,3.827,9.0837,21.5919,4.0837,4.8132,2.7362,5.1083,4.6679,3.3345,18.7949,14.1129,5.4047,2.5503,1.9607,5.3685,0.1309,16.9584,3.9991,51.7156,3.1714,13.0195,4.6178,1.0427,22.1719,5.3756,0.4086,3.5287,16.8925,6.9859,6.088,8.1603,11.9685,1.5265,1.9952,0.5723,7.4144,2.3222,7.0846,6.9517,4.3278,10.7054,3.1938,11.8415,2.3516,9.166,13.8959,0.5487,9.8695,5.3965,4.4237,1.9029,2.4009,8.8582,3.7435,0.8531,4.7339,58.0843,7.1101,7.193,13.586,9.7177,4.2358,1.2911,8.4122,1.4316,1.1181,14.9021,3.3857,8.9439,2.9989,19.6946,3.5977,0.1341,0.2357,7.3153,12.1966,3.6528,3.007,6.8536
TCGA-DU-5851,0.5483,10.0233,13.9828,8.9278,68.4536,1.2425,2.2331,1.7084,2.0745,1.2282,4.1981,6.3396,4.8323,9.9608,4.7901,4.7148,7.0903,3.18,7.5773,0.1886,3.0566,4.6782,7.7531,15.9422,3.5456,2.9268,1.9173,4.1318,7.5661,2.301,17.2486,11.0459,4.5817,1.7246,2.255,7.0092,0.1713,22.7287,4.2184,57.0535,2.1452,10.5754,3.3544,0.3184,13.988,4.4894,0.6968,6.6471,20.8983,4.784,4.4715,5.8184,11.0222,1.8264,1.0185,0.7193,9.1996,2.4413,8.8242,3.5002,3.2861,12.4674,1.5193,6.7209,5.3816,4.592,10.7072,0.6847,11.5916,3.4814,3.9662,6.1249,2.7785,8.1172,3.5169,4.2949,10.5096,26.0448,4.374,5.0885,9.0612,17.0306,3.394,0.6548,6.5906,2.9371,1.2696,12.4716,2.6736,14.1567,1.8722,15.2736,3.6734,1.4993,0.6856,11.6496,24.2672,4.7115,4.06,6.315
TCGA-DU-6399,1.713,10.7418,16.4712,6.9486,86.6606,1.3353,3.0319,2.2986,3.0508,1.0177,5.6469,8.3875,2.1292,28.3976,3.3892,2.0895,6.8192,4.0782,9.2551,0.6439,4.3615,4.9093,12.9941,27.3471,4.4725,3.0362,1.8963,3.3586,4.0366,3.6664,27.4891,11.1872,5.9714,2.0547,3.2586,8.7185,0.1949,14.8492,3.4085,75.8317,4.5647,13.1919,5.109,1.5911,19.7617,4.2433,0.2564,4.414,24.4678,6.119,5.3694,6.2442,14.1124,1.6218,1.5601,0.5084,8.4401,1.4776,7.4395,7.4132,4.363,15.861,1.9366,11.6279,3.5278,11.7408,15.6471,1.4226,11.9892,9.6561,3.9165,3.7407,1.3778,8.8848,2.9205,2.1746,4.4827,38.4629,4.1773,7.9404,9.8848,9.2862,3.0802,0.5082,6.6074,4.0518,0.679,17.316,3.175,13.9007,2.8357,17.2995,1.8908,0.0699,0.3223,11.5182,21.288,4.868,3.1606,8.4682
TCGA-E1-A7YI,0.1588,12.3506,11.45,11.5765,67.5785,1.5331,2.3813,2.1879,4.2741,0.4621,4.0237,6.5416,0.808,5.0214,3.7747,2.5143,9.643,1.5649,7.3265,0.4827,6.5003,5.7606,6.4557,11.5157,2.8925,3.2455,0.9251,5.0837,5.725,2.7202,26.2951,5.2252,7.1366,1.7475,0.971,12.6503,0.1047,11.5292,2.8477,24.96,2.2534,11.2804,7.3657,0.0677,48.6465,5.9793,0.3708,4.2021,20.0214,4.7216,4.7936,11.0294,11.6708,0.727,2.7129,0.3657,7.2539,5.2242,7.9126,10.5439,3.3257,9.3869,3.0284,14.5025,1.7434,5.1939,16.3042,0.2381,6.7102,13.1722,2.2768,0.3557,1.814,8.82,3.1885,0.1733,1.9657,6.921,6.6116,6.6307,5.1818,6.98,3.8402,2.2265,9.4311,0.4316,5.0321,15.6628,2.7516,11.8704,4.3041,15.8246,1.9297,0.0869,0.2406,11.1396,1.4375,3.6774,1.7394,2.8913
TCGA-FG-A710,0.2087,8.1917,8.5194,6.5007,52.9474,0.9009,2.1447,0.9061,2.5336,1.6616,3.5959,4.1221,3.0895,13.7726,2.5091,2.4286,6.7383,2.4808,6.5847,0.3065,2.8945,2.667,6.135,13.2887,3.2024,2.3665,1.3817,3.3848,3.5145,2.246,18.9974,9.3233,3.4682,1.7229,1.3914,4.1366,0.202,14.0873,2.6339,28.135,1.6713,12.6159,3.5553,0.1221,19.2761,3.3292,0.521,3.2837,13.0913,3.257,3.7824,4.2157,10.5614,1.4441,1.155,0.7971,6.7832,2.0437,5.9311,4.0844,3.6864,9.9919,1.677,6.239,2.9214,7.4831,9.2017,1.0047,7.6499,1.5089,2.7027,4.0964,1.8703,7.5094,1.545,1.9467,3.5256,20.9621,4.2983,5.0205,7.221,8.858,3.2202,0.5926,5.9764,2.4385,1.4199,11.5276,2.9761,6.9964,1.9177,10.219,2.7269,0.5248,1.0958,7.0963,12.6771,1.8628,3.0534,4.6568
TCGA-HT-7693,0.7553,9.3401,13.1166,7.2158,72.7062,1.0443,5.0467,3.1164,2.4433,0.4852,4.8058,6.0071,1.9548,22.1388,2.8583,2.0787,8.1543,3.5618,8.2438,0.31,3.697,3.4799,11.7661,28.3428,3.0572,3.8247,4.6621,4.703,4.5588,2.3744,14.4887,10.3752,5.0693,2.2277,2.3236,6.5825,0.1413,22.7579,4.831,52.9985,2.654,10.1748,5.6588,0.069,19.1905,5.0844,0.175,4.0878,15.713,5.4637,5.8468,8.1626,11.8736,1.1333,2.2758,0.9294,7.0197,1.3223,8.1467,5.509,3.7102,11.5607,2.5405,9.4424,2.4191,4.3595,16.0229,0.788,8.936,1.8742,4.0133,2.5339,1.9369,8.4545,2.8648,0.242,1.4777,9.2099,5.6147,10.1058,6.5239,4.6491,3.4976,0.8422,9.5768,2.1394,1.6305,16.0712,3.5373,11.0813,2.583,16.302,3.7854,0.3379,0.0932,15.9134,16.5141,4.5083,2.9979,4.7868
TCGA-TQ-A7RR,0.4468,8.5365,10.4519,6.2466,80.3881,1.3629,2.6715,2.897,1.1942,1.5046,4.9325,6.8942,2.8614,16.5572,4.6555,2.5945,6.6855,3.8434,6.0369,0.2761,4.3594,3.1373,6.0169,18.1888,3.8347,3.455,2.5768,2.4353,5.5285,2.1864,10.5859,9.0512,4.2303,1.5312,2.0875,6.3588,0.1698,18.3984,3.0058,51.7652,4.1166,9.809,3.454,0.8191,11.7397,4.0295,0.267,3.1872,11.2946,6.2225,4.814,8.0829,9.9341,1.2689,1.2686,0.7061,6.4354,2.5898,8.3857,4.4361,3.2667,14.9266,1.969,14.4161,1.2245,3.5687,9.5828,0.8959,10.3576,2.7319,3.6863,2.4872,1.9128,6.6705,2.5933,1.1052,7.6821,18.9834,7.0752,6.0989,6.0279,18.6162,3.1867,0.5832,5.4022,1.0088,0.8834,12.6338,2.3765,10.7021,1.7948,11.8031,3.5608,0.3318,0.3186,10.2182,32.8161,4.0006,2.7145,4.5225
TCGA-DU-6395,0.81,8.3147,10.0691,6.7701,72.2423,0.8749,2.6079,2.1184,2.1799,1.4209,4.5933,8.4555,1.1779,21.9241,2.5465,1.5075,6.2724,4.0183,8.2699,0.3888,3.2524,3.1655,9.7887,23.6334,3.2905,4.0244,1.2434,2.1917,4.5096,2.589,19.1622,6.9867,3.9925,1.9504,2.2711,4.7934,0.1115,17.658,2.8634,74.9842,7.0618,14.6727,3.321,0.8262,17.2078,3.3376,0.1934,3.3077,15.3567,4.966,3.909,4.2663,14.8185,1.427,0.8846,0.7161,7.7097,1.2499,5.8636,5.1935,4.5467,13.9263,1.2764,7.3912,1.8914,8.5714,10.5762,0.6446,10.2896,3.174,3.2884,1.021,1.0167,7.3479,1.7222,1.3809,3.7301,26.0121,3.168,3.5032,6.5608,8.2368,2.7081,0.3056,6.243,0.9628,0.4462,20.89,2.6523,11.8812,1.4028,11.2998,1.8569,0.0749,0.1069,10.0662,33.2547,3.9546,1.8019,6.1702
TCGA-QH-A65X,0.3987,4.1692,5.3257,3.8906,36.1295,0.5856,1.158,0.5816,1.9058,0.3368,4.7341,3.1794,1.3013,18.9738,1.4681,1.618,6.5073,1.2098,3.6542,0.1076,1.4532,2.0291,3.1944,3.8943,2.2164,1.317,0.4802,1.2496,2.3067,1.2814,13.1226,6.535,2.3682,1.6129,0.9199,2.5525,0.0387,13.3848,1.2,9.0574,1.4805,7.2323,2.6375,0.0215,24.6054,1.3016,0.2909,1.7921,4.7599,2.2661,2.0488,2.6044,8.652,1.2907,0.6803,0.6834,4.3409,0.9855,4.9022,2.7199,2.6251,3.3532,0.7335,3.6741,1.4342,7.5313,4.5386,0.5332,3.8043,0.3196,1.8133,2.3041,0.8487,4.5126,0.1579,0.3617,3.0658,17.1451,2.6529,3.2544,4.071,2.1537,2.4749,0.4127,6.7477,0.2581,0.4659,7.2431,2.5012,2.7783,1.6861,5.7752,1.5279,0.0749,0.3554,2.0843,2.9875,1.0637,1.1115,3.0826
TCGA-S9-A7QX,0.5966,10.3842,12.0299,6.117,82.9758,0.9218,4.2451,2.5833,2.3276,1.5962,3.913,9.2034,1.8246,28.524,3.3556,1.9838,5.7433,3.5482,7.4356,0.445,4.0032,4.2931,7.3541,9.4335,3.019,2.8238,2.1937,3.8782,2.9198,3.4692,18.3419,9.1624,4.6635,2.0339,2.15,7.0169,0.2162,16.281,2.8409,85.7626,3.411,14.1984,3.5987,0.286,22.4627,4.6123,0.5891,2.9133,17.2805,4.3523,4.8064,5.6512,10.1734,0.9895,1.1345,0.4573,7.2033,2.2362,6.5619,5.5855,3.7706,12.1982,2.5944,10.708,2.1974,10.5694,14.4406,0.9166,7.8069,9.911,3.3432,2.7843,1.6686,6.7879,2.3554,2.1093,3.4172,45.4407,4.4162,6.307,8.8438,5.5538,3.5812,0.8123,6.8292,1.3324,1.0211,13.266,4.1233,12.1574,3.7184,14.328,2.5101,0.0426,0.16,6.7252,17.53,3.8736,2.4783,5.364
TCGA-HT-7857,0.2333,11.1224,9.9333,8.6353,48.8323,1.2011,1.2892,1.1578,2.9391,0.3781,3.2698,4.7697,1.4464,9.7732,2.6733,2.6219,9.772,0.8959,7.1143,0.0095,2.5732,4.3811,4.9751,17.6669,2.6705,2.8564,0.9223,9.6936,4.5514,0.6617,15.2874,8.1968,4.8812,1.5275,1.1766,2.9518,1.6461,12.518,2.6413,18.5679,1.1758,10.1685,4.1054,0.2142,12.74,4.3568,1.1479,1.9666,16.8646,3.708,6.7628,6.041,6.9721,1.0301,6.2839,0.8779,6.4324,1.3106,6.6992,2.8438,2.1069,8.1319,1.8234,3.4251,0.9282,3.227,14.0845,0.877,6.9587,9.017,2.7607,0.1727,1.4716,7.2953,3.8983,0.1719,5.6636,5.2175,4.2458,6.5466,14.8462,3.9514,5.3172,0.4752,8.1595,3.2062,7.1234,6.4375,5.0722,6.2159,1.8056,12.0248,2.7368,0.0092,1.2022,36.0829,1.696,3.4469,1.2928,4.0098
TCGA-HT-7875,1.521,8.3383,14.3452,9.2447,72.4423,0.9852,3.0311,1.2273,2.6555,1.5508,3.7368,4.2219,2.9606,24.9618,3.1508,2.4631,7.1637,4.5984,7.3034,0.3023,5.3954,4.543,12.5886,18.1313,4.5989,2.3904,1.3989,3.0496,4.0679,3.2221,24.3396,14.0095,4.0382,1.5807,3.3057,6.0094,0.5007,15.1572,3.9366,42.5024,2.2085,12.7059,4.712,0.1184,17.9968,4.2274,0.5893,4.5038,15.7516,5.7749,3.8585,5.0261,17.7997,1.564,1.2414,0.7073,7.902,2.7376,9.0196,5.3077,4.4121,22.8965,2.2917,11.5644,3.4656,9.1233,13.2553,2.1039,11.6986,1.7401,3.2595,5.0807,1.9859,6.7389,3.0816,3.7127,3.7745,27.2469,6.1502,9.3368,7.3428,26.5476,2.8675,0.635,6.5876,3.1534,1.534,16.5783,3.1992,11.2248,2.5492,15.1558,3.2062,0.7667,1.2379,10.8303,28.8828,1.982,3.8116,8.0855
TCGA-VM-A8CH,0.3523,12.3838,13.8544,8.7845,94.8307,1.2727,2.9455,4.1114,3.2807,1.4623,6.8107,7.1443,2.9526,25.698,3.5552,2.3641,7.6178,4.3728,7.5925,0.5132,5.1012,4.0314,13.5045,17.1437,3.8287,3.3369,3.2824,4.3604,4.3943,3.2853,17.844,13.5296,4.1998,2.4264,4.0092,5.4682,0.1682,16.5593,2.8435,43.3916,4.5474,12.631,4.4529,0.6678,17.171,4.7053,0.3143,2.9463,20.9402,4.9272,5.9574,6.4869,10.6364,1.6466,1.779,0.46,7.8047,2.992,7.6115,8.9747,4.4554,13.0907,2.9102,7.8195,3.3224,9.0777,13.7539,1.0016,10.634,6.2127,4.1202,1.4596,2.2241,7.2863,2.8891,0.7607,3.6313,50.5205,5.2459,9.5337,9.4715,17.5489,4.4731,1.2916,6.7123,1.741,1.4652,12.2679,3.3391,13.2316,2.3451,17.0077,3.227,0.0563,0.1389,9.9063,33.0556,4.563,2.7545,5.5764
TCGA-P5-A72W,0.2387,7.0392,6.4815,5.2207,50.2093,0.7761,1.5348,2.0371,2.0286,1.44,5.1044,6.0732,2.1503,36.7518,1.4324,1.3862,5.6905,3.9783,7.1709,0.2101,1.8344,2.4472,7.1798,14.8338,3.9644,3.2929,0.9645,1.7815,3.011,2.2865,13.5986,5.2826,3.4201,1.6519,0.2042,3.9095,0.058,18.4814,1.8682,22.9607,6.2693,8.6206,2.897,0.0249,20.783,2.7904,0.1772,2.8046,15.0423,2.1125,3.5107,5.2724,8.9257,1.2639,0.5524,0.6392,5.3636,2.4234,5.5702,6.0837,2.7524,5.5113,1.1625,8.0965,1.4179,5.1945,4.0259,0.4288,6.05,3.3944,2.6504,0.8492,1.2322,5.2611,0.3435,0.7412,1.2607,24.0356,2.5431,2.917,4.6503,9.4776,3.5397,0.2661,7.7363,1.1686,0.4703,10.0511,3.8706,8.0847,2.0064,4.2113,2.4358,0.0201,0.0766,9.1408,18.7848,2.7827,1.6707,4.1372
TCGA-HT-7475,0.3455,9.0507,10.8675,10.0294,43.117,1.4948,7.8702,1.928,2.9831,1.422,4.0778,7.6193,5.1302,17.3373,3.4747,3.9879,8.3609,3.0804,8.101,0.4076,3.6738,4.4158,7.6957,17.8627,3.8897,3.599,1.666,3.1849,5.3168,4.4476,17.4152,9.3884,5.4807,1.6135,2.3208,8.1878,0.0369,17.4601,3.9442,45.7019,3.4374,9.717,4.3285,0.6463,25.3892,5.6507,0.6036,4.9963,19.3079,4.5692,4.254,7.5414,14.8479,1.7613,0.9677,0.9285,7.5381,5.006,8.6333,5.5214,4.8442,7.5485,1.8954,11.1128,4.5928,5.9588,13.2616,0.3871,7.5791,5.4995,3.6591,7.0159,2.8935,9.7711,2.697,5.8123,5.0636,23.6717,5.5689,6.2082,6.9322,9.3978,4.0358,0.7262,7.9039,2.2701,0.8345,13.7436,3.0912,8.1238,1.6121,11.9886,4.6838,1.0607,1.069,8.0023,12.1251,3.008,4.068,5.7567
TCGA-FG-6692,0.7673,9.6926,6.9476,9.4202,32.3898,0.4401,2.4992,1.3988,1.7315,0.0854,3.1425,5.6743,0.1726,13.6498,2.1717,1.6325,7.285,3.0944,8.5879,0.2626,2.8496,2.9643,5.1376,15.3971,2.07,2.5417,1.5992,3.1512,3.6322,0.6503,16.5924,3.6936,4.3233,2.306,3.0836,3.5789,0.1086,14.8883,3.2233,14.0658,6.1083,12.2357,3.5974,0.0054,23.3264,5.1987,0.4689,2.2228,5.9284,4.0931,4.4405,8.4196,9.3083,0.2951,4.0654,0.3763,5.0032,0.4812,2.9276,3.7949,1.9126,9.6855,1.0215,2.8069,1.7302,2.3798,10.0252,0.5561,5.8012,22.8018,1.1449,0.9748,1.1036,6.2916,1.1418,1.4148,12.0794,4.6666,5.0196,4.2586,5.8152,1.5363,2.0388,0.5342,6.42,2.8339,0.5764,8.2341,3.0903,5.5748,1.1942,6.836,1.5931,0.0023,0.5465,19.2397,3.6714,2.7082,1.6059,3.6513
TCGA-DU-5872,0.7338,12.8774,12.0831,9.2587,43.3066,0.9018,2.3946,2.2118,2.5951,1.0978,3.8671,5.8472,1.7151,21.5103,3.2073,2.471,7.1051,2.9451,9.2294,0.1982,2.8649,3.8217,14.5692,14.532,3.0041,3.8002,1.5359,4.3124,3.8652,2.1989,23.1284,8.3366,4.1567,1.7946,1.8539,5.4553,0.1307,26.9804,4.0897,43.6693,3.3843,11.5155,3.6686,1.7951,15.4719,5.1559,0.9975,4.0575,13.7211,3.3503,5.5323,5.16,11.0582,1.7021,1.3238,0.4436,8.1655,1.4888,7.1405,4.7031,3.5822,15.8326,1.7229,7.2227,3.2388,9.4077,12.2971,0.3888,11.2544,7.0491,3.7251,1.427,1.4146,8.2536,2.8653,1.0063,3.4044,37.1773,3.685,4.3993,9.5149,4.5835,3.1874,0.8497,7.3534,1.4054,0.2393,11.9666,3.8167,10.8241,1.3494,15.5724,2.3503,0.1061,0.2068,8.4435,29.8044,3.599,2.4322,6.7702
TCGA-TQ-A7RV,0.9437,9.802,13.6723,9.7674,89.2087,0.8556,1.9628,2.3666,1.3718,1.4722,3.9628,7.8147,3.2471,20.5019,3.7401,4.5954,9.1423,5.998,8.8296,0.093,3.192,5.2176,14.8217,25.4817,3.0857,3.6768,3.2693,3.386,4.994,1.6902,19.6976,10.4329,4.0277,1.8564,1.9822,5.5859,0.1673,17.9566,5.1918,60.5993,4.1651,10.6784,3.085,0.1047,8.6987,4.0071,0.3619,4.8926,21.1832,5.5236,5.7378,6.7721,6.241,1.3673,1.4259,0.3843,7.4429,2.4899,9.4912,4.795,3.1693,20.066,1.5166,3.013,3.3739,5.487,11.6951,0.9078,12.2345,1.8456,3.1601,2.0904,2.0378,5.8169,3.2682,1.4188,11.4517,26.3989,4.3483,4.6105,11.2168,13.2174,4.2038,0.4935,6.911,2.8039,1.1853,13.292,2.6316,17.4872,1.2602,13.118,4.0928,0.8151,0.4155,17.9765,41.1935,4.368,3.0387,5.919
TCGA-CS-6670,0.9182,9.6594,13.203,7.2567,59.8399,1.1389,3.1943,0.8379,2.2749,1.7585,5.1956,5.0025,3.4761,16.516,3.047,2.5395,9.089,4.4093,7.7631,0.2763,2.9332,3.3165,9.4259,18.0434,4.5453,2.841,1.9707,2.8662,5.075,2.7651,20.8223,10.7589,3.8074,2.1985,2.4622,7.9559,0.1805,16.6681,3.6332,68.5445,2.0288,13.8079,3.4803,0.1509,17.347,3.8272,0.3431,5.0561,18.1572,4.1279,3.9697,3.7282,12.8707,1.8961,1.0309,1.0689,8.7411,1.3498,7.7997,4.7904,5.6213,13.3112,2.2392,6.9369,3.7421,5.5479,10.9386,1.1272,8.0707,2.286,3.0024,4.1621,1.999,9.6546,2.5847,2.1727,10.6449,23.1847,4.0776,6.5826,8.2208,9.2582,3.3177,0.5528,7.162,1.2509,1.3639,15.2963,3.5682,12.1327,2.3716,13.8034,2.5488,1.0372,0.759,14.0482,29.2808,2.5695,3.6778,6.9176
TCGA-DU-A7TC,0.167,6.5062,6.5785,6.2365,25.4589,0.6851,1.3278,1.1259,1.8662,0.8978,2.4177,4.2887,4.5321,16.3501,1.7029,3.4622,7.5702,3.2248,7.0981,0.0846,2.1104,3.1526,7.0539,13.6523,1.7286,2.6609,1.7623,2.5569,3.7558,1.9163,11.3486,6.5656,2.8621,1.6717,0.8702,3.6,0.0812,12.4039,2.7394,15.3499,1.6444,8.9059,3.154,0.2226,13.2392,2.5383,0.4012,3.2828,16.6331,2.6973,2.7081,5.0703,7.7831,1.6626,0.7354,0.7985,6.7727,1.703,7.9236,2.9726,1.9886,4.732,0.9821,2.32,3.6934,1.9709,5.9476,0.3305,2.9934,0.9023,2.6499,8.1512,2.2766,6.6238,0.8748,3.1645,4.1874,10.576,4.299,4.513,4.7652,6.0454,3.7083,0.6135,7.6396,2.1471,0.9657,9.135,1.9391,5.6366,1.4795,7.6571,3.6368,1.4033,0.4517,5.7507,7.3842,2.1805,3.5644,2.9399
TCGA-TQ-A7RH,0.3743,8.4742,10.0081,10.8684,61.1612,1.2163,4.5538,2.9073,2.6401,2.3584,4.1856,9.5623,1.9967,15.6906,2.7843,2.5369,7.1256,3.0867,7.0084,0.2057,4.0537,3.5269,10.0482,16.0347,3.4632,3.2613,2.0632,3.6669,3.4905,2.1238,21.9694,7.8887,4.695,1.8357,1.2499,10.0089,0.2489,12.9749,3.4162,55.9913,3.3126,13.3633,3.5953,0.2039,22.5972,4.5269,0.3897,3.8874,18.7039,5.465,5.2648,8.5514,9.8369,1.2535,1.3277,0.6224,5.5455,2.6098,10.4422,5.6812,3.6081,13.9295,2.0858,14.284,2.3318,5.5305,10.7137,1.1963,7.4005,5.9155,3.0604,1.8096,1.7397,6.585,2.4329,0.8275,4.1236,11.1554,5.9263,5.9941,8.3646,8.3576,4.1252,0.4485,6.2381,3.9381,1.2195,14.0956,2.9977,7.2537,1.9183,12.6527,3.2197,0.3271,0.2467,11.1213,15.1469,3.8979,2.9817,3.7619
TCGA-FG-5964,0.2832,5.9061,8.2429,6.119,47.7321,0.8404,1.7763,0.7546,2.1189,1.501,4.1611,5.024,2.9655,10.7312,2.7689,2.6664,6.8786,2.3108,6.456,0.2128,2.8324,3.2978,4.558,6.9477,2.7393,2.0577,1.0919,2.9807,3.7723,2.2436,18.3638,7.0149,3.1912,1.6008,1.0333,6.6505,0.1863,18.6531,2.0272,35.9602,1.8896,9.0373,3.2007,0.1544,17.8169,1.7567,0.645,3.3369,12.9108,4.4793,3.2411,3.1467,8.4646,1.6403,0.9946,0.7475,5.9372,2.3422,7.9995,3.6694,2.8767,7.9062,1.1433,6.8988,1.8872,6.3275,8.7301,0.7746,6.6741,1.5646,2.7033,4.6174,1.3875,7.4176,1.4661,3.1447,4.7874,11.0302,3.6622,3.8268,5.1736,8.061,2.5419,0.3694,6.8464,2.0935,1.1401,11.2265,2.785,6.0156,2.7045,8.6962,2.2972,0.4118,0.7567,5.5503,12.4174,2.0762,2.2319,4.6497
TCGA-F6-A8O4,0.5633,7.8292,11.2786,9.7719,82.2529,0.9364,3.1193,2.352,1.8935,2.0354,4.1178,8.1284,4.4978,14.3334,3.0828,3.0971,9.5991,5.2894,7.6638,0.2305,2.5254,5.0313,12.0696,40.9043,3.3282,3.4219,1.9775,2.9589,4.0758,2.3811,16.9116,7.7511,4.6625,1.5641,1.5724,5.3429,0.0287,17.2777,4.2799,58.7357,3.9766,11.0641,3.6356,0.5449,16.999,4.2445,0.2087,3.4826,25.6236,2.6066,4.1872,6.8724,9.0639,1.5548,1.0277,0.8081,6.3828,2.8307,6.8429,4.9625,3.8328,11.7378,1.7957,8.0491,3.6598,6.3661,12.6673,0.7763,9.5324,5.622,3.1339,4.1736,2.4178,6.4041,2.7422,2.4432,4.3166,36.6657,4.2652,5.2626,7.4039,8.5947,3.6616,0.4897,7.5328,1.5322,0.7707,13.85,2.6171,16.8652,1.475,12.9431,3.8386,0.834,0.3907,13.2876,22.7995,3.683,3.2919,6.067
TCGA-TM-A84I,0.9952,11.4644,12.341,4.8654,78.4332,1.402,3.3728,3.4874,2.4179,1.0669,3.638,9.1138,1.4676,27.9588,2.9004,1.963,5.4889,4.6436,7.6189,0.7864,4.9717,3.0655,5.041,20.7462,4.6359,4.9754,1.7999,4.5306,5.4851,3.6436,19.7606,6.5494,6.6964,1.0922,3.5342,6.4281,0.0958,11.3329,2.9914,33.6863,3.7686,14.1429,6.8322,0.4893,37.53,6.2365,0.1408,2.4683,22.9166,3.6457,5.657,11.5772,13.0177,1.2288,2.5198,0.5523,8.6384,2.3145,5.0954,6.2514,4.7164,13.6937,3.7367,19.6725,1.6948,7.8355,13.3501,0.9233,8.4663,3.4909,2.7035,3.0161,1.688,12.0808,3.0735,1.0314,1.7441,20.7935,8.7612,9.8835,4.0462,4.5412,3.899,0.9818,5.8345,3.3906,1.5602,17.3152,3.4598,8.9296,4.5505,11.8051,3.667,0.0268,0.1572,11.7715,8.8786,5.2899,3.4421,3.8213
TCGA-RY-A840,0.9001,8.2388,8.1026,7.188,58.6092,0.8981,2.161,1.2855,2.2824,1.2113,6.5331,3.5395,2.5726,25.1742,2.2526,1.9849,6.5425,3.4815,5.2865,0.3879,2.667,3.0568,9.5441,31.0435,3.1414,2.2549,1.3068,1.4194,2.1694,1.6898,20.8975,6.1441,2.5327,1.8536,1.6173,8.2456,0.0412,9.8373,2.4051,22.2825,1.6747,10.5503,3.446,0.0606,8.1367,2.1902,0.3723,2.3981,16.7381,3.2403,3.3248,3.4585,7.3234,1.2403,0.8403,0.3711,6.2145,3.2071,7.5352,4.7794,3.5436,10.0361,1.2583,4.3724,5.3414,7.6093,8.7402,1.069,5.019,1.6061,2.145,2.5509,1.4228,7.3416,1.0278,4.6812,5.4637,31.8913,4.0604,4.1686,3.9313,3.5578,3.1901,0.6855,7.179,2.0473,0.9207,14.6614,1.4656,9.2893,1.341,10.9753,1.9866,0.0974,0.1694,5.5558,12.6609,1.8546,4.4133,3.8236
TCGA-HW-8322,0.8048,11.2933,16.135,8.8521,83.2646,1.536,6.1305,1.1863,3.9471,2.037,4.5241,3.867,2.4378,14.8818,4.0228,1.7986,7.9097,2.3449,6.6716,0.4414,5.1961,1.8376,10.6687,13.3813,4.4538,2.5783,1.5606,3.6549,4.36,4.0842,25.5519,14.5965,5.3711,1.7038,2.0485,14.3967,0.2965,14.9896,3.6792,61.3109,1.2402,16.1203,5.831,0.3414,20.564,4.8264,0.7258,5.888,24.7148,5.6005,5.8394,5.9847,20.2784,2.3349,1.2025,0.8239,7.7779,2.3481,8.4368,6.7331,5.5005,13.0638,3.8192,19.7157,5.0069,13.9681,16.2745,1.1262,12.0979,5.0547,3.4072,4.3809,2.1898,9.8838,4.0473,2.0478,3.6623,43.0045,7.8692,10.7411,9.8782,14.2987,3.4531,0.9026,7.0074,3.4209,1.9699,18.3039,3.0789,7.5267,1.594,19.552,3.2778,0.1908,0.356,11.5871,14.9464,2.0586,3.5181,8.694
TCGA-DU-A5TP,0.2574,10.2631,9.1131,11.185,41.4004,1.0125,2.019,2.2752,3.3014,0.6748,3.4766,4.2733,1.5027,10.5713,2.6902,2.25,5.7795,2.5098,11.3701,0.2176,5.5498,3.6624,5.505,3.7056,1.6112,3.8884,1.1388,8.8475,5.4985,2.1228,13.4467,7.9191,5.3133,2.3735,0.9596,3.0645,0.1978,16.1552,3.3793,28.1471,1.4042,10.4548,4.3349,0.1868,15.4843,8.2494,0.344,2.1084,11.9938,6.5908,6.167,11.0624,7.9883,0.6903,3.1128,0.6888,6.2381,1.5596,7.3959,4.0459,3.8966,6.9186,2.255,9.3997,1.219,3.3712,15.0661,0.502,9.1734,4.6287,2.7907,1.5671,1.3688,7.5891,3.5235,0.241,3.7564,4.8275,6.2204,5.9135,10.6988,6.3868,4.3206,0.5348,7.9981,1.2651,7.0035,8.9842,3.3188,6.7573,0.9929,16.4229,2.1605,0.0753,0.1619,5.5698,5.2367,3.7148,1.5827,5.6983
TCGA-E1-5322,0.9009,9.7517,13.6455,5.4997,46.0329,1.4309,3.1214,2.2502,3.7584,1.3677,5.062,9.1241,2.8331,27.729,4.2747,2.4468,7.8915,3.4388,8.7952,0.2871,4.5016,3.841,13.2764,20.1188,3.8546,3.3566,1.0536,5.0733,3.6723,2.116,33.5465,7.7197,5.0213,2.034,1.8263,9.2366,0.1617,14.8428,2.7523,37.275,4.4051,12.1635,5.7319,1.1848,21.5998,5.5215,0.3078,2.061,30.1212,5.1901,4.7527,6.2794,14.8038,1.7792,2.0823,0.7485,9.8839,3.0713,10.2018,6.646,3.3957,13.8055,2.2767,11.3443,3.5663,12.3657,12.8734,1.9954,9.5718,6.6586,3.6107,7.0049,1.5084,8.5929,2.8159,1.4074,1.4667,23.6015,5.1864,6.6244,11.3355,10.7709,3.6685,0.2794,7.6047,4.9765,0.5932,15.1684,3.2768,13.2247,3.3288,8.9487,2.215,0.076,0.3333,7.6642,15.1429,3.7166,2.6387,7.9373
TCGA-HT-A5R5,0.3659,9.2017,9.0844,6.6303,61.3796,0.7283,1.7756,1.5924,1.632,0.8333,3.2804,7.0884,3.2216,12.3246,1.9196,2.9701,6.758,7.4458,9.0344,0.0908,2.9837,3.3335,7.4071,15.6381,2.4751,7.5035,2.8134,4.0707,5.267,1.0943,15.9863,10.1293,3.1186,3.4333,2.3868,4.9504,0.1545,12.7305,3.2011,64.1022,3.3426,10.3559,2.6293,0.251,8.6382,4.1378,0.3852,2.5226,18.408,6.2621,4.6616,4.6564,5.2081,1.1714,1.3854,0.3722,10.1825,0.9355,6.4774,4.2692,4.2488,14.9089,0.8264,2.9306,2.2817,2.6874,7.8379,0.7222,6.8256,0.8051,2.0665,2.8284,0.9342,5.587,2.2463,2.0721,3.9417,14.4037,2.3636,3.0685,11.299,10.1271,2.5346,0.3057,7.5475,1.916,0.3884,9.4286,1.9059,14.7432,1.1474,12.1606,2.0695,0.5806,0.3494,18.9327,28.3255,4.465,1.9754,5.4217
TCGA-S9-A7QW,0.4273,5.9123,9.0868,7.368,65.2154,0.9603,3.5963,2.2426,2.3464,2.3812,3.8094,7.9784,2.272,35.3294,2.2744,1.5613,6.1937,4.4962,7.952,0.1956,2.5351,3.1288,8.5386,19.6619,3.2729,2.6144,1.427,1.8423,3.4551,3.4121,18.2504,7.1717,4.3476,1.3453,2.6906,7.0793,0.0676,13.0301,2.3475,39.3964,4.8545,8.2137,3.9532,3.253,24.5284,2.6759,0.1791,2.3158,12.1757,3.9014,2.9787,6.8302,13.9987,1.3784,0.6752,0.9442,5.8931,2.4821,5.9196,7.7118,3.6077,9.9886,1.2231,8.2527,3.6106,6.8881,11.27,0.8815,7.1782,5.5664,3.1066,2.77,1.5123,6.5829,1.6494,1.8745,1.6185,20.1659,4.5445,6.3827,4.2807,11.0214,2.5249,0.3322,6.1621,1.761,1.1341,14.1253,2.3551,8.4968,1.5081,11.6957,2.4871,0.2039,0.2644,9.7246,16.2665,2.352,2.5154,5.0104
TCGA-KT-A7W1,0.3856,14.0653,11.1783,14.2267,67.8815,0.8689,2.6453,1.6431,1.7428,0.2781,3.308,5.9411,0.4012,8.467,2.7329,1.9873,4.3684,3.1084,8.892,0.5002,3.8486,3.7277,7.1028,12.3965,3.3497,3.0869,1.5556,6.2674,3.7113,0.968,24.1031,10.7623,5.8711,2.2543,3.1268,5.145,0.0798,13.9789,3.5907,20.5308,3.4484,14.9248,6.1403,0.0068,28.8153,6.3453,0.2403,1.8506,10.644,6.0713,5.7367,12.3678,12.3039,0.4525,3.8949,0.1474,5.9477,1.0436,2.6572,4.0583,2.7098,13.9563,1.578,5.4356,2.3515,3.3452,18.4513,1.1273,7.6206,38.7811,1.5508,0.5532,1.3901,8.2829,3.4877,5.3561,1.0107,11.7729,6.2816,7.2678,7.4638,4.8883,2.9163,0.7676,7.4241,2.3591,1.0354,13.9284,4.2813,6.6992,2.4107,12.5477,2.4953,0.0273,0.8413,26.1144,3.9774,3.2788,2.0448,5.868
TCGA-DB-A4X9,0.5284,8.0492,12.238,7.6158,91.6105,1.0929,3.8525,2.5688,1.8641,1.2647,4.4162,7.3207,4.7323,27.2071,2.5029,1.9603,8.2645,5.2584,7.586,0.2374,3.4136,4.9028,11.8222,36.6136,3.9366,3.4586,3.5247,2.6054,4.5641,2.2708,16.1005,10.3468,4.565,2.1566,3.7668,3.8976,0.1515,14.8303,3.3002,55.1163,5.1107,13.4239,4.331,0.1999,15.7217,3.2609,0.1999,2.5566,17.6351,4.2692,4.7017,6.5389,11.1694,1.4409,1.1947,0.444,6.3854,3.2219,7.1053,4.9867,3.7007,13.0798,1.3639,6.6579,4.0951,8.2688,10.9927,1.8392,10.4062,2.5158,3.384,2.7247,1.7803,6.6954,1.9567,1.3576,3.357,34.7797,4.4526,5.563,9.8461,21.5966,3.0867,0.3515,7.2356,2.1587,1.2768,15.4816,2.9539,17.1963,1.7345,11.2638,2.8455,0.1669,0.4317,26.8367,40.1912,3.9691,2.9688,5.3393
TCGA-E1-A7YS,1.6581,15.0185,20.0787,7.5377,74.9881,1.496,4.6944,1.1889,3.0979,1.3124,4.7462,4.5476,4.5395,29.9208,5.6311,2.8906,10.1411,1.6362,7.4362,0.6913,5.1229,5.5314,9.3163,24.7191,3.8307,3.2546,2.1671,4.3543,5.4935,3.3976,25.2372,16.6028,5.0152,3.2497,3.0879,20.7538,0.0406,16.7299,4.3072,34.5331,1.0339,20.2274,3.6284,0.0278,20.0826,6.1837,0.9893,5.9472,26.6042,4.259,7.3994,6.0465,11.4343,2.5824,2.2182,0.6865,10.107,6.215,8.3829,9.2984,5.9429,18.9991,3.5431,6.4263,6.1838,13.2587,16.3471,0.9406,14.3563,6.0503,6.0356,7.2164,2.6526,13.1836,5.6401,0.8917,2.5871,59.9869,7.5579,9.635,10.3993,5.076,5.4975,1.6155,7.4102,1.3547,1.8217,20.201,3.5143,17.896,3.6233,21.8008,3.5079,0.0523,0.18,17.3535,4.7389,3.0174,4.2131,8.9099
TCGA-R8-A6MK,0.6516,9.0702,10.9959,7.5152,93.2908,0.9614,2.7752,1.2127,2.1293,1.2914,4.4746,3.8497,3.2102,19.254,3.456,2.459,5.9402,3.6799,8.3212,0.2725,3.138,3.1818,9.8315,14.4523,3.9144,3.0613,4.3111,2.7152,3.8966,2.5264,17.9743,11.2961,3.5551,1.7052,4.2225,5.5905,0.5109,23.2317,3.0028,53.6387,2.1457,12.1764,3.4125,0.1527,17.7057,3.8542,0.2933,3.7123,16.7238,4.3005,4.7132,5.4404,11.6035,1.1401,1.0958,0.6144,7.3283,1.4751,6.16,4.6426,3.2822,16.0408,1.9922,4.5441,2.8325,7.7546,13.2239,0.892,9.3463,1.3074,3.3665,3.4789,1.7539,6.8586,2.0612,2.2515,2.8381,32.8524,5.225,6.5241,7.1608,11.973,3.1404,0.6949,5.8633,4.0159,1.1272,14.7227,3.4268,20.4081,1.455,11.0703,3.6774,0.435,2.1359,20.5611,19.3824,2.2719,2.9149,5.4251
TCGA-S9-A6TU,0.2952,7.7303,8.1819,9.7682,53.0904,1.0654,2.5122,2.7655,2.6554,0.8872,5.7676,6.4085,1.8366,17.1986,2.6002,1.8481,5.2328,2.6236,5.2355,0.1365,3.5143,3.6526,9.9053,10.7879,3.4496,3.7191,0.8354,2.3423,3.8519,2.7092,15.5861,8.0772,3.4444,2.1189,1.7503,5.2677,0.1294,15.2042,2.1944,47.2367,3.1716,7.9343,2.9665,0.3387,20.3016,3.9323,0.3433,3.1638,13.7206,5.7236,4.2,5.8166,7.841,1.7875,0.749,0.5448,5.7541,1.8735,7.2574,4.668,2.9735,9.9429,1.9642,12.3031,1.8472,7.5765,7.0703,0.2927,7.0182,3.9774,2.8706,1.5919,1.3639,5.276,1.907,0.23,4.1271,13.6141,4.2768,4.212,5.6747,8.6346,2.2767,1.2959,5.8027,1.4565,0.5027,9.2676,2.2896,6.3098,1.6234,10.4957,2.2753,0.0594,0.0485,4.8893,20.9014,3.9843,1.4149,5.323
TCGA-DB-A4XG,0.9106,10.2999,15.7298,8.8821,76.6555,1.2987,2.9794,0.9794,3.2683,0.9105,3.4954,4.6069,4.294,23.1214,3.38,2.6621,8.5401,2.2286,7.2024,0.1727,3.9587,3.1813,10.1177,20.7296,3.8419,2.3923,3.1485,3.7446,4.7308,3.2762,23.3569,13.4784,5.2951,2.4915,2.7197,11.7226,0.0804,17.6498,3.4579,31.5838,1.2533,13.2804,5.3499,0.0995,19.7028,4.226,0.3755,4.015,21.8273,4.5834,4.2864,5.1666,10.8433,2.1039,1.3163,0.4934,8.3827,3.8825,8.2821,6.533,4.7888,12.8471,2.9097,7.4113,5.6229,9.9891,13.8095,1.3882,8.4957,3.562,3.7028,6.7477,2.6629,10.3715,2.5633,1.1119,3.1113,34.7795,6.435,12.7832,7.0265,12.4767,4.0489,0.7988,7.1814,1.6394,1.7337,16.6112,3.6988,7.9282,2.6481,17.9433,3.4669,0.3471,0.9982,11.4243,8.3617,2.2579,4.3734,7.2469
TCGA-HW-7489,0.1028,7.5211,9.1325,7.8478,50.2957,0.7419,1.6563,1.3838,2.0482,1.5254,2.9724,5.0765,6.8535,12.9403,2.6785,4.9734,7.7887,3.3066,7.2992,0.2347,2.3084,4.3863,6.4883,15.3939,2.8946,3.2646,1.5817,3.4672,4.9057,2.0197,14.2477,8.2337,3.4314,1.4543,1.788,4.3789,0.0694,15.7779,3.2202,25.6774,2.2018,10.7666,2.6495,0.8898,14.3805,3.5544,0.7177,4.6864,20.9071,3.0474,2.8898,5.258,9.097,1.6546,1.006,0.8678,8.227,3.0845,9.6262,3.4321,2.5339,8.1867,1.033,4.014,4.791,4.5057,7.7944,0.3215,6.855,1.509,3.5082,9.9153,2.8583,7.3806,1.8249,5.6376,6.4346,27.5492,3.5878,3.6046,6.4887,11.4662,4.3638,0.7072,7.1504,2.7123,1.1918,12.8081,2.3579,10.073,1.4215,8.6793,4.761,1.8869,0.8524,7.9038,23.2122,3.0217,3.7473,4.5851
TCGA-DU-A5TT,0.1373,7.3287,6.2927,8.7553,51.9982,0.7968,2.7715,2.0566,2.6535,0.5757,2.926,5.3588,1.3365,18.8598,2.6469,1.7303,9.9802,3.8975,8.7017,0.0379,1.5116,3.678,8.9969,42.1501,1.3009,4.3006,2.0712,4.3548,3.6962,0.7607,19.9671,8.0657,3.2594,1.6558,2.8171,3.1857,0.5452,17.5972,4.9826,24.4065,4.7009,15.4616,2.5594,0.7606,9.1098,4.3183,0.2485,3.028,12.5865,3.6899,4.621,8.0425,3.5635,0.7465,1.5595,0.3176,9.4808,0.4028,5.7467,3.4979,2.1451,8.5212,1.4917,2.3081,1.9947,1.9815,13.6871,0.0443,6.6577,4.9304,2.5201,1.5707,1.1574,7.8378,1.065,2.8976,26.9739,8.4368,3.5823,3.0766,7.0997,8.2609,2.8522,0.2752,6.7529,3.6523,0.4284,11.1675,3.1056,5.2597,2.1678,10.7519,6.5159,0.5136,0.8355,38.7151,19.9059,4.6896,2.3509,4.2761
TCGA-QH-A6XC,0.0597,5.133,5.4693,7.9537,43.0543,0.3651,1.4941,1.0198,1.0458,0.6811,3.7561,3.5592,2.7688,9.3592,1.9156,2.6778,4.0742,2.2642,6.5304,0.0565,1.2284,3.0997,3.9773,6.8366,2.035,2.7759,1.3209,2.826,3.2862,0.6518,11.9818,6.9164,2.6887,1.3949,1.1904,2.7144,0.1301,14.0703,1.8813,14.1163,2.3046,13.0556,2.4149,0.1958,15.1642,2.7435,0.4092,2.0553,9.8898,4.2817,2.2481,5.3518,5.8525,0.8471,1.0675,0.4472,4.4527,1.5137,4.6166,3.5344,1.641,6.2024,0.4843,1.5005,1.7863,1.4219,6.4767,0.5741,3.794,7.7155,1.4781,3.9668,1.4734,4.7045,0.7102,3.917,3.7849,14.3503,3.1141,2.7816,4.5906,9.499,3.0924,0.4996,6.2565,1.1154,0.5471,8.8762,2.3501,3.8867,0.981,5.2676,2.5853,0.6876,0.5622,22.0673,6.1805,1.9986,1.7407,3.1004
TCGA-HT-7692,0.4396,9.8073,12.5928,6.7666,54.2166,1.1634,3.4872,1.2587,2.8156,1.4355,4.75,3.0799,2.7716,14.0254,2.5838,1.4712,7.8751,4.1388,6.3185,0.1614,2.6899,2.8822,11.9019,18.4308,3.8172,3.4385,2.9502,2.8365,3.0598,2.5636,23.2455,12.6636,3.8727,2.5414,3.6839,13.2289,0.2385,23.1257,2.6634,57.0426,1.6089,9.9549,4.1664,0.0974,27.2363,3.8799,0.4129,3.9441,27.5091,4.3592,3.6795,5.9495,6.1437,0.9385,1.1896,0.3981,6.9481,5.3187,6.3776,5.9133,4.1247,11.5297,2.4759,6.2865,4.1266,8.5787,9.5296,0.8766,8.2027,2.0703,3.025,4.1707,1.5286,9.4404,1.6281,2.738,16.9802,45.6646,7.4052,9.9644,7.3671,8.06,3.9954,0.6676,5.8371,1.04,1.2391,10.0241,3.8916,24.3202,1.3751,12.9696,3.597,0.179,0.5959,15.7337,15.7164,1.3796,4.1609,4.2023
TCGA-P5-A5F0,0.3622,8.4137,12.9711,9.1583,48.4763,0.9983,3.7179,1.0256,2.3789,2.3445,2.8198,4.2646,5.1694,16.5789,2.6861,4.3012,8.1391,2.1316,7.1046,0.4212,3.2932,4.6949,7.3553,21.6888,3.4048,2.9148,1.7341,3.7408,4.2956,2.135,17.2528,10.7055,3.6398,1.3948,1.9662,5.5707,0.0787,14.2831,4.1196,38.277,1.0588,15.5435,3.7891,0.2952,19.8352,4.0613,0.8688,5.6864,18.8085,4.2826,3.7058,5.2828,12.5119,1.56,1.051,0.7521,7.4135,3.0711,8.5975,3.2585,4.1074,12.8878,1.8675,6.9092,5.3195,5.7811,9.961,1.3016,5.838,1.9481,2.5285,10.5651,3.0486,7.8157,3.4714,3.5989,6.0696,24.2286,6.4337,7.9697,6.9255,17.073,3.5629,1.0279,6.0782,2.892,2.2241,13.528,2.586,11.3057,3.4939,12.425,4.0488,1.4268,1.3611,10.5713,9.1919,1.8351,4.3232,5.6631
TCGA-HT-7485,0.9877,12.2257,15.4938,6.3343,118.2893,1.0346,2.0758,1.9279,1.6542,1.4461,4.261,8.4971,3.7591,25.7439,4.4864,2.799,9.2955,7.4342,10.838,0.1567,2.698,5.2949,15.2342,74.4556,4.2116,3.5504,2.9632,2.4138,4.864,2.0606,17.368,8.1987,4.8766,1.8926,3.3104,3.3125,0.2063,20.8845,4.9127,55.3646,4.5505,10.2774,3.8291,1.2451,9.7027,4.634,0.1709,3.7554,25.0565,3.9101,5.2074,7.0716,12.1228,1.9944,1.577,0.4122,7.7132,2.3534,7.9942,6.4797,3.1864,20.7145,1.5598,7.475,1.8405,7.3686,15.924,0.693,23.6191,1.8068,5.7015,1.3477,1.5099,4.5584,3.0821,2.3519,2.6968,36.544,3.9743,5.3196,9.5333,32.9897,3.2627,0.2825,7.064,3.0697,0.4635,19.3066,3.0262,23.0814,1.5451,15.935,2.9589,0.2524,0.5946,18.5371,53.5753,6.1494,2.8215,8.1791
TCGA-S9-A7QY,0.2754,6.8259,9.2256,8.5392,62.1755,1.0392,3.364,1.1914,1.8832,2.0862,4.7037,4.412,2.5856,24.9565,3.8603,2.014,6.4986,3.2751,5.8626,0.1235,2.7317,2.6393,8.654,15.9772,3.2192,2.5386,1.3617,2.4745,4.0507,2.1909,18.5366,8.431,3.6154,1.6255,2.0865,9.6162,0.1603,20.4445,3.2465,52.7236,1.3872,11.8318,3.4019,0.1668,13.8298,2.6145,0.5909,2.924,12.0483,4.8114,3.7432,4.6833,7.0076,1.3593,0.7947,0.9568,5.7472,1.4698,7.4131,4.1621,2.899,10.2681,1.4907,8.9585,3.0752,6.7682,9.9025,1.0822,7.2395,2.4757,2.6577,3.8189,1.9303,6.2128,1.7002,0.8732,7.8974,15.0329,5.6779,5.2302,7.1676,16.3921,3.0697,0.7622,6.1627,1.7075,1.7071,13.5587,3.1647,5.4018,2.33,10.3085,3.5338,0.3888,0.2001,6.8462,14.2523,2.1754,2.8048,6.6561
TCGA-HT-8015,0.0651,9.9022,10.5476,11.313,51.0256,0.9977,1.2976,1.3281,1.6127,2.1332,2.6242,4.387,7.8099,7.5539,4.163,6.3176,10.5594,3.1823,8.9265,0.0144,1.9499,5.1054,5.7481,16.156,2.8551,3.5226,1.8121,4.7344,7.9695,1.1548,16.6225,10.2629,3.7156,1.5933,1.2721,3.1626,0.1019,14.9112,4.9544,27.1128,1.9148,7.531,2.5348,0.5937,6.9293,4.5949,0.7607,6.1729,26.7616,5.9889,3.8002,5.9061,5.234,1.8578,1.4881,0.8641,9.9943,1.1157,10.0977,2.3379,2.6569,7.1664,0.7925,1.778,6.6952,1.5916,8.5128,0.2866,6.4959,1.5225,3.1098,16.4386,3.6392,6.6376,3.0236,4.142,10.6528,21.2214,4.319,3.1467,8.6809,14.7791,5.7436,2.2064,8.026,5.0314,1.455,12.5041,2.5598,10.0942,1.2991,9.9783,5.7179,1.8569,0.891,10.0235,10.0609,3.0521,4.3023,3.9238
TCGA-CS-6666,0.8753,12.8177,13.5311,7.3338,54.1277,1.4056,2.6547,2.7391,3.9584,2.5767,4.0732,8.8409,0.997,23.6345,2.6107,1.7775,6.7844,3.9757,8.5999,0.1302,4.2741,3.3827,10.0608,25.8782,3.9065,3.1893,1.4875,3.5182,4.0325,3.5573,35.3688,4.879,5.1686,1.3422,2.7221,20.5661,0.1095,17.766,4.1811,33.5133,4.745,14.1073,3.8688,2.1998,21.2057,5.5133,0.7363,2.157,13.7701,4.2218,5.5389,7.4886,11.5838,1.2834,1.9596,0.5969,6.5187,2.1304,8.5704,12.6653,3.7871,14.6151,2.2158,14.5639,2.0417,8.636,15.7635,0.5093,8.5785,6.0597,2.0768,1.3183,1.1582,10.2888,2.8719,2.8452,6.945,15.0714,4.0824,4.3393,10.6707,2.7406,5.4478,1.1074,6.2624,2.8874,0.7158,10.935,2.8445,6.768,1.9219,11.3502,2.2427,0.0055,0.0777,6.2415,17.2723,4.298,2.012,10.6148
TCGA-DB-5276,0.3906,10.4079,11.3273,7.6924,79.7306,0.9783,1.5506,1.8363,2.7582,1.0829,4.2261,5.2907,3.6903,13.2385,6.9014,3.781,7.1239,3.6149,9.0658,0.1798,2.5273,3.8272,11.1722,21.4871,2.8588,3.9833,1.3779,4.3412,7.8404,1.3947,17.8188,9.4972,3.8727,1.7925,1.9076,4.0999,0.1787,27.7604,3.9568,38.715,3.2286,9.5537,2.914,0.4705,8.7979,3.9143,0.422,5.2279,14.7683,4.3534,5.2359,5.83,7.5946,1.5711,1.396,0.7381,8.3305,1.6366,6.602,4.0916,2.6523,14.8193,1.1657,4.3832,3.3601,4.2808,10.6911,0.4954,16.3961,2.3027,3.6735,4.8794,1.9108,7.5712,2.3171,3.4169,8.9792,20.1222,3.9035,4.5633,8.7041,21.0195,3.5439,0.5529,6.3662,3.2966,1.1138,10.7563,3.3554,14.7822,1.5354,10.7294,3.5881,0.9206,0.6261,10.773,40.1482,5.2208,2.8461,7.1899
TCGA-S9-A7IX,0.3701,10.9186,10.7205,10.0977,33.0186,0.7411,2.4615,1.6772,1.7013,0.3482,3.2652,7.7341,2.2937,8.2048,3.1592,2.8755,6.432,1.7013,8.7273,0.031,3.0258,4.173,6.3077,15.0328,2.2871,3.4697,2.3855,5.4469,4.7873,0.9463,16.12,11.7412,3.8242,1.3038,2.2785,4.0357,0.158,10.5331,4.2911,24.0155,3.6784,12.588,3.0967,0.2414,10.4248,4.7557,0.5597,3.7212,12.8962,4.0209,4.9928,4.9784,8.1219,1.0253,3.8406,0.4369,6.4521,0.6537,5.6381,3.818,3.0297,8.7168,1.2918,3.3824,2.8286,1.919,14.1174,0.1084,7.4455,6.0267,2.4815,0.7829,2.0837,6.6709,2.517,8.2899,5.1493,20.4626,3.868,3.9914,10.2858,5.5419,4.2252,0.5611,7.3518,2.555,1.3824,8.7445,2.6028,6.6756,2.0277,11.0491,3.1606,0.6782,0.6189,23.4867,6.3294,3.6723,2.851,5.1184
TCGA-QH-A6X4,0.2071,5.9978,8.1987,9.964,53.9375,0.874,2.4718,1.1482,1.6469,1.3278,5.1516,3.9173,2.3043,19.133,2.9741,1.4327,4.9339,2.4513,5.3298,0.1569,2.7955,2.9953,5.6541,9.0099,3.7383,2.0044,1.2591,1.4729,2.8014,2.7928,14.6934,8.0977,3.7625,1.7164,2.2132,6.8682,0.2848,20.0563,1.3826,35.8364,1.3637,10.6506,3.6699,0.0676,25.6623,1.8833,0.3572,2.2796,10.3757,4.2286,3.6113,4.1018,11.2205,1.4021,0.7062,0.9323,4.8567,3.2872,8.0187,4.3257,3.0474,10.1607,1.9909,10.467,2.2905,8.1697,7.5977,1.6631,6.2136,1.3615,2.659,3.4355,1.4029,5.784,1.2507,0.7005,4.1413,25.4874,6.0141,6.9741,5.1446,16.8067,2.8984,0.3432,5.634,1.6958,1.2373,12.0715,1.8143,9.9545,2.6756,9.1487,2.1308,0.213,1.2144,9.2418,7.221,2.0144,2.129,5.1515
TCGA-QH-A65V,0.2912,7.3368,9.3858,3.9771,74.3796,0.7814,1.6468,1.0533,2.0038,0.6114,6.8601,3.5694,2.5253,11.9835,3.9883,1.8177,6.4941,3.4974,7.8694,0.1164,2.5773,2.2412,8.0072,6.9035,2.3746,2.3991,1.686,1.9773,5.8837,2.0789,15.2401,8.365,3.1537,1.6128,2.0904,4.3492,0.3011,32.3435,2.6536,35.7521,2.1406,11.382,3.1861,0.1077,11.825,2.8671,0.1863,2.9711,11.4952,3.5558,4.2008,4.6796,7.6051,1.1683,1.0583,0.601,6.9679,0.6934,5.8721,5.0765,2.9451,10.0856,0.9489,3.3377,1.5405,3.2642,9.4127,1.3028,8.5022,1.9118,3.2816,2.0355,1.4423,7.501,1.0961,1.8586,4.6259,19.4052,4.3546,4.2345,7.9079,13.3738,3.4867,0.3782,6.1805,1.3438,0.8784,9.5921,2.9014,6.9708,1.3162,9.0386,3.091,0.2876,0.72,13.7141,14.8227,2.7086,2.3571,4.1902
TCGA-FG-A4MX,0.4132,9.7817,6.9757,5.3142,32.4492,0.8776,3.512,2.1835,1.2075,1.4509,4.8316,6.3391,3.114,10.1149,1.9643,1.8071,5.4887,3.8415,6.8255,0.4687,2.7024,1.8311,4.947,14.2648,2.864,5.7399,0.8382,1.9073,2.8087,2.5421,7.614,13.5623,2.7211,2.3572,1.6703,4.4059,0.026,17.0822,2.7547,31.8094,3.7231,11.0723,3.8265,0.7062,34.1495,5.1426,0.3549,1.553,9.0124,4.5896,5.4608,8.95,10.3795,0.9563,0.959,0.7439,4.4071,4.0992,6.3281,4.7352,2.842,6.7739,2.1376,8.667,0.9417,6.2932,8.6135,0.611,4.4901,2.8436,3.2653,1.006,2.3132,5.4342,0.5366,1.0852,2.7701,13.7866,7.4294,3.5698,8.6232,2.1711,2.5102,0.8084,7.4813,0.887,1.7613,7.8569,3.1828,7.8954,1.9025,9.8721,5.2161,0.1282,0.0864,3.4477,7.4472,1.8047,2.4417,2.7319
TCGA-S9-A6U1,0.5075,10.598,14.8181,9.5986,86.2084,1.3566,3.2668,3.5332,2.5828,1.1823,6.2842,8.8395,2.2042,30.1692,4.2733,2.1468,7.7921,5.4454,7.488,0.3243,4.9475,4.2701,11.9855,25.363,4.0642,3.0378,1.7542,3.1323,4.5237,3.2999,19.8476,9.1609,5.0794,1.9551,2.9774,5.8761,0.2638,15.8505,3.3597,53.7001,4.3817,10.9185,4.7671,1.2694,22.3803,4.4765,0.2399,2.9898,20.3052,4.3223,4.6539,7.6164,11.7599,1.4527,1.4568,0.4366,7.5009,1.5804,6.9388,6.4843,4.2807,15.8338,2.7327,14.3863,2.0385,8.4711,13.7666,1.1809,10.1712,8.3699,3.0028,2.0731,1.9676,7.665,2.6226,1.2237,7.8169,35.9882,5.7664,7.1934,8.0502,11.7265,3.3893,0.769,5.8074,2.9856,0.8055,15.4237,3.002,9.3078,5.1476,17.1441,3.0766,0.1305,0.0767,8.6174,23.3601,3.9757,3.2526,6.7349
TCGA-HW-7491,2.8546,12.4982,24.8168,9.4027,114.5936,1.4134,3.3564,0.9538,2.9142,1.5993,4.1881,5.3164,3.0046,39.1294,6.0444,2.5565,11.4521,3.0312,8.889,0.3379,4.9526,4.7934,12.1004,19.6267,5.2888,2.1464,3.7614,3.5613,4.5177,3.1567,29.2091,21.8283,5.9145,2.1842,2.4599,7.6974,0.0611,21.2264,3.0302,71.322,1.2816,19.0493,6.1641,0.0865,23.2079,2.6435,1.0343,3.4529,16.8886,7.4547,5.1257,4.8788,9.867,2.4587,2.1189,0.3771,8.8799,2.4368,8.6867,7.32,5.9782,19.6445,3.6145,11.9712,5.5627,9.9354,23.3998,2.4882,13.9231,5.1304,4.3481,8.6469,2.6314,11.0767,4.4822,1.7436,4.2722,40.2978,6.3972,10.0646,9.8183,28.4484,4.0012,0.9702,7.5837,3.1472,2.9433,24.2187,6.6114,14.132,4.6832,22.2706,3.7799,0.0257,2.8594,17.1329,13.1822,2.475,5.1085,9.4533
TCGA-DB-A64X,0.223,7.6407,7.857,5.5982,74.2475,0.9271,2.2739,2.1784,2.19,1.3614,3.7808,5.4318,2.754,25.2825,1.9148,2.4024,6.5623,4.5842,7.362,0.3457,2.3285,2.883,8.0547,13.6703,2.533,2.6793,1.5675,1.6568,3.4402,2.2184,13.5434,6.3359,3.8084,1.7186,1.5208,4.038,0.0503,17.0128,3.2041,34.097,5.7615,11.5934,3.1791,0.5176,16.4692,3.4323,0.2875,2.6848,11.0633,2.6849,4.1381,6.2777,10.1445,1.272,1.146,0.797,5.9226,1.3765,7.9327,5.1215,3.0233,7.4284,1.2404,7.7452,0.9955,6.5182,9.0899,0.5119,6.2733,1.8144,2.8995,2.9222,1.9102,5.874,0.5746,0.6384,2.2782,19.3594,4.4499,3.788,6.0798,2.9313,3.6983,0.7381,8.4078,3.3758,0.8841,12.211,2.6699,6.5167,1.7948,7.9115,3.5909,0.1677,0.3822,7.116,27.5172,2.7672,2.2796,2.9884
TCGA-DU-5852,0.4272,9.67,10.9892,9.4515,61.1553,0.5915,1.6807,1.6893,1.9767,0.5103,3.5285,6.1258,1.0413,18.3699,2.8972,2.4208,4.5311,2.1332,7.6662,0.0936,3.7711,5.2403,6.9938,14.8855,2.2409,2.8324,1.9509,6.4433,4.8093,0.9892,22.9023,11.3336,4.1097,1.1715,1.7096,9.5284,0.2203,10.2825,2.8706,26.2823,3.5198,8.2744,4.4894,0.0767,13.3761,3.7782,0.6344,3.5896,8.8648,4.7296,4.4792,6.658,11.5752,0.616,4.3492,0.3383,6.1127,0.5276,3.407,3.3785,2.0337,12.4092,1.6243,4.2654,2.2319,2.6768,16.7533,0.6556,7.5383,23.8145,2.0891,2.4064,1.1815,6.8027,2.6369,5.4608,3.0174,14.0488,3.4138,6.3731,7.1514,9.1536,2.2983,0.3992,8.0085,3.2512,0.8005,12.485,2.2588,8.6862,1.6757,9.6769,1.4541,0.2875,0.4981,14.068,10.0922,3.4188,2.6627,5.4414
TCGA-E1-A7YO,0.5859,10.7646,13.7496,10.1405,52.2999,1.1418,3.7685,1.3556,2.7022,1.2758,3.1567,4.385,4.8348,16.9631,3.7037,3.2529,9.9355,2.7287,6.4388,0.1865,4.1325,3.5151,9.058,16.3411,4.2002,2.6618,3.9038,3.8865,4.2759,2.7799,18.8417,14.1661,4.5744,1.8617,2.6878,8.0047,0.2142,16.5458,3.9414,41.1362,1.071,14.879,5.4768,0.128,16.7461,4.3204,0.635,4.0563,17.0411,4.216,5.0499,4.6266,17.0727,2.495,1.3869,1.2073,7.1706,2.8628,10.897,5.5623,4.8867,16.8148,3.1564,10.8665,5.3013,6.7016,11.9093,1.6103,8.972,5.4808,4.1118,6.6735,2.9248,9.3582,3.1955,3.2932,4.9034,25.9645,6.3758,15.0991,8.4726,10.5328,3.5346,1.221,7.5042,3.047,2.6745,18.0382,3.5791,10.4325,3.1399,16.8968,3.6005,0.8651,1.7958,10.0957,16.0219,2.2348,4.2479,7.6772
TCGA-S9-A6WO,0.7755,10.0888,13.0526,8.6352,82.2858,1.2559,4.0276,2.8118,3.2015,2.8692,4.2467,9.5026,2.3401,26.2328,2.7045,1.9554,7.0722,5.0327,8.2664,0.1249,3.9994,3.044,10.653,16.3531,4.6118,3.4116,2.0291,3.3042,3.1418,4.2254,23.2448,10.3788,5.0392,1.8213,4.9386,9.1942,0.1823,15.3347,3.96,81.941,4.581,13.4411,3.8581,1.211,22.4463,5.2449,0.4511,3.2612,18.821,5.3747,5.6243,7.0218,11.6237,1.3731,1.1914,0.5042,7.0757,2.0928,7.2661,7.8005,3.9544,15.0097,3.0841,14.9965,2.234,14.3477,13.5347,0.821,10.1157,3.8781,3.4803,1.8778,1.5548,7.8278,2.6046,0.8214,5.5018,28.2387,6.1171,8.4007,11.0825,9.4284,4.0344,0.6143,6.524,1.5166,0.9362,15.684,2.8257,11.9105,2.2884,15.6984,3.0176,0.4038,0.1039,11.8046,30.3637,4.4914,2.802,7.4592
TCGA-S9-A6U0,0.0984,8.6519,8.5435,12.8859,50.3092,0.7232,1.5195,0.9715,2.3956,0.6468,3.276,3.9659,1.1223,13.26,2.8696,1.7844,11.3494,3.5769,8.7778,0.0387,3.2494,3.432,5.385,21.4943,2.5945,2.791,1.8501,4.259,5.1906,0.8514,14.1948,5.5096,3.8938,2.1233,1.6563,3.2846,0.4285,15.8667,2.3836,13.8248,3.3153,11.506,3.0467,0.049,8.5872,3.5322,0.7061,1.0685,9.591,5.1869,4.6198,6.1975,7.5778,0.4398,3.3612,0.581,4.6914,0.6269,3.7571,4.1565,2.3525,9.44,0.9506,3.1096,0.8242,1.9949,13.5664,0.0984,6.6679,7.5517,2.374,0.1662,1.0959,5.8655,1.3995,2.2997,3.9639,3.4572,4.1029,3.451,9.6702,7.932,2.927,1.1708,7.2552,2.2345,0.7672,11.7619,4.2045,4.763,0.9771,8.9217,1.4693,0.0123,0.3076,19.2105,12.6018,3.2439,1.3027,3.9328
TCGA-DB-A64U,0.142,9.6818,10.8379,6.7165,90.3487,1.2546,2.8421,1.6574,2.9672,0.8307,4.257,4.341,2.62,16.4292,6.1205,1.6469,6.4716,3.1091,6.9592,0.3381,3.3587,2.4853,9.7775,10.7831,3.2537,2.6982,1.2023,2.7563,6.0654,2.8923,18.3835,8.8472,4.4396,1.8131,2.2016,5.3639,0.2833,30.2314,2.7576,45.458,1.6105,11.9925,4.0796,0.0939,22.4904,4.5055,0.2976,4.2421,9.3439,3.9327,4.9518,5.5194,11.6556,1.5071,0.9885,0.5615,6.0594,2.216,6.2113,5.2173,3.623,11.8373,2.3605,8.6231,2.622,6.0745,11.9713,1.092,10.2587,3.3338,3.3099,2.8426,2.0344,8.7512,1.8525,1.3845,8.3722,23.463,6.6728,5.9319,7.585,18.8653,3.519,0.6046,5.7313,1.5104,1.5354,13.0848,3.6906,7.5745,1.7172,12.0117,3.8554,0.2832,0.8728,10.7107,13.2824,2.9366,2.5112,6.4024
TCGA-HT-7616,0.6458,13.1693,15.1823,5.9079,55.8357,1.4555,3.1987,1.1321,2.4031,0.9787,3.6476,3.3205,3.4467,15.1464,3.4843,2.6046,10.9704,2.4866,8.2088,0.2068,4.1639,3.2105,9.2782,5.9795,5.5638,1.9574,4.3712,4.29,4.0203,2.9615,18.4506,17.0094,4.1796,3.5913,1.5716,11.6428,0.1488,25.3076,4.9668,24.3831,1.1591,13.7183,4.7363,0.0238,13.0753,6.1822,1.2838,5.3519,10.9044,5.831,5.6459,6.4419,10.4157,1.6795,3.0282,0.7275,9.8171,1.7663,9.0756,7.0083,4.3279,14.1045,2.4852,6.2422,2.5604,8.614,13.7465,1.8908,12.1677,5.6953,6.4683,4.3615,2.3296,9.3501,3.5266,0.5674,3.2938,18.5817,6.535,9.5363,9.9586,11.169,4.673,0.6993,8.0356,4.2851,1.5233,17.4079,5.3412,12.9596,4.1473,18.2981,3.1958,0.0128,2.4346,7.2389,8.8741,2.9428,4.0114,10.8526
TCGA-S9-A7QZ,0.5014,8.9487,12.4214,8.7989,58.0823,1.0815,2.9252,1.2866,2.5771,0.9724,4.0338,4.426,3.384,19.0398,3.601,2.4808,7.3368,2.3409,5.9609,0.3317,3.3431,4.1161,7.5958,11.2251,3.8957,2.3391,1.659,2.8718,3.6152,2.704,19.7159,12.6948,3.6444,2.2191,2.8215,7.1271,0.1611,12.509,3.0926,40.8766,1.3726,13.6866,2.6655,0.6488,21.6586,4.488,0.6027,4.3048,16.1463,3.9083,3.7941,4.6119,14.9907,1.8615,0.8866,0.4582,6.3963,2.6545,8.7501,4.9525,4.2527,11.0076,2.5191,7.9595,3.6125,10.7165,9.2019,1.6435,6.5863,2.8553,3.2555,4.216,1.8755,7.1205,2.3704,1.6463,4.866,26.2793,6.1237,7.9161,6.7603,8.699,2.9206,0.7802,6.3617,1.6412,1.9538,11.4949,2.5727,9.7449,3.0793,14.3759,2.8876,0.6427,1.0806,7.7392,7.2176,2.2323,3.1873,6.4885
TCGA-E1-A7Z2,0.1983,7.3563,8.5693,8.5379,33.145,0.47,2.5593,1.5314,1.1402,0.5397,5.6482,5.9258,3.1757,6.1432,2.7648,3.0433,4.9784,5.3638,6.0053,0.0434,3.5084,4.2593,7.4012,13.1681,1.6098,3.2923,3.7343,2.6188,2.8694,0.8705,17.226,6.7306,2.9448,1.2767,3.736,4.3513,0.0573,12.0916,3.6238,49.0817,3.1363,15.4144,3.2551,1.3612,5.7086,3.3464,0.2865,2.7659,20.4987,3.631,3.7306,4.988,8.6888,0.9696,1.6717,0.8822,5.4484,1.6054,8.1153,3.0243,2.2089,9.0589,0.7754,3.1932,1.8426,1.0518,7.3506,0.0572,7.0238,1.6552,2.4485,2.7453,1.5098,5.666,1.0867,9.551,10.1831,13.1505,3.3276,2.7694,6.8843,6.8496,2.865,0.642,7.214,1.0722,0.307,12.4799,1.4539,10.3193,1.2457,9.0355,3.2013,0.7005,0.597,81.6259,26.346,3.1903,3.0067,4.6326
TCGA-CS-6668,2.6444,13.7462,18.8779,7.6864,93.1103,1.7966,4.6426,1.3022,3.3493,0.8855,6.5051,5.4239,3.3573,28.4009,5.0282,2.4948,7.7754,2.3589,6.7282,0.4822,4.6623,3.4967,10.7445,4.2708,6.3715,2.3521,2.965,3.4169,6.8958,8.5506,32.1078,21.7341,6.8976,2.1418,1.9648,16.2895,0.0637,10.0826,4.7037,55.5205,1.5151,19.3945,6.2241,0.1084,28.3191,5.4415,1.0712,6.3347,21.1112,6.4415,6.4416,4.8714,24.8024,3.1579,1.1828,1.0997,10.1659,4.4484,9.0377,7.6954,7.6041,13.1407,4.0019,23.7274,9.0511,18.5198,16.745,2.4497,12.8054,6.9928,4.8899,7.6974,2.4709,12.8199,6.2408,0.5919,5.2665,64.1273,7.3775,15.6846,8.2041,17.4471,3.7511,1.3811,6.4717,3.3363,2.0014,17.4766,2.2757,7.5367,4.5541,26.7412,3.1539,0.0788,2.2987,11.9973,6.9862,2.3975,4.959,11.8215
TCGA-HT-8113,0.1717,8.2294,10.7463,11.3802,35.6485,0.8793,1.8146,1.112,1.5585,2.187,2.7014,4.4615,10.8197,6.797,3.9048,9.9638,8.9517,2.4451,8.0669,0.2189,2.5717,6.3827,5.7342,15.9224,2.7054,3.8545,2.376,4.2372,6.6238,1.397,11.949,11.6341,3.363,1.1275,1.3484,4.0363,0.1155,18.403,5.2921,25.8135,0.9379,10.6563,2.9126,0.8845,12.8551,3.6215,1.2678,8.1178,24.9275,4.6321,2.6916,4.5582,7.1929,2.0633,0.7187,1.2029,10.6071,8.6688,12.5111,2.1375,2.8738,6.8242,0.7722,1.9471,8.5552,1.7192,6.5854,0.4008,5.5297,1.376,4.1505,18.3825,4.8474,8.1468,3.4269,13.2978,10.2666,33.9546,5.0889,3.6111,7.1649,20.3221,5.0376,1.0724,9.0027,3.3363,1.8318,13.1451,1.6334,9.3664,1.1268,9.6286,9.9658,3.0821,1.6624,5.965,12.8766,2.5171,6.4523,4.416
TCGA-S9-A6WG,0.1442,8.7264,7.4257,7.661,35.9086,1.0119,1.7226,2.6598,2.2025,1.4091,3.1641,6.3908,1.7755,18.1359,2.2392,2.2648,8.8601,3.4701,7.6545,0.2594,2.441,3.6503,6.1798,17.0557,2.412,7.4795,1.5701,4.9381,5.4207,0.8598,18.0699,7.451,3.8115,5.3473,2.4014,5.3103,0.3301,16.6946,3.2409,17.8281,3.237,8.3839,4.9019,1.1918,13.2676,3.9315,0.3222,1.4617,12.9301,4.9374,4.4576,8.9461,7.7672,1.3446,2.4901,1.1381,6.7616,2.1061,8.1781,5.0055,4.5057,8.6402,1.4263,6.6878,1.6914,5.2321,9.4224,0.8055,7.7202,5.8084,2.3986,1.6115,1.7442,5.4728,1.8871,1.4349,6.4852,11.6217,4.3613,4.59,13.4594,5.9755,3.2336,1.3668,6.7409,2.0466,0.4622,11.733,2.8542,11.4386,1.6847,12.2558,2.9859,0.2822,0.1804,5.2768,10.7144,3.4966,1.9294,4.6312
TCGA-HT-7474,0.3954,8.1168,11.9473,10.2039,71.8802,0.9778,1.9711,1.7372,1.459,1.4933,3.8427,6.058,6.0503,20.8074,4.4769,5.4137,8.0703,4.9979,8.4579,0.1212,3.1012,5.6238,8.7432,22.2181,2.777,3.1315,2.1012,3.9318,5.3459,1.7163,15.3201,8.6263,3.7704,1.6509,2.4463,4.3648,0.12,20.0939,4.8181,48.5352,2.998,9.9705,2.9431,0.6431,12.2795,4.0769,0.653,6.0351,20.3839,4.792,3.4796,5.4787,8.2887,1.7548,1.042,0.8569,8.696,2.6555,9.1106,3.1834,3.0287,11.3632,1.1011,3.9335,5.5655,3.4214,9.5694,0.7448,10.11,1.5567,3.4725,9.9404,2.8892,8.146,2.9021,7.6336,10.6484,28.2068,3.8531,4.5433,7.131,21.272,3.694,0.7729,8.1797,3.1193,1.0777,16.292,2.1212,13.4616,1.3835,10.6943,5.2455,1.8123,1.0275,9.8096,48.1875,4.1309,4.485,5.6395
TCGA-E1-A7YW,0.4423,10.155,11.238,9.0866,74.9433,1.3383,4.0004,4.1823,2.8255,2.2553,5.2059,8.1867,2.4004,18.4634,2.5171,2.4523,7.5981,6.6644,7.9823,0.292,4.7392,2.9581,10.0734,19.0087,5.0103,4.1293,2.9761,2.9234,3.1959,2.8802,20.8351,9.2064,4.318,2.4188,6.9093,10.6376,0.1611,14.7395,3.1894,57.2949,5.0556,12.1098,3.9604,0.9983,18.9803,5.2674,0.2808,3.0193,18.8997,5.7985,5.6528,8.0785,10.9185,1.4266,1.2525,0.6853,7.9822,3.4402,11.172,6.2051,3.1849,16.4454,2.2163,9.13,2.0584,8.0215,10.3652,1.4692,9.4619,2.1688,4.1044,1.7228,1.7664,7.0897,2.5711,0.5753,3.3896,17.977,6.4486,6.4709,8.8494,8.9895,3.4233,0.4615,6.3983,1.8946,0.8561,13.1715,2.9348,19.0479,2.4567,13.3992,3.037,0.5276,0.1752,19.1279,29.7283,4.6522,2.7338,6.5402
TCGA-DH-A7US,0.17,7.9827,8.8175,7.9958,59.1117,0.9686,2.6836,1.2992,2.4495,1.0454,4.2074,4.6988,1.7087,15.9646,4.0312,1.6934,5.9629,4.0139,5.6135,0.3288,3.477,2.3797,7.907,8.0878,3.6971,2.1813,0.9904,2.0333,4.4092,2.6241,19.3547,5.4248,3.3855,1.8353,1.8261,4.6037,0.4357,22.0213,2.5194,44.7211,1.6553,11.5012,2.9795,0.0354,13.4432,3.5278,0.2505,3.9664,11.6379,3.5631,3.6972,4.6696,9.9601,1.526,0.8585,0.5437,5.6539,1.679,6.4836,4.0536,3.6898,14.0441,1.7123,8.4901,1.954,4.9862,8.2097,1.1816,8.6437,2.532,2.4593,1.9463,1.4484,6.5314,1.3706,1.22,7.8436,26.5307,4.9355,4.8577,6.0977,16.9298,2.2228,0.4664,5.1847,1.2951,1.0175,12.3831,2.5595,7.7465,1.1604,9.4775,2.4325,0.2924,0.4047,9.1937,24.6911,2.5768,2.3717,5.5246
TCGA-HT-A61C,0.0657,7.4393,5.8821,8.2476,33.4872,0.5819,2.1843,0.9779,1.6503,0.1509,5.1709,3.6224,0.4658,9.1542,2.8261,2.2345,3.9705,1.2835,6.6012,0.157,3.7318,1.9135,3.5363,3.9598,1.8248,2.6311,0.5464,2.8532,5.6207,0.8777,25.0617,3.8264,3.7828,2.346,1.0134,5.0625,0.1708,9.507,2.3421,16.6829,0.7534,12.2643,4.5365,0.1882,9.851,2.3579,0.4062,1.9073,6.6121,6.7686,3.595,6.9648,5.8445,0.5115,2.7537,0.2529,4.9997,3.0033,3.3521,3.5682,2.5276,4.94,0.8513,6.2842,1.3511,3.4081,8.7597,0.4346,4.0559,36.6236,1.0485,1.3775,1.0574,6.4703,0.7364,0.4102,2.6419,3.93,4.274,3.3911,3.1896,9.9694,2.1445,0.8047,9.0177,1.275,0.8626,8.5269,1.5761,4.0053,1.1738,7.7389,1.2347,0.0511,0.6114,7.9247,3.1968,1.7973,1.1368,3.4398
TCGA-HT-7602,0.3619,8.6491,11.9523,6.4287,107.4087,1.1218,2.2092,2.4448,2.2221,0.8962,6.2287,7.4404,2.0866,12.3748,6.9992,2.1985,7.3956,10.6459,9.6076,0.0851,3.0923,3.5343,12.284,18.5424,3.5626,3.2535,2.5292,2.7284,7.6514,2.0668,23.8521,8.5105,4.1068,1.5035,2.2964,6.9002,0.5735,31.9721,4.2855,112.446,3.5849,10.0422,3.0388,0.2355,10.4828,3.7524,0.1664,4.297,12.2003,4.6644,5.4511,6.1863,6.929,1.2067,1.0193,0.7444,6.5796,1.0099,5.7353,4.2864,3.4742,15.0531,1.5862,4.5479,1.9575,2.7466,11.0124,0.9171,11.0717,3.1038,3.4347,1.0307,1.3195,6.8306,2.1265,2.2069,11.9044,19.8748,5.1324,4.8315,10.8358,20.7223,2.96,0.3099,6.3137,2.374,0.6838,11.532,3.8012,11.4717,1.0775,11.0564,3.3175,0.2724,0.4808,19.4109,27.1784,4.6129,2.7696,6.8375
TCGA-FG-A87Q,0.2481,10.5745,7.2537,8.1922,62.6031,0.7601,2.4052,1.5392,1.8545,0.5777,4.3828,5.9064,2.0153,4.9043,4.5548,2.0235,5.7693,2.8737,8.1323,0.0164,2.577,3.772,7.5027,13.4804,2.8603,3.0252,1.7736,4.3614,5.2887,1.0617,15.7727,7.2837,3.9484,1.7086,2.6299,4.74,0.5344,27.9304,5.009,50.7124,2.5944,10.0674,2.502,0.1646,7.6616,4.312,0.3694,2.9539,8.9021,3.5367,4.9277,4.9332,6.2888,0.9248,2.0234,0.5958,4.7582,0.7899,3.8403,4.404,1.7248,12.8273,1.0761,3.4275,1.543,1.6164,11.3785,0.4016,10.0287,3.6095,2.718,0.4799,1.294,6.5476,2.5763,8.5374,5.514,12.0489,4.1993,4.5913,8.3449,12.267,3.1609,0.4323,5.6589,6.1782,0.5877,10.2917,3.2571,5.4922,1.0815,8.3788,2.2288,0.0929,0.695,50.4163,6.9433,4.2824,2.0735,4.4813
TCGA-DU-7010,0.573,8.9841,12.1507,9.9609,106.2427,1.051,2.6162,3.5474,2.2718,0.6509,4.3687,8.9039,1.1289,37.1549,5.3956,2.1452,5.2459,5.7001,10.3376,0.5961,4.1421,4.5327,8.6843,16.4791,4.5534,3.5999,1.3595,6.697,4.8875,2.6057,29.9031,9.0252,7.3844,2.3893,4.2771,8.3578,0.127,18.3466,4.441,41.5182,5.6853,10.449,6.124,0.2957,21.3903,3.465,0.4553,4.1729,13.5866,5.3197,5.4831,10.2431,10.8929,0.8462,3.1254,0.5119,9.4885,2.5467,6.2474,6.1454,5.2506,10.7882,2.5569,14.5015,0.9353,8.5855,17.4472,0.4991,13.8895,4.861,2.6108,4.2921,1.7222,10.6996,2.7905,1.0012,5.5207,11.9059,5.9878,6.5553,6.2206,15.6143,3.8701,0.6164,6.361,4.2728,2.0324,27.4715,3.6577,13.5087,4.5425,14.537,3.3477,0.2249,0.6516,12.3406,11.4059,6.7612,3.4951,4.6888
TCGA-HT-7688,0.476,10.14,14.0283,8.539,43.2159,1.2012,2.2102,1.622,2.3233,1.9782,2.9479,5.6101,9.0842,10.3734,4.234,7.6577,8.5732,2.3324,8.0487,0.3773,2.8598,6.7058,6.7483,19.4259,3.4314,3.8288,2.1526,4.7979,6.5349,2.5804,16.4006,14.5737,4.4972,1.8786,0.876,6.872,0.0458,19.7341,4.9915,27.1307,1.7456,13.0552,5.4845,0.3731,18.3349,4.4825,0.9236,7.5089,29.0362,5.2605,3.5801,6.3384,12.4781,2.2084,0.8418,1.0648,9.7392,6.635,11.9497,3.7887,4.7168,7.5597,1.0314,7.3412,8.2295,5.3947,10.573,0.8877,8.286,4.3433,5.2394,17.0225,4.8601,10.1605,4.4824,11.894,7.3257,40.769,4.8442,5.0491,8.7208,17.5003,5.2705,0.9718,9.1434,2.8527,1.7268,15.8625,2.6568,9.6767,1.9496,15.1057,7.96,2.1761,1.3233,5.9109,11.4454,3.4122,5.6207,6.5758
TCGA-HT-7874,0.7347,10.1702,14.2223,9.5121,57.1169,1.0362,2.0704,1.1559,1.9264,1.7858,3.639,4.7938,9.92,10.5839,4.6558,8.1008,8.68,3.5425,7.8082,0.3939,3.2256,6.5648,8.0683,18.1272,3.7284,3.3661,3.0698,4.6333,6.1998,2.0865,16.9153,15.9513,3.847,1.2634,1.8333,5.2616,0.1315,20.4885,5.5122,50.2902,1.4054,12.0959,3.73,0.6617,12.3726,4.1745,1.2629,8.3949,25.7846,5.223,3.7141,4.7113,10.5688,1.9322,0.9919,0.959,10.7454,6.4472,11.7578,2.9848,3.6827,10.2996,1.3323,4.0825,8.9929,3.4345,9.9909,0.4478,8.7486,1.9669,4.7749,15.5319,4.6444,8.2589,4.1947,14.0018,14.6294,43.4917,4.7699,6.0706,9.1991,21.5254,4.7664,0.9755,7.96,3.2057,1.7384,13.6495,2.4352,16.8898,1.4575,13.2856,7.866,2.9475,1.7736,11.2244,24.2266,3.2244,6.7967,5.8621
TCGA-HT-8018,0.29,9.1447,9.9004,9.0181,39.8244,0.8521,1.581,1.2381,1.458,1.1415,2.0487,4.0268,6.1103,10.7121,2.9234,6.7461,9.0978,2.4301,8.1903,0.1533,3.0719,4.2656,4.6449,17.6077,2.9308,4.0061,1.8861,6.5981,6.0206,1.3516,13.9648,12.4407,3.791,1.7159,1.1919,3.4233,0.2237,11.1246,4.5458,15.6272,1.8328,9.8144,3.0475,0.208,11.5421,4.3821,0.9643,5.7424,27.7821,4.8017,3.8959,4.7544,8.5061,1.7098,1.7306,0.8875,8.669,2.3315,9.4457,2.9329,3.6394,7.5784,1.0448,4.0184,5.5565,1.9568,8.8094,0.436,5.9,2.0286,3.2621,8.016,3.6918,7.1094,3.6022,4.4924,9.7313,21.2623,3.7149,4.422,8.9872,9.9283,4.9523,0.9365,7.723,3.8554,1.3519,10.7856,2.4912,10.9421,1.7494,11.3733,5.2948,2.7182,0.9566,5.8192,15.4609,2.7942,4.351,4.0328
TCGA-E1-5311,0.8237,9.7798,17.1749,8.3538,55.6619,0.9561,2.8622,0.9104,3.0834,1.6356,3.4844,4.2371,3.6837,20.1145,4.3068,3.3996,9.0263,2.6163,7.8988,0.2368,4.0371,4.5243,8.9556,13.5535,4.4894,2.6374,1.8622,3.9431,4.294,4.1804,21.3739,15.518,4.5679,1.7414,0.7383,8.9936,0.1403,18.1428,3.2026,30.9371,1.0643,14.7613,3.2201,0.188,18.8041,4.9831,0.7918,5.706,17.8506,5.9501,4.0748,4.2991,18.6753,1.9545,1.6703,0.9562,9.1981,2.1917,8.7045,6.2418,4.4123,20.8382,2.8856,6.5593,5.0447,7.6036,14.5524,2.4976,10.6935,0.9175,5.3387,8.8301,2.5568,10.0241,3.0143,2.266,13.2712,25.2127,4.9142,9.3372,7.7928,12.9702,3.9551,1.071,7.3532,2.4586,2.402,16.1537,4.2079,10.9831,3.2298,17.8909,3.4263,1.2555,1.5261,10.0644,10.8952,2.5258,4.389,8.6568
TCGA-DH-5141,0.2107,8.171,11.79,5.8837,59.0913,0.6942,1.3537,0.7911,2.0294,1.1091,5.0265,4.8335,2.2117,17.4729,2.7276,1.4786,7.8769,2.8618,8.1091,0.172,2.268,3.1384,9.6383,14.5552,2.8187,2.4938,1.2504,2.0645,3.7292,2.2604,19.8836,8.4507,3.3266,2.3574,1.747,3.4997,0.3514,28.3661,3.229,35.8398,1.6023,10.1984,3.9576,0.0133,13.8156,3.0989,0.3249,2.704,7.8035,4.4005,3.7953,4.0985,13.7375,1.2773,1.1104,0.579,7.2799,0.5105,7.3834,4.6959,2.905,10.591,1.0126,3.6836,1.7748,6.1435,9.0902,1.9142,7.9676,2.5954,3.1386,2.0635,1.1719,8.1979,1.6228,0.7331,2.7961,32.0999,3.3721,5.841,7.9527,10.2974,3.3485,0.4059,6.9537,0.768,0.8617,11.0945,3.9332,5.2168,3.2335,10.0915,2.2079,0.0959,0.869,13.3036,16.8853,2.0697,2.577,4.7857
TCGA-S9-A7IZ,0.3768,8.6004,11.6353,9.3248,57.833,0.8095,2.0387,2.3107,2.3562,1.0047,3.4962,6.2999,3.6816,11.6736,2.3703,3.4122,9.5694,4.1553,8.0957,0.1857,3.0981,5.0185,10.7516,28.7811,2.581,3.1478,2.9912,4.6928,3.4185,1.4355,19.2121,11.2163,3.635,2.3208,1.3487,3.4798,0.0797,15.5809,3.738,35.2064,4.587,12.9168,3.4422,0.4884,15.7101,3.0271,0.4197,2.9524,14.1778,5.0364,4.7284,5.5429,8.3569,1.296,1.4203,0.6203,7.1448,2.1117,8.7962,4.4053,2.8367,17.741,1.3709,4.4747,2.8262,9.734,10.4732,1.136,10.4861,5.2973,3.2088,4.296,2.1773,5.6611,2.8762,2.026,3.9267,35.4215,3.8363,4.5457,8.0781,8.79,3.2972,0.5982,7.5662,1.9512,0.9713,13.7041,2.9528,12.8492,1.6019,11.4776,3.522,0.5788,0.4679,10.9583,48.9046,3.4622,3.1997,4.1327
TCGA-DU-7294,1.2072,10.2584,19.0996,6.595,87.323,1.5759,2.8461,1.0208,3.5671,0.5717,5.5613,4.5177,2.6544,22.1931,5.0953,1.8859,7.6302,2.7676,7.5767,0.5289,3.7313,2.908,11.3646,15.0099,4.2258,1.6126,1.8441,3.031,4.3139,4.2185,28.0838,18.6389,5.647,1.8483,2.5931,7.0685,0.2701,21.5949,2.9446,52.5601,1.4325,15.8056,5.595,0.4367,23.1248,3.14,0.5902,3.7337,17.8738,6.33,4.661,5.1103,19.1757,2.0523,1.1848,0.2946,8.6341,2.0192,8.492,6.7989,5.0421,13.6811,3.4213,12.0583,5.6945,15.4788,17.1902,1.5027,13.7283,2.0062,4.5376,8.1506,1.9845,10.709,3.2376,1.6867,6.0293,38.3329,7.1839,10.1853,9.6499,13.7581,4.0181,0.9173,6.8612,1.9272,1.9345,17.2859,4.9768,9.6924,2.0633,19.6182,3.6941,0.1817,1.3078,9.8889,16.6339,2.4223,4.1586,8.7359
TCGA-CS-6188,0.4002,13.6561,15.8148,10.334,95.3648,0.5857,1.9406,1.342,1.614,0.3348,3.5583,5.4786,0.8571,6.9849,4.1919,2.3483,7.0738,4.962,11.3956,0.0198,2.3993,3.4849,11.7024,13.3764,3.1911,2.7351,1.6002,6.7004,4.1033,0.9895,22.2113,9.424,4.2911,1.6582,3.893,5.2038,0.1413,29.1725,4.1385,29.6779,2.877,14.8359,4.2877,0.3008,15.5061,4.7763,0.3981,2.2159,12.1299,3.4578,6.5193,8.3311,10.9618,0.7324,4.0069,0.4008,6.7601,0.7149,3.0149,4.8769,2.4794,19.0011,1.162,3.7259,1.4858,2.4617,19.7461,0.4398,11.9458,9.377,3.0748,0.2832,1.1691,8.3426,3.1864,7.2173,2.735,17.9649,3.4846,5.5833,11.6235,2.9932,3.3026,0.5613,7.4882,1.3095,2.6473,13.2041,5.6127,10.5669,3.4515,13.7978,2.507,0.1107,0.6608,61.0715,14.87,3.8516,1.9984,6.153
TCGA-HT-7855,1.0456,13.9024,19.6681,8.4403,68.1836,1.326,3.5559,3.8108,3.549,1.7336,4.4366,6.5989,2.757,14.6972,2.3234,1.9933,5.8388,4.1676,6.5884,0.4856,5.0226,3.6027,11.717,20.4638,4.398,3.3129,3.5247,2.6601,3.3719,3.6714,27.7431,12.7041,4.7234,1.9127,2.5831,10.3002,0.0776,21.863,4.3398,64.127,2.8765,12.3682,5.1275,0.127,18.9431,5.8728,0.4679,4.585,29.8834,4.9673,5.6114,7.6731,17.7018,1.7645,1.2286,0.4752,8.2846,2.6021,10.668,8.4843,4.4411,14.7296,2.6179,19.2646,2.0693,10.7454,15.2318,0.5086,10.6755,3.2229,5.1483,2.1531,2.0311,8.429,4.265,0.3521,1.7863,51.9781,5.5038,8.9593,13.0542,2.3916,4.77,1.2263,6.5953,1.1773,0.673,14.621,4.3957,15.9108,1.8722,23.1332,3.3228,0.1219,0.0454,13.0655,24.4043,4.2847,2.7079,9.867
TCGA-P5-A730,0.4206,10.0055,11.3928,6.7162,65.863,0.927,2.1118,1.1728,4.5432,1.203,3.7387,3.3474,1.862,20.4747,3.9979,1.684,6.5616,2.0432,6.3925,0.0676,2.2286,3.132,15.9869,17.2426,2.9353,2.2285,1.6776,3.3916,5.0055,2.7336,23.6364,12.6262,4.1223,2.0067,2.5328,9.741,0.0578,30.0061,2.6802,27.1963,0.6465,12.3586,3.8719,0.0756,16.2503,3.7146,0.4048,4.2612,13.5228,5.45,5.4167,5.2029,13.3091,1.8408,1.0175,0.6182,8.3229,2.1404,7.745,5.7688,2.9507,13.1864,2.368,5.8755,2.6826,5.6646,10.8837,0.9065,10.7362,1.751,4.482,2.1436,1.6802,6.431,1.9685,2.5543,3.1961,33.5012,5.2919,5.2533,8.7738,7.8423,3.6231,0.8696,6.5807,0.6129,1.116,13.8444,3.7351,7.0322,1.4782,14.5368,3.1253,0.0108,0.0767,6.4245,7.7698,2.283,2.4582,7.0517
TCGA-FG-8191,0.621,13.884,15.3155,5.0072,82.5734,1.0825,2.4577,3.0706,2.0256,0.4206,5.8051,5.4509,3.896,14.8877,5.2845,2.1189,11.067,5.0399,9.599,0.1575,3.5468,5.7759,13.1086,17.991,3.3006,6.4203,5.5892,4.2257,10.2469,1.4316,14.911,17.371,4.0757,4.2073,4.2394,5.9853,0.2504,26.4523,3.5633,53.647,4.0311,11.1739,4.6106,0.5462,16.0681,4.8601,0.1398,2.6503,21.7974,9.7583,6.1094,7.1588,7.5945,1.7905,1.7759,0.4894,9.9187,3.1743,6.0293,6.3213,4.3795,12.293,2.1412,4.8951,2.8474,6.5262,12.3585,0.8388,14.4411,2.1345,4.1004,1.4373,1.6897,10.4487,3.1204,0.7345,4.0998,34.4461,5.4843,5.9477,15.6389,14.8596,4.5872,0.3914,8.1159,1.5687,0.4387,10.6519,3.4485,21.5712,2.0221,17.558,4.0194,0.2571,0.3248,24.3893,31.1261,5.0725,2.6237,6.5775
TCGA-S9-A7J3,0.6957,11.1811,14.9213,9.6885,77.3232,1.4551,3.5361,1.5367,2.8603,0.7407,6.3263,5.0737,3.6194,14.5828,4.6735,2.3193,7.6825,3.4329,6.8965,0.7011,4.2809,3.326,8.6499,7.7413,5.7597,2.7955,3.4451,3.3276,4.3045,3.3848,22.8858,17.3366,4.1946,2.0619,2.2572,5.9864,0.1525,18.7496,3.711,82.7605,1.561,13.4886,3.3759,0.0866,14.314,5.1067,0.6111,4.9394,14.8066,4.4019,5.204,4.4901,11.1692,2.3324,1.5801,0.3408,6.9004,2.7209,7.6421,5.031,4.9779,14.1278,3.4889,10.6626,3.844,6.8727,12.8136,1.106,9.4106,2.3517,3.8589,5.2256,2.1645,8.9723,3.5619,1.3085,6.7884,32.4169,6.583,9.9056,9.8014,14.1151,3.1763,0.85,6.4202,2.3072,2.0247,13.7652,4.1445,14.4646,2.801,16.2337,3.5534,0.4659,1.546,14.8243,19.017,2.7371,3.7387,7.2284
TCGA-P5-A5F1,0.1512,7.2609,6.9833,4.8728,83.4359,0.5558,1.9052,1.8072,1.3649,1.2352,3.4516,5.7074,2.3223,23.3561,1.7266,1.9506,9.3014,5.1547,8.9859,0.0603,1.5455,2.8891,10.0591,19.419,2.3645,3.2912,2.1621,1.7796,3.2931,1.7398,11.8626,4.0211,3.4102,1.6643,2.8638,5.8176,0.1938,21.1511,2.6375,41.9965,4.6726,8.552,2.6656,0.8066,7.3956,2.6834,0.1258,2.1868,15.8975,2.1903,4.3128,6.6275,5.3806,1.3987,0.9757,0.6149,5.4429,0.2157,6.4155,6.612,2.023,12.4713,0.9186,3.2973,0.9135,2.5118,9.3775,1.0324,7.0189,0.5362,2.9621,0.6699,0.9779,6.1554,0.5173,0.4876,2.354,13.359,3.0968,3.2673,7.4915,4.3498,3.8208,0.2376,6.4199,3.6486,0.4215,11.1147,3.1298,11.1339,1.1071,7.1668,2.7222,0.1418,0.178,24.4757,24.4834,3.0391,1.7875,2.8914
TCGA-HW-A5KL,0.5894,9.7778,13.7927,8.1707,91.8055,1.305,3.5392,3.3698,2.2514,1.4795,4.1638,9.3194,2.3278,28.8143,3.467,2.0138,7.1584,5.1384,7.9104,0.2239,4.9513,3.4794,12.2244,19.4272,4.1998,3.0622,2.6905,3.1494,3.5707,2.9814,24.2534,10.7098,4.8675,1.9033,2.8258,6.3231,0.2418,16.7093,3.6205,106.2651,4.3783,10.907,4.224,0.4648,22.3095,5.0439,0.2681,3.084,21.0507,5.3107,5.5225,8.4173,15.3075,1.327,1.3443,0.487,5.9504,2.9997,7.5285,5.6202,3.7005,16.2787,2.8855,16.0925,2.7171,10.8268,13.2086,0.9846,9.3695,5.6755,3.6473,2.0298,2.1683,7.6836,2.8688,0.8174,5.6283,38.4736,6.8132,8.6311,9.9311,17.5558,3.6429,0.6989,6.4926,2.2836,1.003,15.7013,3.2934,10.7355,3.816,16.9753,3.0365,0.1172,0.1393,7.8241,34.7926,3.9576,2.9962,7.5004
TCGA-S9-A6WH,0.4233,8.8561,9.9832,6.748,40.8571,1.0917,3.4651,1.1932,2.1841,1.1381,3.5854,3.8806,3.2389,14.6809,2.5902,1.8417,6.9973,1.1762,5.9174,0.1777,2.2415,3.1724,5.8153,10.7928,4.3371,2.1472,2.0293,2.4473,2.9738,3.868,18.2391,14.5135,4.1488,2.6113,2.1167,8.9579,0.0519,16.209,3.2565,26.6152,1.2781,13.9592,4.0484,0.1299,19.235,4.4573,0.7388,4.047,10.5182,2.4387,3.9109,4.0224,10.6703,2.252,0.8883,0.8439,7.1318,2.4119,9.7519,5.052,4.7926,8.8941,1.7478,16.88,3.6816,7.8124,9.8039,0.6542,9.7239,2.4522,4.0441,5.5341,1.7708,9.242,1.2773,0.3984,1.7696,22.2756,6.9178,6.0923,7.3494,5.9953,3.7017,0.7229,5.9146,1.939,2.1547,10.325,4.4168,8.6102,2.2274,13.2294,3.5782,0.2358,1.3275,6.9936,2.6625,2.3083,2.967,8.4043
TCGA-S9-A6TV,0.1166,9.6371,8.0418,8.4372,39.5088,0.8273,1.5681,1.805,1.4473,0.7238,3.0336,5.2279,1.4047,12.1066,2.2236,2.0761,8.5449,4.3389,5.2469,0.3344,2.9985,3.329,4.235,9.2791,2.4058,1.5731,2.0566,5.0578,3.955,1.6158,10.5377,4.4003,4.1991,3.597,0.2923,2.8921,0.18,16.9177,3.0753,16.3361,1.8094,11.8736,3.5989,0.0244,16.4961,4.817,0.2495,0.9373,9.7097,3.772,4.9473,7.3642,7.0018,1.0963,2.6098,0.6678,5.7656,4.3149,7.3451,4.0118,4.5995,9.8079,1.791,4.4043,0.4814,2.9822,8.5438,0.7992,3.4973,1.8986,1.3888,0.5109,1.4903,6.563,2.1778,0.1503,1.9577,4.4709,4.5019,3.4059,9.3555,6.5717,2.9893,0.3722,8.1895,4.0968,3.1471,8.951,3.7068,8.32,2.3046,9.768,2.2154,0.08,0.1687,6.2699,8.4838,5.0988,1.3091,3.49
TCGA-S9-A6WP,0.347,8.2096,9.9966,7.6546,55.0483,1.0682,2.5289,1.1262,2.8987,1.2036,5.3187,4.5222,2.2426,16.2603,3.6294,1.8122,7.535,2.5419,6.4059,0.2558,3.3281,2.881,6.1057,6.9,3.3699,2.0196,1.3264,2.7602,3.5247,2.5223,22.7159,12.4586,3.7905,2.0574,1.7098,4.6929,0.2446,16.5936,2.9539,32.1896,1.1994,11.5399,3.8361,0.074,17.9678,2.27,0.6675,2.1022,12.5135,4.5902,3.9931,4.6101,10.552,1.7292,1.0489,0.8504,6.0667,2.7049,7.2874,5.9287,4.1612,9.4671,1.9783,10.5276,3.2035,8.007,10.4831,1.9407,7.6847,3.022,2.9009,3.9659,1.8435,7.7567,1.6537,1.133,4.6612,25.3539,6.0723,6.8289,6.7776,10.296,3.1012,1.0579,7.0593,1.3275,1.396,12.4513,3.1999,5.9802,1.8823,12.6506,2.629,0.0856,0.6258,7.4294,6.2704,1.8769,2.6415,5.4198
TCGA-WY-A85D,0.208,8.4053,7.2413,6.699,78.2597,0.6006,2.4845,2.3856,2.0601,0.7934,5.2137,6.5523,1.6659,21.6767,2.3752,1.8317,4.1638,7.4841,8.4678,0.2408,2.3323,2.4991,9.1067,13.6223,3.6751,3.5915,0.9063,2.2211,3.0889,2.3746,16.8961,3.7639,3.5706,2.1086,3.7951,4.2818,0.1522,16.1741,2.6564,32.2521,4.7343,10.5267,1.9406,0.824,14.3849,3.67,0.1508,1.6974,16.5608,3.4363,4.8959,7.176,7.0356,0.765,1.0248,0.6196,6.1453,1.055,6.6397,4.5852,2.5767,11.1435,1.287,6.7048,1.1911,4.6909,9.6781,0.6394,7.8861,0.6988,1.7887,1.2006,1.4035,6.5824,0.7496,0.4621,1.5996,16.9062,3.9489,3.4874,6.5411,10.8786,2.7954,0.4996,6.8087,2.4773,0.7075,11.8984,2.5939,11.1312,1.5566,8.8214,2.3879,0.2826,0.2956,13.2411,27.9724,3.5703,1.7056,4.0227
TCGA-DB-A64O,0.1149,8.3811,8.207,6.3832,50.5624,0.6247,2.1031,1.5821,1.3445,0.6062,3.8498,5.3908,2.6278,15.6794,3.0058,2.6745,2.8421,3.5981,8.2392,0.0311,2.1591,2.7166,6.9862,33.081,1.631,3.4213,3.1717,3.4775,5.1846,0.6535,20.4389,11.7358,3.7252,1.4139,2.1086,4.583,0.2669,19.56,3.7135,30.9917,3.5119,10.8719,3.0861,0.4945,6.4008,5.0185,0.2555,2.1524,10.4573,3.8992,5.103,7.0444,7.8643,0.8415,1.751,0.4935,6.6152,1.4989,3.4087,3.5578,1.5428,9.1469,0.8277,2.6161,1.7237,2.4374,15.2077,1.3856,8.0724,2.1942,2.8469,2.4822,1.6807,6.7939,1.777,10.1115,3.8291,15.4279,3.8891,3.8762,7.9115,9.9119,3.8085,0.2958,6.2822,2.6048,0.5026,11.3443,2.3591,6.6104,1.5942,8.6647,4.0591,0.4693,1.4753,35.2626,15.9435,3.3164,3.8034,4.0134
TCGA-HT-8114,0.7005,10.6273,15.8447,7.406,94.489,0.9993,3.4073,2.473,2.4841,1.3453,4.0753,6.1349,2.6895,20.1249,2.4897,2.2089,9.942,3.3231,7.739,0.2065,4.0824,3.743,14.0921,25.3188,3.4259,2.9282,3.1589,4.7025,3.4015,3.1029,20.1682,9.9276,4.7536,1.9106,4.3185,5.9877,0.451,21.6626,4.337,60.6815,5.1283,12.4263,4.8728,0.276,19.9365,4.325,0.4175,4.5663,22.8261,4.5778,5.3823,6.4394,11.3475,1.3883,1.7214,0.6772,6.9543,2.0264,11.4517,5.2669,3.0174,19.1182,1.9917,7.6043,3.0573,7.6148,13.9424,0.9603,12.7872,1.5395,4.0105,3.1645,1.8364,7.5236,3.2814,0.5911,2.4942,25.2863,4.7327,7.5596,10.4751,9.4765,3.8509,0.6519,7.2557,4.0747,1.2882,14.3844,3.6695,19.9008,3.1858,15.0348,3.0158,0.2266,0.2866,20.1163,41.7911,4.9451,2.9643,7.5027
TCGA-HW-A5KM,0.9426,10.9361,14.1452,6.3656,75.3314,1.2168,3.3909,1.9941,3.2849,1.7046,4.5176,7.4654,2.5753,11.0222,2.8364,2.1042,8.3564,4.5752,9.7299,0.2111,4.2702,2.7023,11.155,25.8163,3.7857,4.4902,1.2215,6.0169,3.9066,2.1399,21.7644,8.8842,5.6109,1.7065,2.704,2.4123,0.1739,14.9223,3.1619,48.1035,3.4755,8.5594,4.6601,0.1902,15.1965,4.3877,0.4242,1.8892,19.739,3.384,5.8971,6.6441,10.9576,1.3102,2.0964,0.4136,7.185,1.8332,5.5901,6.2118,3.7115,17.5962,2.2776,8.0671,1.8439,9.3405,16.1212,0.813,12.4038,3.2976,4.4726,0.7602,1.5252,8.8189,2.1417,0.8625,1.7418,42.7269,4.7804,6.0487,14.6024,3.7349,4.4106,0.3784,7.0268,4.0488,1.0253,13.7715,3.943,8.5911,2.0966,13.9935,2.7798,0.1615,0.1086,8.8096,31.0773,4.2015,2.2662,8.6395
TCGA-HT-A614,0.1936,7.7866,10.172,8.0865,79.8118,1.1588,2.3436,2.2681,2.3167,1.0723,4.7287,7.0539,2.1402,20.4883,4.1343,1.8186,7.0024,5.1799,8.9417,0.3992,3.3714,2.4649,8.328,21.7021,2.7403,3.0312,1.4219,2.4131,5.2688,2.5314,15.6504,4.2959,4.4414,1.7785,1.6635,5.261,0.1746,20.8745,2.9559,35.5831,5.2082,10.3257,4.1529,0.5978,24.2256,3.6519,0.1627,3.1862,10.3503,4.5813,4.7954,8.2938,9.8243,1.1003,1.0024,0.709,5.4198,2.191,6.6232,5.6142,3.1478,10.0697,1.5345,8.3715,1.7921,4.4609,7.1218,0.321,9.3034,2.2811,1.9392,1.8856,1.6468,7.0404,1.0628,1.1953,3.878,18.9137,6.292,4.8659,6.0508,16.0611,3.124,0.3554,6.4054,3.3978,0.9909,14.2344,2.182,8.4785,1.4585,6.3879,3.1374,0.3107,0.3242,8.9128,26.1122,3.4825,2.96,4.4697
TCGA-DU-6393,1.7636,11.3264,14.7313,8.3227,52.9982,1.4636,3.7093,0.9506,3.2079,0.8539,4.988,4.2008,3.5208,26.0107,3.708,2.0574,8.6756,1.6818,5.733,0.1948,4.4518,5.3964,10.4197,24.4255,6.0318,2.5756,3.1021,2.9488,4.187,3.7989,27.7193,15.6735,4.9934,2.0828,2.9787,23.025,0.1056,16.2057,3.8749,33.9208,0.8735,14.0251,3.2101,0.2988,24.9835,4.2757,0.5072,4.9256,23.77,4.1357,5.294,5.3647,14.3991,2.6861,1.2873,0.7609,9.6971,2.8323,10.1158,7.5364,4.7164,12.3244,3.4449,14.8564,5.3314,7.1175,12.3449,4.3859,11.4827,6.1252,4.0275,9.3538,2.087,10.5414,3.6851,2.0874,3.2128,17.5032,6.751,18.3352,8.9796,11.6583,3.3052,0.8643,6.0739,5.06,2.9351,16.3697,3.4958,8.5119,4.3176,20.8487,2.5636,0.1078,2.4012,8.3456,4.6599,2.3447,3.2798,12.896
TCGA-FG-7641,1.3091,10.8216,15.765,9.6583,67.3813,1.2011,3.2594,1.3656,2.6335,1.4552,4.2537,4.1312,5.6521,14.1061,4.616,5.0351,7.244,3.5111,7.2276,0.3007,3.7012,4.8899,9.1848,9.8077,4.3622,2.9776,3.2972,3.6564,6.2027,2.9403,18.6459,15.3432,4.3672,1.4672,3.2509,7.3935,0.1865,22.7192,4.3873,48.477,1.2251,13.9836,4.2552,0.4116,15.7465,4.4392,0.6827,6.6465,21.5133,5.2721,4.3753,5.1019,13.9379,2.1147,1.2715,0.6507,9.3059,3.9092,9.0678,4.9891,4.2354,15.6007,2.3284,7.8459,6.2523,5.7828,11.043,1.1054,10.937,3.0591,4.5945,9.068,3.2325,9.1939,3.9011,5.8596,6.387,35.0603,6.1402,11.1284,8.7589,20.6114,4.1455,1.0175,7.1733,3.3198,2.3069,14.9996,3.4782,12.0328,2.0771,15.4788,5.4252,1.5628,1.3936,15.9124,27.6447,2.7537,5.411,7.5755
TCGA-WY-A85E,0.2222,7.6052,11.5293,6.3566,66.6027,1.2648,3.5074,2.7224,2.6737,1.0633,4.449,7.3658,4.9054,21.5893,2.3383,2.6155,8.8451,3.7797,6.3254,0.3954,3.4525,2.4624,9.2622,13.32,3.4767,3.5542,1.4278,2.5345,3.1818,2.1895,23.7742,14.4454,4.3867,1.6497,1.8628,5.4259,0.0589,14.1508,3.4146,75.195,2.9723,13.232,3.8357,1.9269,34.1667,3.7115,0.2945,4.2141,26.9836,3.8618,4.0257,9.5868,14.3841,1.0747,0.9806,0.4604,6.1368,4.3148,9.5341,5.2094,3.953,8.3433,2.4727,12.0073,3.7149,8.6641,12.0872,1.6814,5.5212,3.7702,3.2274,8.8769,2.5779,8.9965,2.5247,1.7468,2.1898,20.6265,8.0014,5.556,9.3042,12.5315,3.2939,0.7803,7.4678,2.3712,1.6983,16.9417,2.3039,7.3821,3.2753,13.2283,3.2399,0.3045,0.5664,11.2541,17.8478,2.3897,4.1308,3.4406
TCGA-VV-A86M,0.6924,10.8286,13.0107,5.7738,58.5477,1.6138,3.0328,3.1833,4.1554,1.9625,5.0408,7.0985,3.5027,22.4681,2.8659,1.7611,8.9101,3.1351,8.2807,0.256,4.5097,4.5745,12.2006,26.0232,3.2086,3.5318,1.1831,2.6907,4.9602,3.856,18.1707,11.0394,6.0616,2.6045,3.6668,5.5464,0.1391,20.7419,3.0543,25.9983,5.5633,13.1992,4.7309,3.6406,30.8602,6.1676,0.3329,2.2483,26.4939,4.0747,6.3665,9.703,18.4734,1.5753,1.5465,0.6287,6.6063,2.3358,6.7832,8.0972,3.817,8.6802,2.9586,12.8723,1.3136,15.3072,14.7648,0.4702,11.228,3.7623,5.5795,2.2011,2.6624,10.232,2.496,1.0226,0.9252,59.8326,7.0479,6.3882,9.9751,0.9396,4.7646,1.3967,7.4047,1.8495,0.6615,13.7708,3.6141,7.4287,3.1587,21.3419,3.3712,0.0939,0.065,7.7822,9.0791,3.3386,3.3779,5.6201
TCGA-RY-A843,0.3612,8.9658,12.3921,10.0952,79.417,1.0319,2.002,2.2667,2.241,0.8351,4.8485,6.5582,4.8256,15.8987,3.0489,3.2318,9.2892,4.5942,8.0537,0.2478,4.9083,3.9741,11.0957,15.0563,3.1171,4.0496,8.5595,3.4298,4.9426,1.8499,20.6671,12.3934,3.3356,1.9206,2.1086,5.9429,0.2399,17.4197,3.7651,47.5863,3.0415,11.2436,4.2964,0.285,17.2288,4.2015,0.4027,3.7769,19.0537,5.3204,4.3847,5.9988,8.1729,1.2616,1.5373,0.4748,7.5864,2.3954,9.2393,5.0206,2.8365,14.451,2.0982,5.35,4.0585,4.7849,10.5758,1.5718,7.0528,2.8356,2.7661,4.9552,2.3372,5.9367,2.9246,2.4899,3.4171,35.9313,5.7519,5.9403,8.6309,21.2111,3.8033,0.77,7.8627,1.7231,1.2877,11.0855,2.4945,12.1713,2.035,13.3322,3.3139,0.4896,1.4902,17.9727,17.1321,3.7337,4.4338,5.3409
TCGA-P5-A731,0.2283,7.9758,9.0894,8.4281,63.5396,0.7299,2.8074,1.6885,1.6918,1.0811,3.6131,5.8089,3.6283,14.9712,2.3951,3.026,7.1523,4.6401,9.1741,0.1808,1.8645,3.7687,7.9983,20.0981,2.7112,3.5366,1.9915,3.5026,3.8144,1.5534,17.8067,8.286,3.9002,2.1767,3.3863,5.1968,0.2161,14.9433,3.5619,59.3707,2.3692,9.1702,2.9037,0.119,13.4425,3.7704,0.4144,3.8157,12.6855,3.6903,3.8574,6.3475,7.4804,1.2197,1.9785,0.5841,7.5724,1.1746,6.2348,3.95,2.8301,13.8831,1.3522,3.7704,2.9753,2.816,11.5685,0.9472,7.0705,5.533,2.8719,5.4611,1.7543,5.9793,1.8522,1.1768,4.3194,13.4569,3.6604,4.1355,7.8133,9.5251,3.1511,0.6092,6.8688,5.7276,1.3143,11.6626,2.5165,11.896,1.3538,9.224,3.017,0.7088,0.6351,20.8972,13.6321,3.6152,2.2383,5.2044
TCGA-VM-A8CB,0.3502,7.8926,6.4991,3.6674,37.2344,0.8833,1.9788,0.683,2.5736,1.1957,3.4231,3.6429,2.762,15.9229,2.1593,1.5702,5.913,1.5145,5.0765,0.42,1.8697,2.8087,5.2817,10.9867,3.9346,1.3983,1.8567,1.3672,1.8666,2.3065,8.9406,7.8051,2.8191,1.817,2.2838,12.6519,0.0295,11.9484,2.1421,16.032,0.603,12.9031,3.3301,0.0204,11.2481,3.0973,0.7202,2.7141,12.4899,2.1251,2.9699,3.2851,9.9009,1.7365,0.5144,0.743,6.0268,3.8565,7.5016,4.3333,3.0633,6.2496,1.3327,6.0648,2.65,9.5517,5.884,1.0822,4.9394,3.1075,4.124,2.857,1.7762,8.002,0.6371,1.3606,1.0345,24.3631,4.8539,4.6594,4.1543,1.2923,3.7647,0.5051,5.974,0.7449,1.4973,12.6525,1.8675,5.8108,2.4854,8.6163,2.4147,0.0582,0.9666,3.3339,1.0343,1.6385,2.6049,3.2677
TCGA-DB-A4XC,0.6483,9.1266,13.0122,8.004,80.6925,1.1177,2.8253,2.4916,2.0972,1.2587,4.181,6.327,5.1825,12.4491,2.6715,2.6714,11.1952,4.9644,7.8703,0.2913,4.7654,3.3279,10.9804,16.7437,4.5726,3.4781,3.289,4.2719,3.9967,2.5253,17.5198,11.0245,4.4252,2.0523,3.5661,5.326,0.2364,15.3976,3.6889,38.2294,4.2331,12.4419,4.7217,0.312,18.0823,4.5561,0.543,3.5301,25.5314,5.5943,5.8148,7.3272,10.8108,1.2467,1.3685,0.5378,7.5909,2.8938,9.2609,4.7985,3.2629,15.5983,2.0271,7.1095,3.6376,7.1879,11.0256,0.833,8.8742,1.7732,4.4253,3.613,2.3411,7.883,2.6595,1.7675,4.0602,33.156,6.3819,6.4799,9.7006,11.8803,3.7817,0.5971,6.9151,2.5394,1.2616,14.7928,3.0,16.0987,1.8195,13.9806,3.6141,0.9617,0.5644,13.8917,33.4249,3.9844,3.8566,5.6529
TCGA-P5-A5F6,0.0328,9.3226,3.8291,25.052,3.3248,1.7716,1.9115,2.4012,4.9435,0.0752,1.6134,4.7403,6.0597,2.7228,1.7428,1.8236,10.9385,1.0765,5.8502,0.0317,1.2918,2.1501,9.1762,45.3824,1.3694,1.3656,2.9566,8.7539,7.8128,0.7246,34.6668,11.0379,2.7962,3.0186,0.0807,1.8412,0.0644,13.1235,9.4074,5.042,2.0848,4.2993,4.8469,0.0,0.0119,9.972,1.4141,1.6499,10.3999,2.3974,2.5914,10.1101,0.5065,2.7602,2.1526,0.1027,9.0457,0.0,24.9177,1.4732,2.2064,3.907,1.7225,0.5998,2.2753,0.1146,33.4046,5.7922,2.9408,1.7311,3.6509,3.78,1.353,9.9897,8.2191,0.0288,1.3851,0.8682,3.2671,4.3147,17.8452,0.0138,1.9981,0.1515,7.172,0.4795,0.3421,6.4614,4.0848,0.167,1.5028,17.0316,3.3111,0.0,2.6998,6.0394,0.7234,3.7445,0.8363,2.5284
TCGA-TQ-A7RK,0.3614,9.6789,9.2188,9.1605,65.2439,1.2637,2.5424,3.1432,3.0139,1.7092,4.5204,7.6506,2.0834,16.4702,3.1155,1.5378,5.5165,3.1142,6.604,0.4653,3.7795,2.9459,8.6546,19.4023,3.4476,3.8339,1.1113,2.0462,3.978,2.3963,20.84,7.2876,4.7415,1.9003,1.5046,5.1765,0.2106,16.2133,2.9946,31.7131,3.4589,9.3563,4.5487,1.4837,16.1393,4.1507,0.1692,2.2485,13.9497,3.2261,5.263,8.4717,11.9538,1.1769,1.241,0.4675,6.0874,2.1199,7.1975,5.2575,3.1019,13.1724,2.1945,13.7862,1.5114,7.4576,12.829,0.7096,8.4073,2.2122,2.7676,0.7775,1.7988,6.9549,1.9515,1.4443,2.9549,24.9884,6.1488,6.1989,7.0775,7.2094,2.942,0.4875,5.6204,2.1761,0.7534,11.4892,3.0276,7.4683,2.4161,13.0648,2.6154,0.1284,0.0721,4.1305,20.2414,3.6277,2.1485,6.1786
TCGA-DB-5278,0.1825,7.1734,10.1239,7.3155,64.2402,0.8011,1.7116,0.8898,2.3931,1.1479,3.9837,4.2535,3.298,16.619,3.5415,2.9861,6.944,3.6222,8.3305,0.2443,3.1016,3.276,7.9312,12.0945,3.258,2.2209,0.8936,2.8623,4.1398,2.1699,23.8712,12.2022,3.2342,1.8274,1.329,3.8912,0.3912,15.782,3.5298,39.686,1.5461,11.4819,3.4564,0.3898,16.8178,3.0548,0.6346,4.9995,13.5432,3.6811,2.9842,4.3781,10.66,1.4974,1.0696,0.4765,7.8203,1.6772,7.5695,3.4253,3.6589,14.9024,1.4202,8.1967,3.3829,6.85,9.9329,0.8074,10.5627,2.8819,2.7494,5.6417,1.6567,8.0978,1.8417,3.3183,4.2205,23.6733,4.1912,4.8215,6.9711,13.0268,3.367,0.5665,6.9151,2.1955,1.2909,12.4519,2.7791,9.078,1.6109,12.7497,3.0316,0.7167,0.7538,8.6406,27.665,2.1484,3.4211,6.6491
TCGA-HT-A4DV,0.086,6.2281,6.5392,6.1077,65.4454,0.7786,1.443,1.359,1.3978,0.869,6.3151,3.6628,3.3835,9.3175,4.7593,2.3127,5.8102,2.9715,5.3687,0.0723,2.0341,3.0093,5.4586,6.4305,2.3826,2.1923,1.2742,1.8917,5.6994,1.5233,10.9106,7.5629,2.6358,1.679,1.4518,3.7221,0.1978,32.6915,2.4581,37.598,1.5917,8.4953,2.4283,0.2368,10.8019,2.7244,0.3001,3.6662,9.8028,3.3191,3.0594,3.9166,6.2243,1.3532,0.6194,0.9001,5.3203,1.4291,6.0684,3.1887,2.4751,6.9939,0.9552,4.4347,2.1293,2.7691,6.1987,0.6533,7.2489,2.8375,2.7674,3.7235,1.5843,6.1861,0.6613,2.4741,8.8522,18.8775,3.9033,3.6673,5.3479,16.1261,3.285,0.4564,5.1742,1.1684,0.7741,8.75,2.4645,5.8965,1.1608,6.9699,2.9362,0.4559,0.7513,7.282,12.1267,3.0444,2.5378,3.5072
TCGA-FG-A711,0.1662,6.5939,8.2081,6.1758,60.8623,0.8952,2.389,1.9318,1.7949,1.4641,4.9483,8.3023,4.3759,13.3475,2.1178,2.8853,7.1822,5.064,8.6033,0.1178,2.4405,2.6474,8.4502,10.529,2.9399,3.2674,1.6534,2.9172,3.8419,2.031,18.2191,6.5324,3.4712,1.8156,1.4347,4.0714,0.1176,17.3517,3.1756,48.6553,4.3359,9.3253,3.516,0.3958,18.5676,3.0033,0.3091,2.471,17.613,2.643,3.514,6.0742,8.4695,0.8154,0.9369,0.5551,6.1447,2.1363,6.2597,3.5995,2.7139,10.6255,1.1614,4.3011,3.1509,5.3817,8.8798,0.2583,5.8083,1.4529,2.7135,4.0987,1.7488,5.8936,1.0958,2.0113,2.7025,30.2798,4.3434,4.5859,5.5296,11.2426,3.2219,0.5207,8.1394,1.9688,0.7295,10.9632,2.6158,9.79,1.0956,8.9655,2.8925,0.9624,0.3567,15.9685,32.012,3.1384,3.5202,4.0745
TCGA-DU-A76L,0.167,12.8916,9.7906,11.0726,44.8322,0.8638,2.7257,1.9044,2.5125,0.154,3.9056,4.6784,1.1144,9.0031,3.8361,3.0775,6.2488,1.6864,7.7981,0.3242,2.8974,4.5411,5.922,8.7882,1.8186,3.2204,1.584,5.5634,6.8475,1.0062,15.0218,10.1467,4.9082,2.7988,1.4035,6.7834,0.3595,14.2197,3.4017,19.4331,1.0357,15.1082,5.0338,0.0688,13.4189,4.9775,0.7719,3.0247,8.6479,7.0278,5.8514,9.6091,10.0802,0.8514,5.8658,0.4949,7.6086,1.0108,4.9063,3.4625,3.3313,7.7369,1.5812,4.0821,2.4013,1.8361,18.5766,1.1821,6.8754,26.7072,2.4141,0.5006,1.508,6.9113,2.5534,0.3296,5.9669,6.5445,5.0047,6.2475,10.2836,10.3374,4.2198,1.0923,8.3829,1.8098,3.7969,13.2765,3.1093,6.729,1.6933,15.5928,1.9273,0.006,0.9598,12.5973,3.9217,3.9286,1.7567,5.6099
TCGA-TM-A84F,0.3058,7.3966,7.5372,8.5338,65.9937,0.887,2.0055,1.9342,2.2041,0.5428,3.736,6.3286,2.3735,18.9628,2.775,2.6595,7.6154,6.575,7.3051,0.2322,2.4901,2.8967,6.7607,16.7551,3.0209,2.8238,1.4305,3.3322,2.9699,1.5572,19.7512,7.5989,3.7148,1.4395,1.7913,4.0495,0.144,16.1586,2.9488,46.8682,3.0213,8.8045,2.818,0.1399,14.3303,3.534,0.419,2.5767,14.7281,3.1841,4.4374,6.7923,8.221,1.0194,1.3639,0.5547,5.3769,1.6284,6.3697,3.8474,2.6694,12.3836,1.3114,5.2822,1.8265,4.945,9.5806,0.7444,6.2457,1.2303,2.5428,2.5961,1.7003,6.1797,1.26,1.3168,4.7876,8.8634,4.6399,5.0037,7.5682,8.4318,3.3097,0.3353,6.3436,4.1892,0.8313,10.4596,3.2614,10.647,1.4687,7.7922,2.4169,0.3518,0.247,9.8749,30.1875,3.633,2.1862,4.2871
TCGA-DB-A4XF,0.6047,9.8795,14.034,7.5906,55.2852,0.6782,1.9022,2.0809,2.9788,1.643,2.8005,5.4914,4.9229,16.6322,2.4407,2.9202,8.8586,2.4468,7.5428,0.1811,2.9159,4.5441,13.3272,14.8975,2.7525,3.7268,3.3357,3.8329,3.7694,2.459,21.6049,13.8093,4.7484,1.9084,1.2012,7.0809,0.1,21.5589,3.5608,43.1527,2.8251,9.0998,5.7633,0.9875,22.8916,4.4684,0.3177,3.4383,27.0796,5.5948,5.3041,6.6551,13.146,1.0231,1.4647,0.6794,7.7309,3.8684,8.2276,7.2088,3.4162,16.459,1.8789,9.6379,3.5779,9.6778,12.8956,0.6982,10.0424,3.2002,4.9789,5.1454,2.6218,7.9618,3.1818,1.5338,2.5163,40.9022,5.0261,9.8741,11.3354,6.7912,3.9963,0.6142,7.1839,2.1686,0.7038,15.2037,3.4113,13.9612,2.5567,17.431,3.9631,0.4234,0.496,13.6642,61.2661,3.7887,3.3742,6.9175
TCGA-DB-A64P,0.191,10.297,10.8624,6.2498,69.5521,0.9256,1.9432,1.1233,2.6108,1.3317,3.757,3.5795,2.329,22.8158,3.5448,1.7949,8.1231,2.6697,6.9143,0.1923,2.6375,2.7083,10.1929,15.7159,2.6339,2.1892,2.1583,2.7554,3.8517,2.0342,22.7709,11.7302,3.8826,2.002,2.2762,5.7386,0.1134,20.4349,3.1349,26.2401,1.3171,11.0184,4.4072,0.0295,14.4139,3.3142,0.3395,2.5917,13.8732,4.0956,4.1749,5.2001,12.1269,1.562,1.0826,0.8051,7.6218,1.6839,8.3094,5.8956,3.7306,11.2989,1.7767,7.6654,3.7871,6.6919,10.8475,1.0119,7.3303,4.7791,3.0469,3.3153,2.0134,7.7132,1.9108,2.3609,5.2319,23.8478,5.7241,8.1829,6.462,10.658,3.2354,1.0021,7.4223,1.519,1.3962,13.8678,3.6341,7.6951,1.5803,12.4242,2.5946,0.0609,0.5477,6.3719,17.2124,1.9024,2.8037,6.0461
TCGA-DU-6402,0.0988,10.7459,8.5462,13.6195,31.6204,0.5126,1.1692,0.7854,1.538,0.3244,2.5339,3.8088,0.4634,5.0223,2.0253,2.3854,4.0157,1.5634,8.5937,0.0149,1.7611,4.3276,4.486,7.8698,2.48,2.6563,1.4706,9.8427,3.6984,0.6113,17.5028,5.2851,2.8225,2.2093,1.2623,2.5185,0.9923,14.1395,2.5642,17.3278,2.216,10.2186,3.103,0.1515,5.3064,4.1265,0.6635,1.1302,9.4396,5.5421,3.3072,5.2522,3.3587,0.4527,7.3484,0.3717,5.5517,0.2563,4.8104,2.2549,3.5322,9.9796,0.8437,2.1659,0.3247,1.3748,13.9558,0.2718,5.1747,13.7789,1.2448,0.051,0.5078,5.8242,2.8141,8.4772,1.3672,3.8604,2.7388,4.0185,7.3651,2.4492,2.3158,0.4174,8.7924,1.3489,6.2173,4.2948,4.3401,7.5894,0.8783,9.3909,1.3458,0.0238,1.0956,20.2031,4.3722,3.9211,1.0589,5.2285
TCGA-P5-A5EU,0.2887,11.8561,11.554,6.6383,38.0656,1.2085,2.0205,1.748,1.9631,0.7047,3.1191,6.6249,1.4856,13.7157,3.8042,2.6252,8.3538,2.6186,10.4655,0.2781,4.8088,4.5938,5.6528,15.7469,3.1836,2.6399,1.0515,5.8337,3.9705,0.9265,12.6301,9.9623,6.0849,2.2725,1.3206,6.8268,0.1745,21.7044,3.018,23.6346,3.1763,8.1644,3.7217,0.0676,19.1288,6.6021,0.238,2.8042,17.5822,3.34,5.2788,9.5014,12.3277,1.1389,3.5753,0.3094,7.5239,5.127,6.2097,4.6905,3.3116,12.3575,1.9197,11.0109,0.3171,4.2092,16.8402,1.2431,7.7741,7.9602,2.7388,2.2087,1.5827,7.0028,2.2511,1.2694,4.3894,6.2338,4.4323,5.2855,10.7674,4.0703,3.3164,0.432,8.8023,1.6405,1.2969,9.0408,4.7556,11.0589,4.1851,14.9181,1.8922,0.0049,0.337,7.3154,12.1552,3.9448,2.0597,3.7837
TCGA-DB-5281,0.7759,14.7506,17.1931,13.3515,76.7333,1.1362,2.7716,2.4776,3.8032,1.7855,3.8326,5.7678,4.1634,14.9812,3.1883,5.1317,8.1634,3.4881,8.4935,0.4182,4.0128,5.0996,11.1191,23.5634,3.6942,3.6659,1.4503,4.19,4.8811,2.9125,23.6472,12.5801,4.9629,1.6275,2.6471,6.5861,0.0976,15.3703,6.1855,40.7905,3.2115,14.4921,4.8658,0.4539,20.5263,5.3153,0.8084,4.4526,20.686,6.9781,6.019,5.9722,14.1584,1.6253,1.7095,0.4953,9.3766,1.6292,10.2934,7.4772,4.2753,13.1271,1.7325,9.7548,4.0444,8.5018,12.8572,0.8058,7.3513,1.7737,3.046,6.6302,2.5529,8.2263,4.0824,2.5049,5.108,40.3691,4.2471,5.9203,11.0977,8.5776,4.5099,1.4068,8.3243,1.9866,1.4703,11.5853,3.2278,9.6622,2.52,15.5724,3.5232,1.1144,0.8407,6.4116,31.7469,5.0049,3.702,8.0552
TCGA-QH-A6X9,0.5921,10.0018,13.5233,8.9378,76.6839,1.3745,5.0636,2.9973,2.5302,1.676,3.7597,6.6016,4.862,21.6443,2.9405,2.6216,8.0823,3.1087,8.0552,0.415,3.8365,3.2479,12.1446,14.9567,4.1903,4.6523,3.0807,4.1486,4.4258,1.5986,16.3303,14.1192,5.4842,1.9149,2.7479,9.8092,0.0808,15.5551,3.8932,71.1978,2.9737,11.5746,5.1494,1.6346,22.4731,4.2465,0.2926,3.9805,21.8074,5.1193,5.4783,9.0241,16.9421,0.8747,0.9759,0.7781,8.0407,4.1745,8.4213,5.6,3.6011,12.2811,2.4413,15.617,6.3256,8.3327,14.3032,1.0933,9.1339,4.5609,3.624,4.6981,2.5867,8.6461,3.7456,1.057,2.0892,28.7841,7.5066,10.9699,9.2116,14.2794,3.874,0.7927,7.1822,3.9554,1.4974,16.6724,2.7149,10.7093,2.1262,18.2277,3.3503,0.3969,0.6677,11.6485,20.4922,2.9757,3.1333,7.2855
TCGA-DU-7019,0.5702,12.7484,15.6998,7.6612,105.3033,1.0974,1.9359,2.195,2.8536,0.9843,4.2529,6.1346,3.246,11.7037,3.966,3.0231,9.4602,4.0225,8.6881,0.3338,3.128,4.0429,11.5411,32.7188,3.4876,3.3312,2.0098,4.0038,5.6256,2.5218,20.3869,12.5191,5.0258,2.4115,0.272,4.5263,0.2098,20.595,4.8322,36.6056,4.1351,11.5962,4.6565,0.1766,11.753,4.5705,0.4656,3.5921,19.615,5.4349,5.453,5.5817,11.7337,1.3605,2.2695,0.5626,7.9733,1.1479,9.3653,6.7253,3.8036,15.1492,1.6275,5.9093,2.421,7.9384,16.3586,1.2123,12.054,4.2773,3.8543,2.1877,1.8058,7.6579,3.601,2.3221,3.1977,35.9244,3.9944,6.4907,11.0331,6.3181,5.2161,0.8218,9.2869,2.3172,1.4426,16.1039,4.2651,13.5441,2.7135,16.0437,3.127,0.352,0.4992,7.9524,34.9474,4.5446,2.7546,6.8418
TCGA-R8-A6MO,0.223,9.11,11.1301,5.3008,56.7947,1.2011,2.4309,1.2338,2.2741,0.3753,10.1811,4.0873,2.6354,13.4366,3.7238,1.3546,8.398,2.5804,6.414,0.2113,3.1516,2.6975,6.7006,6.252,3.664,2.6754,2.0195,2.2139,5.962,2.7294,18.251,15.9177,3.5552,2.371,1.9814,5.4102,0.1759,23.6949,2.4594,43.5889,1.6029,10.9306,3.8079,0.0707,15.6333,3.4814,0.2746,2.6586,11.9958,3.3455,4.2332,5.1303,9.5138,1.7693,0.866,0.7193,6.0768,2.4338,6.4267,4.8193,4.0293,8.1191,2.1009,6.5294,2.8091,3.7315,9.2663,0.7857,8.3922,2.4531,3.5813,3.0516,1.865,8.4711,1.4775,0.8898,6.2819,19.2823,6.6775,7.3097,6.7817,13.8645,3.454,0.5394,6.2421,1.2002,1.6843,12.0196,3.02,7.169,2.2491,10.509,2.9905,0.0372,0.8793,12.042,6.6657,2.2229,2.5236,5.1628
TCGA-CS-4942,1.1568,8.3149,12.5693,6.1105,75.8842,0.9234,2.8876,1.5914,1.967,0.568,4.8999,9.0682,2.9804,20.141,3.5327,2.2266,7.4026,3.3381,8.4496,0.226,3.7699,5.5017,11.6358,15.6154,3.6333,2.4822,1.5545,4.458,3.882,2.396,23.4297,8.851,5.0431,1.6667,1.3881,4.2261,0.1475,17.794,3.4826,62.6443,4.1266,13.177,4.0387,0.5772,18.3479,3.8018,0.5372,3.5499,20.71,3.9487,4.6385,5.071,11.7716,1.4827,1.6726,0.4216,8.1358,1.1015,6.8336,4.2053,4.0576,17.7986,1.2779,6.0196,3.2031,8.902,14.5039,1.6879,11.2205,8.4069,4.0053,1.8152,1.109,8.5945,2.5956,1.0711,4.3831,21.0747,2.9141,4.4153,9.758,14.9308,2.6784,0.7748,6.8646,3.4768,0.4385,13.9004,2.3389,15.6881,1.4778,15.3383,1.9724,0.1826,0.3464,15.8021,21.4111,4.348,2.4022,6.7544
TCGA-TM-A7CA,1.7798,9.9428,14.539,9.402,68.9006,1.4576,4.76,3.188,3.1815,2.6743,5.0735,8.8464,3.2256,29.8814,3.3242,2.7453,7.7723,4.8591,7.966,0.3541,4.4425,4.4002,11.9434,15.6357,5.5527,4.0342,1.7753,3.0953,4.4655,3.9843,26.5013,11.4127,4.501,2.0731,3.5592,7.2755,0.0861,15.0747,3.6465,74.5113,3.6138,13.054,4.3885,2.2273,20.8104,5.5041,0.2839,3.6984,25.4236,3.6755,5.3025,7.004,13.8983,1.8471,0.7978,0.5919,6.8644,3.1213,9.9931,5.8076,4.5583,13.7411,2.678,18.1373,4.7367,11.2807,12.3863,0.8063,10.7436,6.0303,3.3874,3.6945,2.4188,8.2861,3.4947,1.7307,5.4881,38.2008,6.077,6.4967,8.1496,20.1221,3.3294,0.583,6.7806,1.1125,1.3547,17.7817,3.5413,10.1751,3.0017,17.2151,3.5209,0.4638,0.3283,11.1237,21.4296,3.8901,3.3369,7.5759
TCGA-DU-5853,1.0949,10.4865,16.7765,7.0751,104.3059,1.3698,3.415,2.9406,2.6915,1.1382,4.4946,9.4558,3.1855,33.544,3.6214,2.4096,10.7905,4.7716,9.9773,0.3149,5.1149,4.0316,14.1635,32.0598,4.0186,3.7801,3.2225,4.6428,4.7987,3.524,21.0958,12.6906,5.912,1.7019,3.3404,4.8765,0.1908,16.1704,4.1536,81.4134,5.0927,12.1763,5.3233,0.7527,17.6728,4.1727,0.3112,2.9617,19.7505,5.255,6.5175,7.4935,15.0737,1.5224,1.6359,0.5264,8.571,2.1146,7.781,6.0741,4.1854,16.9351,2.7203,9.776,4.3554,8.0167,15.8811,0.904,13.9033,2.862,5.1941,3.3217,2.0965,9.019,3.2464,1.6558,4.966,36.013,6.4763,8.5395,10.1628,18.8437,4.2427,0.506,7.4938,4.0293,1.0845,18.6713,3.6633,15.965,3.2232,17.0653,3.5544,0.4968,0.4372,16.7037,44.2444,4.3001,4.1687,6.3947
TCGA-P5-A5EX,0.2553,8.2698,10.1071,6.0539,60.879,0.6355,1.3784,0.7659,1.7872,0.6145,2.747,3.3048,1.2695,14.3426,2.5871,3.3296,6.7738,2.9977,10.4437,0.0758,1.4126,4.0494,6.8773,21.0845,2.2918,2.4675,1.5961,4.1325,3.6168,0.7445,14.5458,7.4146,4.5428,3.1269,1.6684,4.4433,0.4563,27.5774,4.0011,35.8948,1.399,8.4428,2.1544,0.0015,8.0114,3.9713,0.3273,1.871,13.3831,3.5271,4.8561,5.023,4.1975,1.372,2.4681,0.7485,7.6612,0.9562,5.6513,2.9947,1.9777,11.207,0.6792,2.1333,0.8673,3.7563,12.8546,0.8616,10.6961,0.7564,3.8627,0.3471,0.7566,7.3648,1.9712,1.6188,5.4653,20.3218,3.0637,3.2576,11.892,5.4901,3.1956,0.4909,9.8154,2.6409,0.921,12.0819,2.0998,14.0109,1.2042,10.2796,2.1437,0.0637,1.1732,18.7625,8.4955,2.3629,1.678,5.2533
TCGA-S9-A7J1,0.7353,9.562,13.4259,8.9544,84.4224,1.2548,3.0327,1.8052,2.103,1.4049,5.869,4.8319,3.3818,17.3883,5.0068,2.3166,6.6379,3.8588,6.1717,0.3234,4.5435,3.6999,9.2865,11.8498,4.5921,2.4157,4.9746,2.4504,3.9525,2.6213,20.6597,13.728,3.905,1.5651,3.2915,6.5939,0.4194,19.5897,3.7331,62.1892,1.9741,14.6394,3.5014,0.0792,12.693,3.9863,0.4578,3.8154,12.7986,5.3234,4.5474,5.191,13.1691,1.5317,1.5243,0.5468,6.5281,2.0014,7.0244,4.3389,4.1621,20.9276,2.544,8.3441,3.2834,6.887,11.9416,2.2169,11.2911,3.7418,3.3665,2.5944,1.6334,7.232,3.5425,3.3192,5.2817,35.0374,6.4222,10.3087,7.9602,21.2259,2.9337,0.6488,5.2383,3.3534,1.3411,13.7465,3.3892,19.2718,1.9425,14.2902,3.0312,0.548,1.7916,13.4932,23.949,2.6932,3.2017,7.7569
TCGA-DH-5140,0.3396,10.2568,13.4662,7.1552,73.7058,1.1914,2.9026,2.0803,3.0644,1.5691,5.0917,6.5671,1.5697,31.656,2.8562,2.4498,5.8445,2.9846,9.3443,0.3267,4.213,3.2887,6.9543,12.8071,4.7514,3.4406,1.1036,4.4368,4.3386,5.4838,27.3156,9.6056,6.4904,2.375,3.0907,12.2814,0.2685,8.1439,2.8935,19.4754,4.8381,10.5433,5.6223,0.0518,23.9177,4.8006,0.3745,8.4796,16.5897,8.4791,4.9156,10.0478,8.7847,0.9971,2.2772,0.5592,8.0427,4.5255,5.0298,7.225,4.0009,9.5786,1.9814,19.7264,5.3011,6.8978,11.9708,0.9095,7.6742,19.7633,2.8022,10.6271,2.088,9.0958,2.2629,0.1991,1.7547,8.6204,6.4567,8.1617,6.1614,14.0808,3.4126,0.6567,7.8637,5.0343,4.6321,17.9943,2.1071,17.4368,3.2791,10.607,1.7015,0.1433,0.9822,22.9492,3.57,3.7644,4.7487,5.4266
TCGA-TQ-A7RM,0.9971,9.6561,12.0197,10.7641,92.0258,1.4383,6.3208,4.2421,3.0546,1.683,3.7426,9.3002,1.1181,43.1274,6.6103,1.541,4.6436,2.5338,8.3366,1.2879,6.098,4.4342,9.0981,10.7615,3.5299,3.2358,1.2367,4.0898,3.5214,3.0124,43.4342,4.4196,5.8115,1.929,3.5452,19.0778,0.0392,14.1402,3.0636,52.2738,3.6805,23.2826,7.1591,2.7652,30.0302,3.6652,0.2005,2.2252,15.2712,2.9725,5.2263,13.8072,12.0483,1.0743,2.3705,0.2466,5.867,6.4598,4.2566,8.3292,4.1109,12.1771,2.0916,24.2182,3.3227,14.7056,23.3843,1.4059,11.4972,3.143,1.2095,5.6517,1.5593,8.7702,2.1939,5.7638,2.6836,50.9776,6.139,5.4259,8.1891,12.9917,4.8767,1.0043,5.0398,4.138,1.6938,20.0603,3.1951,8.7241,2.5023,8.1389,2.4286,0.0057,0.3529,10.2688,9.0571,4.7261,1.6669,9.0491
TCGA-P5-A5EY,0.2433,9.9965,11.8111,6.758,74.0908,0.7624,1.5152,1.1522,1.4133,1.4953,3.4501,6.0444,5.3694,9.8567,4.7683,3.625,9.2129,2.7374,9.6159,0.0442,1.7972,4.6152,7.9516,23.8273,3.2,2.3853,3.3625,3.8394,4.5837,1.4027,18.2388,15.1531,4.3503,1.3408,1.3791,3.4293,0.1234,14.7953,3.8463,47.2661,3.7077,10.642,2.6191,0.2129,6.3768,4.528,0.3813,3.1337,17.302,2.939,3.6444,6.0057,7.361,1.0607,2.0241,0.6652,8.6237,1.1426,7.7202,3.5576,2.6233,8.9715,1.0607,2.4449,3.041,3.8615,9.655,0.1394,7.9098,1.7443,3.1983,5.1341,2.3375,5.7108,2.5572,13.4602,6.3054,34.9661,3.5277,4.2287,10.151,11.6231,3.7706,0.4111,7.3703,1.3942,1.2361,12.1013,3.222,15.4402,1.3402,9.7301,3.2909,0.918,1.222,19.5985,4.6743,3.3694,4.7728,4.5075
TCGA-QH-A870,0.5498,9.6948,10.3416,8.2895,60.7153,1.0786,4.6372,3.0085,1.5099,2.0343,4.0427,8.5447,2.9646,24.6364,2.6383,2.8796,8.0094,5.1635,10.549,0.0918,2.41,3.7851,14.987,32.8888,4.0361,4.6569,3.5001,2.7805,3.5723,2.2036,16.0935,9.7394,4.6339,1.6216,5.3382,8.0296,0.1812,18.4222,3.8172,63.0703,4.1162,12.8794,3.5667,0.3281,12.8088,4.1579,0.2003,3.0909,18.9898,4.1465,5.4055,8.9022,9.2761,1.5711,1.3614,0.6001,5.9353,2.3366,6.5564,4.9104,3.509,16.2503,1.6341,6.6355,2.2742,6.3391,11.2174,1.1243,13.529,1.4945,3.4993,0.6712,1.5058,7.522,2.8655,2.2485,1.1203,22.6431,4.6831,4.8893,9.5252,14.2551,2.6015,0.4396,6.5545,5.5168,0.4623,16.1229,3.4225,22.3419,1.479,8.0378,3.5959,0.1033,0.4505,30.5105,28.8598,4.0576,2.5708,6.0877
TCGA-FG-7638,0.3608,8.7218,13.2734,6.8996,75.1466,0.9489,2.0268,0.8539,2.2259,1.49,4.3498,5.2201,3.8845,16.6085,4.3823,2.8636,8.6254,3.4059,7.9687,0.2493,3.2923,3.7611,8.8531,12.8799,3.5628,2.4914,1.9588,2.9415,4.3167,2.43,18.8908,12.3114,3.9993,1.6817,1.8495,3.9547,0.3117,20.4348,3.2903,54.1009,1.8595,11.588,4.0811,0.2166,14.1144,2.9986,0.6703,3.9272,14.1231,3.8861,3.6709,4.4076,12.4055,1.3206,1.059,0.8585,7.1661,1.3651,6.6494,4.9618,3.6214,13.5359,1.5938,4.9017,3.0978,6.8398,12.1947,1.1516,9.7317,2.391,3.186,5.33,2.0133,7.6413,2.2885,4.0164,6.0403,30.2013,4.0161,5.9954,7.9081,13.1264,3.6058,0.684,7.2417,2.0447,1.4724,14.8297,3.7989,10.7861,1.6369,11.7501,3.6697,0.772,1.394,13.5758,28.4756,2.2255,3.8263,5.7222
TCGA-RY-A845,0.5052,8.8307,11.6836,8.1415,77.9024,1.0205,3.9259,2.764,2.1602,1.3727,4.4951,7.2263,4.1736,22.8958,2.698,2.4305,9.6424,4.3685,7.87,0.243,5.1067,3.6475,10.0439,21.26,3.7172,3.2523,2.5429,2.6638,4.6458,2.5984,14.9559,9.6259,4.5535,2.024,3.759,4.3902,0.2601,13.6943,3.3249,66.5701,4.5384,16.2922,4.1812,1.0421,17.1615,3.8038,0.3078,2.52,16.5874,4.0962,4.782,5.9244,11.1424,1.5874,1.3759,0.5652,6.8634,2.191,8.2109,5.3122,4.2717,13.7646,2.0208,7.5489,4.8026,7.3292,11.6458,1.2116,8.6862,3.2243,3.5214,3.346,2.5317,8.0704,2.0789,1.1782,2.6863,35.1027,5.272,6.3619,8.2268,20.9956,3.3179,0.462,6.4819,2.0672,0.9736,13.7471,3.064,13.8409,1.8373,13.1054,3.234,0.4226,0.3986,17.2889,31.4423,3.8177,3.0992,5.5452
TCGA-HT-7687,1.9402,11.6992,18.8097,8.0745,69.4904,1.431,2.977,1.4745,3.2141,0.9775,5.2407,4.6198,4.2839,17.7234,4.403,3.1169,8.5802,1.9712,6.1933,0.2446,4.2483,7.2453,10.1399,4.8968,4.2725,2.3097,3.0953,3.9101,4.7119,2.8608,24.1008,25.9153,4.7144,1.687,1.9758,14.0915,0.1567,18.6931,4.353,53.8891,1.4019,16.2,5.6156,0.1352,18.3441,4.6179,1.0061,5.3949,21.8311,6.3474,5.1269,5.6248,18.2505,2.2854,1.1849,0.6497,8.5298,4.1605,10.4315,5.7958,5.7454,12.0125,3.0161,10.9977,5.9828,15.1889,13.9882,1.606,11.7129,2.318,4.5807,9.6104,2.9137,9.5503,4.7469,1.4225,6.2097,50.838,7.0412,14.8357,9.9527,11.3857,3.217,1.2941,7.1473,2.2653,2.2091,13.7432,3.3864,8.3589,3.2122,23.5359,3.8056,0.3961,1.5564,8.6794,6.3113,2.5641,4.3887,9.2212
TCGA-FG-5965,1.5885,9.8378,16.652,8.8783,83.5394,1.163,2.9739,2.3162,2.6288,1.1449,5.6132,9.1418,2.9815,16.2004,2.7634,2.3326,8.6745,4.434,8.4168,0.2364,5.0226,3.2343,14.2466,20.5885,4.7119,3.8807,2.247,4.252,5.0195,3.7444,22.0177,9.8988,5.4027,2.0288,3.7352,6.6676,0.1087,14.2493,3.8348,56.9171,6.9082,11.9201,4.7245,0.2442,22.1005,4.5559,0.2585,4.5974,23.0234,6.6296,5.0688,5.8345,15.9874,1.5072,1.8156,0.8717,8.5621,0.7965,7.6689,5.7383,4.9622,21.6694,1.648,8.5811,3.3106,6.9135,14.6454,1.8811,11.8304,2.2126,4.3159,1.5282,1.3004,7.7807,3.8818,1.644,2.8235,28.9766,4.1449,7.7633,10.1737,9.8546,2.656,0.4258,7.8156,6.1445,0.7321,15.0829,2.9932,20.5777,1.9183,16.6476,2.057,0.404,0.5899,18.5208,61.451,5.052,3.1874,4.9804
TCGA-DH-A7UV,0.4348,8.047,9.3456,10.4185,68.0329,1.0486,3.9171,3.2937,2.421,2.011,4.8363,9.9785,2.0365,23.4624,2.4041,2.0028,7.1739,5.3114,6.9303,0.2852,5.2281,3.1756,8.6435,15.2473,4.3991,3.2445,2.0464,2.6387,3.1006,2.7115,16.6791,6.6959,3.7811,2.3679,1.0409,5.6674,0.1103,14.5754,3.0802,69.1138,5.3425,11.0465,3.2003,0.1627,22.8948,4.5213,0.32,1.5269,23.235,3.3881,4.5835,7.1669,7.755,1.2975,0.9649,0.5635,5.7135,2.5751,11.1251,4.8139,3.0526,12.8137,2.0349,9.1881,1.7211,8.0485,8.1813,0.9114,7.7179,2.9283,2.8563,1.1711,1.4968,6.6447,1.4942,1.4638,3.1071,18.4527,5.5302,5.7278,8.311,6.0476,3.0512,0.6202,5.7804,1.5333,0.7519,11.3812,2.7442,12.4738,2.4601,11.3804,2.5543,0.5195,0.1071,9.6194,20.19,4.4721,2.3749,6.1863
TCGA-HW-7495,0.8667,8.5308,13.6606,9.5223,81.5825,1.0607,3.1493,1.1919,2.471,1.3664,6.6392,4.3652,4.9781,15.4044,5.707,4.0153,7.4537,3.4175,6.7708,0.1836,4.0815,4.4452,11.4018,14.4325,4.0624,2.9593,2.6184,3.0114,5.9669,3.1121,15.946,12.2561,3.5901,1.9017,3.502,6.5033,0.4434,24.6027,3.7454,59.103,1.5033,11.8272,3.751,0.3674,12.9675,3.7988,0.5754,5.893,15.4417,5.5256,4.0143,4.2882,10.7063,1.8867,1.1246,0.8276,8.3461,3.393,8.1432,4.8434,4.0424,15.0542,1.7036,5.2722,5.3857,5.2876,12.4017,1.3276,11.8302,2.2789,4.1742,6.6269,2.8653,7.9278,3.0917,4.6604,8.3456,29.0497,5.056,8.2075,7.9839,21.7411,3.7904,0.7227,6.2217,2.5637,1.4251,13.0419,2.9615,10.2416,1.3472,14.7041,5.0965,1.3197,1.3206,14.238,35.837,3.3283,4.0042,6.4967
TCGA-TQ-A7RS,0.2926,7.5408,9.3452,6.2526,64.5089,0.967,2.6657,1.2395,2.6228,0.9162,5.7456,3.8811,2.1212,15.2681,3.3077,1.476,5.7761,2.7576,5.7477,0.2524,3.5295,2.7868,7.3813,6.2477,3.3517,2.329,1.8223,2.1006,3.1702,3.0272,18.7988,10.4061,3.9491,1.8748,2.193,5.5326,0.2137,19.3369,2.4743,38.451,1.3933,12.9421,3.6631,0.2636,21.4557,3.5316,0.3397,4.3014,11.3396,3.4624,3.5253,3.9155,12.0122,1.4934,1.0039,0.7054,5.6302,2.2252,7.0313,5.23,4.2047,11.6195,1.9001,6.5617,2.5171,7.1571,8.601,0.9477,8.4459,2.2309,3.7326,1.3173,1.5052,7.277,1.6636,0.6502,3.8125,19.2982,5.2921,6.4135,7.1643,7.581,2.9669,0.6393,5.5372,0.6767,1.3987,10.9559,2.9391,7.5585,1.793,11.4509,2.7973,0.2371,0.8651,12.1493,11.6137,1.8654,2.9172,5.315
TCGA-HT-A74L,1.1594,11.1562,16.3026,9.2571,73.8291,1.2575,5.5961,1.3689,4.0781,1.2454,5.1817,3.8639,3.9957,23.3363,3.5954,1.9842,9.7184,3.4789,7.3417,0.0361,5.9838,4.3497,15.548,20.6946,4.1251,3.5887,5.8353,4.7048,4.979,3.0564,20.0669,12.0774,4.1151,2.5308,5.5,10.1551,0.807,21.4417,3.2725,62.6155,1.5316,13.1315,4.9366,0.1482,20.7783,4.5389,0.2791,3.3456,27.1244,6.0631,5.2456,5.5399,9.2645,1.5302,1.5687,0.8354,9.3053,4.5814,7.3892,7.8138,4.1396,15.3422,3.6832,6.0477,5.7317,6.8343,17.4996,3.4389,8.5454,6.1864,4.4673,5.3498,2.505,9.6119,3.7999,2.0226,15.3301,28.6436,7.1915,12.2666,8.852,24.5637,3.971,0.5516,7.0228,1.8569,1.8326,19.2269,3.7155,14.7276,1.9534,18.3294,3.1602,1.032,0.3593,22.2172,32.436,2.5229,4.7481,8.209
TCGA-QH-A6XA,0.395,7.7291,10.8528,6.599,89.4125,1.0314,2.9839,2.4213,2.2783,1.5172,4.7579,7.3607,2.8149,24.5294,3.5206,2.0494,7.9241,5.9214,8.9626,0.1481,3.7074,3.055,12.0241,17.1702,3.2659,3.0476,2.3731,3.031,4.4857,2.6026,17.7389,9.48,4.2199,1.739,3.0448,6.5783,0.1684,19.0558,3.3317,68.2628,5.1081,9.2237,3.6534,0.3438,19.9793,3.002,0.2137,2.8906,18.4882,5.3941,4.3055,6.9806,10.6762,1.0481,1.3443,0.4453,7.0151,2.0753,7.8016,6.6224,3.1833,11.5418,2.3323,8.0557,2.4419,6.6101,11.8405,0.9371,9.9522,2.8223,3.1753,2.6789,1.5218,6.444,1.8549,1.3117,8.8924,30.6558,5.0408,5.8283,9.4078,15.8826,3.3441,0.5503,6.9559,2.2326,0.8365,13.5093,2.7198,11.344,2.0074,12.5095,2.7468,0.1992,0.3273,10.7176,33.1233,3.3059,2.744,4.9683
TCGA-HT-7478,0.5771,9.2246,13.8082,5.0261,69.9232,1.0858,1.9587,1.8667,1.5231,0.6433,3.8741,6.8263,2.2804,17.0032,2.9196,2.7526,8.7318,4.8484,9.7873,0.4214,3.4629,2.7776,5.1964,17.1621,3.2105,2.9503,2.174,5.5241,3.9614,1.0467,13.5267,11.1922,4.3415,2.0632,1.5056,3.1958,0.2264,16.9797,3.5771,37.3816,3.6206,9.0662,4.8566,0.092,13.5351,3.6732,0.4294,2.6342,13.1039,6.5734,5.4642,6.4011,9.0171,1.0668,1.7025,0.3976,8.7887,1.5085,7.7037,3.6291,3.3956,15.1615,1.589,8.5249,2.4063,4.0312,14.0387,0.9119,8.0622,2.1558,3.6197,2.1407,1.6457,7.2344,3.2638,0.8603,2.9401,29.1952,4.7267,5.5369,8.7202,14.7586,3.5566,0.4477,7.7964,2.3581,1.0769,13.4828,3.3687,13.5227,2.4584,12.1705,2.9096,0.2304,0.3083,6.9527,47.9334,4.2085,2.7204,4.0708
TCGA-DU-6394,1.7704,14.4897,17.746,10.5242,65.5865,1.1871,2.4279,1.0247,3.3127,0.8375,3.5787,3.5857,2.0661,22.6705,4.2202,2.5029,6.9805,1.5604,7.5465,0.3275,8.0706,4.7785,9.4249,14.3622,3.9261,2.6666,3.2503,4.8541,5.0431,2.1546,27.7847,15.6646,6.0434,1.6743,1.6087,14.8647,0.0531,18.8022,5.0876,33.3156,0.6891,13.8071,4.9487,0.012,20.5931,5.7569,0.8113,5.3348,15.0496,6.5745,5.3997,5.6764,13.1229,1.8157,2.3791,0.5679,10.2377,3.0415,9.8285,6.2444,5.3877,12.7766,3.5581,9.7719,4.7303,9.0208,16.2931,1.1045,14.919,5.8061,3.2937,6.0906,1.8969,9.5833,4.6863,1.4033,1.4409,17.4464,5.6566,13.7336,8.6319,3.2514,3.3022,1.0886,7.2503,2.7999,8.6726,13.5161,3.2518,14.3733,2.9851,23.1952,2.3503,0.0321,0.9398,9.0527,6.0253,2.3863,3.3612,9.534
TCGA-HT-7471,1.2488,9.0122,13.0079,8.1602,59.6502,0.7952,2.4627,0.9807,2.597,1.2612,3.1418,3.775,1.8438,16.807,3.1037,1.7577,6.1738,2.5573,6.4184,0.3396,3.023,4.0017,8.9267,7.8922,3.4814,2.0081,1.8719,3.7828,3.5953,1.9795,21.3824,12.0572,4.1441,1.3342,1.9888,7.4552,0.1218,16.3183,2.8961,32.6848,1.2816,11.5236,5.8994,0.3809,16.6559,3.0881,0.7844,3.0484,15.5652,4.4018,4.4145,6.2391,16.4989,1.2112,1.5146,0.732,7.3014,2.641,6.7635,4.1468,4.0622,15.4138,2.2195,10.428,3.0915,7.1749,13.0787,1.1568,11.758,5.2643,3.4649,3.8505,1.6285,7.7606,2.8473,0.5557,3.0578,26.2724,5.5086,9.1472,8.616,13.5492,3.0667,0.5505,5.9463,4.1837,1.8898,12.1282,4.2021,12.3074,2.4523,13.7339,2.3619,0.1722,1.0546,9.4169,14.2008,2.3776,3.2921,7.9428
TCGA-HT-8011,0.3019,11.2331,9.6954,10.7649,67.0866,0.7607,3.4569,1.3607,2.029,0.3517,3.0657,5.5812,1.0664,25.4047,3.3346,2.1357,4.8391,1.2894,8.4538,0.3728,4.771,2.4799,7.1935,21.666,3.7191,3.0082,1.6471,4.0581,3.7079,1.9314,28.2521,7.4651,6.1514,1.5021,2.5817,7.02,0.1734,17.0176,2.8508,32.5997,3.4181,16.2889,3.5594,0.5015,28.9018,6.4235,0.3988,5.5507,10.6486,3.35,4.4552,10.6354,11.5233,0.7527,2.9886,0.555,6.9332,0.4679,3.2076,5.0202,2.46,10.023,1.7454,17.6988,1.46,2.6983,15.6679,1.3086,6.9404,18.4026,1.9042,3.3506,1.4049,7.6524,1.8099,5.3011,3.2891,7.4715,5.5658,8.8185,5.511,15.2255,4.3054,0.8499,7.7365,5.375,0.8473,17.9993,4.8049,4.8322,2.1698,13.5084,1.8141,0.2509,0.4195,21.2591,14.5027,3.1118,2.1716,6.1174
