,hsa-mir-196a-2,hsa-mir-4707,hsa-mir-4433a,hsa-let-7a-3,hsa-mir-191,hsa-mir-6502,hsa-mir-7156,hsa-mir-2116,hsa-mir-506,hsa-mir-524,hsa-mir-516b-1,hsa-mir-106a,hsa-mir-552,hsa-mir-1273h,hsa-mir-365b,hsa-mir-4796,hsa-mir-205,hsa-mir-487b,hsa-mir-4772,hsa-mir-576,hsa-mir-6740,hsa-mir-3675,hsa-mir-331,hsa-mir-3145,hsa-mir-5703,hsa-mir-3140,hsa-mir-4511,hsa-mir-4654,hsa-mir-6132,hsa-mir-501,hsa-mir-556,hsa-mir-4660,hsa-mir-3166,hsa-mir-125b-2,hsa-mir-6762,hsa-mir-1915,hsa-mir-4754,hsa-mir-550b-1,hsa-mir-1255a,hsa-mir-181a-2,hsa-mir-4435-2,hsa-mir-1180,hsa-mir-3692,hsa-mir-4526,hsa-mir-9-1,hsa-mir-6833,hsa-mir-5193,hsa-mir-6879,hsa-mir-6801,hsa-mir-146a,hsa-mir-3620,hsa-mir-3165,hsa-mir-200a,hsa-mir-378c,hsa-mir-147b,hsa-mir-140,hsa-mir-5587,hsa-let-7b,hsa-mir-939,hsa-mir-527,hsa-mir-627,hsa-mir-891a,hsa-mir-30a,hsa-mir-1286,hsa-mir-3143,hsa-mir-134,hsa-mir-519d,hsa-let-7d,hsa-mir-3925,hsa-mir-1913,hsa-mir-6803,hsa-mir-561,hsa-mir-6737,hsa-mir-3682,hsa-mir-522,hsa-mir-548aw,hsa-mir-4670,hsa-mir-516a-2,hsa-mir-4676,hsa-mir-548f-1,hsa-mir-7108,hsa-mir-6884,hsa-mir-7846,hsa-mir-3133,hsa-mir-100,hsa-mir-3190,hsa-mir-8077,hsa-mir-4757,hsa-mir-483,hsa-mir-550a-3,hsa-mir-4784,hsa-mir-4669,hsa-mir-3622a,hsa-mir-653,hsa-mir-4518,hsa-mir-6732,hsa-mir-185,hsa-mir-889,hsa-mir-125b-1,hsa-mir-3937
TCGA-AB-2863,0.0,7.527211,0.0,8749.128098,8771.709731,10.036281,0.0,0.0,0.0,0.0,0.0,654.867345,0.0,0.0,5.018141,0.0,0.0,0.0,17.563492,85.30839,0.0,0.0,90.32653,0.0,0.0,0.0,0.0,0.0,0.0,55.199546,0.0,0.0,0.0,286.034013,0.0,0.0,0.0,0.0,7.527211,55631.10645,0.0,0.0,0.0,0.0,163.089569,0.0,0.0,0.0,0.0,2423.761899,0.0,0.0,0.0,40.145125,0.0,2150.273238,0.0,19324.859367,2.50907,0.0,5.018141,0.0,827.993195,0.0,2.50907,12.545351,0.0,6616.418352,0.0,0.0,5.018141,0.0,0.0,0.0,0.0,2.50907,0.0,0.0,7.527211,0.0,0.0,0.0,2.50907,0.0,652.358275,0.0,0.0,0.0,0.0,12.545351,2.50907,0.0,0.0,0.0,0.0,0.0,208.252834,0.0,218.289115,0.0
TCGA-AB-2925,10.223757,2.044751,0.0,10959.867664,11642.814641,0.0,0.0,0.0,0.0,0.0,0.0,521.411615,0.0,2.044751,18.402763,0.0,0.0,2.044751,26.581769,47.029283,0.0,0.0,34.760774,0.0,0.0,2.044751,0.0,0.0,0.0,73.611051,0.0,0.0,0.0,8.179006,0.0,0.0,0.0,0.0,0.0,2887.189019,0.0,0.0,0.0,0.0,339.428737,0.0,0.0,0.0,0.0,245.370172,0.0,0.0,4.089503,20.447514,0.0,2279.897844,0.0,41582.065076,8.179006,0.0,16.358011,0.0,648.186203,0.0,2.044751,4.089503,0.0,1455.863018,0.0,0.0,2.044751,0.0,0.0,8.179006,0.0,0.0,0.0,0.0,0.0,0.0,0.0,0.0,0.0,0.0,177.893374,2.044751,0.0,0.0,0.0,16.358011,0.0,0.0,0.0,0.0,0.0,0.0,212.654149,0.0,20.447514,0.0
TCGA-AB-2812,2.33992,4.67984,0.0,16807.646859,16781.907737,2.33992,0.0,0.0,0.0,0.0,0.0,1139.541142,0.0,7.019761,2.33992,0.0,0.0,0.0,9.359681,32.758883,0.0,0.0,67.857686,0.0,0.0,0.0,0.0,0.0,0.0,25.739122,0.0,0.0,0.0,166.134335,0.0,0.0,0.0,0.0,2.33992,11154.399635,0.0,0.0,0.0,0.0,135.715372,0.0,0.0,0.0,0.0,2082.528986,0.0,0.0,0.0,32.758883,0.0,2293.121805,0.0,40679.512829,0.0,0.0,16.379441,0.0,86.577048,0.0,0.0,7.019761,0.0,2852.362734,0.0,0.0,4.67984,0.0,0.0,0.0,0.0,0.0,0.0,0.0,0.0,0.0,0.0,0.0,0.0,0.0,575.620371,0.0,0.0,2.33992,0.0,44.458484,7.019761,0.0,0.0,0.0,0.0,0.0,121.675851,2.33992,135.715372,0.0
TCGA-AB-2891,9.660949,9.660949,0.0,7054.908004,19215.627551,12.076186,0.0,0.0,0.0,0.0,0.0,758.384496,0.0,9.660949,31.398084,0.0,0.0,0.0,304.319893,125.592337,0.0,0.0,248.769437,0.0,0.0,0.0,4.830474,0.0,0.0,176.312319,0.0,2.415237,0.0,260.845623,0.0,0.0,0.0,0.0,7.245712,19696.259764,0.0,2.415237,0.0,0.0,67.626643,0.0,2.415237,2.415237,0.0,2876.547563,0.0,0.0,9.660949,21.737135,0.0,2236.509692,0.0,7380.965032,0.0,0.0,14.491423,0.0,381.607485,0.0,7.245712,45.889508,0.0,5707.205619,0.0,0.0,4.830474,0.0,0.0,0.0,0.0,0.0,2.415237,0.0,2.415237,0.0,0.0,2.415237,0.0,0.0,799.443529,0.0,0.0,0.0,4.830474,2.415237,980.586323,0.0,0.0,0.0,2.415237,0.0,355.039876,4.830474,270.506572,0.0
TCGA-AB-2851,0.0,0.0,0.0,12571.751406,9465.837692,6.856322,0.0,0.0,0.0,0.0,0.0,182.378156,0.0,4.113793,21.940229,0.0,1.371264,4.113793,15.083908,21.940229,0.0,0.0,24.682758,0.0,0.0,0.0,0.0,0.0,0.0,56.221838,1.371264,1.371264,0.0,20.568965,0.0,0.0,0.0,0.0,2.742529,4363.363108,0.0,0.0,0.0,0.0,1042.160893,0.0,0.0,2.742529,0.0,1273.904565,0.0,0.0,5.485057,23.311494,0.0,1631.804556,0.0,36361.816322,0.0,0.0,4.113793,0.0,83.647124,0.0,0.0,97.359768,0.0,1777.158576,0.0,0.0,2.742529,0.0,0.0,0.0,0.0,0.0,0.0,0.0,4.113793,0.0,0.0,1.371264,0.0,0.0,139.868962,0.0,0.0,0.0,0.0,4.113793,0.0,0.0,0.0,0.0,0.0,0.0,219.402293,2.742529,26.054022,0.0
TCGA-AB-2876,0.0,1.619601,0.0,12927.65566,20309.797291,1.619601,0.0,0.0,0.0,0.0,0.0,302.865398,0.0,4.858803,3.239202,3.239202,0.0,1.619601,144.144494,66.403643,0.0,0.0,113.372074,0.0,0.0,0.0,0.0,0.0,0.0,32.392021,0.0,0.0,0.0,268.853776,0.0,0.0,0.0,0.0,6.478404,65506.384467,0.0,0.0,0.0,1.619601,16.196011,1.619601,1.619601,0.0,0.0,3108.014434,0.0,0.0,8.098005,64.784042,0.0,3835.21531,0.0,13334.175526,0.0,0.0,14.57641,0.0,1127.242338,0.0,0.0,58.305638,0.0,4270.887995,0.0,0.0,4.858803,0.0,0.0,1.619601,0.0,1.619601,0.0,0.0,4.858803,0.0,0.0,0.0,1.619601,0.0,8860.837399,0.0,0.0,0.0,1.619601,12.956808,0.0,0.0,0.0,3.239202,0.0,0.0,239.700957,1.619601,239.700957,0.0
TCGA-AB-3000,1.596106,0.0,0.0,10122.501097,22054.985835,3.192211,0.0,0.0,0.0,0.0,0.0,357.527633,0.0,6.384422,0.0,1.596106,1.596106,3.192211,79.805275,95.76633,0.0,0.0,199.513188,0.0,0.0,0.0,3.192211,0.0,0.0,51.075376,0.0,0.0,0.0,229.839192,0.0,0.0,0.0,0.0,6.384422,46824.947129,0.0,0.0,0.0,0.0,6.384422,1.596106,0.0,1.596106,0.0,8508.838434,0.0,0.0,3.192211,38.306532,0.0,2465.983001,0.0,16264.315071,1.596106,0.0,19.153266,0.0,515.542077,0.0,0.0,79.805275,0.0,3731.694665,0.0,0.0,3.192211,0.0,0.0,0.0,0.0,0.0,0.0,0.0,0.0,0.0,0.0,1.596106,0.0,0.0,1027.891944,0.0,0.0,0.0,1.596106,17.557161,1.596106,0.0,0.0,0.0,0.0,0.0,282.510674,3.192211,239.415825,0.0
TCGA-AB-2975,2.736281,4.104422,0.0,11439.024023,17149.643121,8.208844,0.0,0.0,0.0,0.0,0.0,837.302081,0.0,2.736281,4.104422,1.368141,0.0,0.0,19.153969,58.830048,0.0,0.0,76.615877,0.0,0.0,1.368141,0.0,0.0,0.0,31.467235,0.0,4.104422,0.0,313.30421,0.0,0.0,0.0,0.0,1.368141,16937.581319,0.0,0.0,1.368141,0.0,106.714971,0.0,0.0,0.0,0.0,458.32712,0.0,0.0,9.576985,15.049547,0.0,2403.823132,0.0,31041.74334,2.736281,0.0,1.368141,0.0,180.594567,0.0,0.0,12.313266,0.0,2666.506138,0.0,0.0,5.472563,1.368141,0.0,1.368141,0.0,0.0,0.0,0.0,4.104422,0.0,0.0,1.368141,1.368141,0.0,61.56633,0.0,0.0,0.0,0.0,12.313266,1.368141,0.0,0.0,0.0,0.0,0.0,162.808738,2.736281,303.727226,0.0
TCGA-AB-2932,2.702808,4.865054,0.0,16284.958117,18811.002374,1.081123,0.0,0.0,0.0,0.0,0.0,162.168474,0.0,9.730108,16.216847,0.540562,0.0,0.0,8.648985,44.326049,0.0,0.0,29.730887,0.0,0.0,0.540562,1.081123,0.0,0.0,50.272227,0.540562,1.081123,0.0,20.54134,0.0,0.0,0.540562,0.540562,1.081123,1537.897691,0.0,0.540562,0.0,0.0,464.342396,0.0,0.0,0.0,0.0,693.540505,0.0,0.540562,4.324493,7.567862,2.162246,2367.659714,0.0,44759.039271,1.081123,0.0,25.946956,1.081123,1024.904753,0.0,1.081123,3.243369,0.0,2270.35863,0.0,0.0,2.162246,0.0,0.0,0.540562,0.0,0.540562,0.0,0.0,0.540562,0.0,0.0,0.540562,0.540562,0.0,35.677064,0.0,0.0,0.0,0.540562,24.865833,1.621685,0.0,0.0,0.0,0.0,0.0,320.012455,0.0,19.460217,0.0
TCGA-AB-2900,6.628816,3.314408,0.0,11215.956886,9813.962275,3.314408,0.0,0.0,0.0,0.0,0.0,311.554358,0.0,0.0,16.57204,0.0,0.0,3.314408,56.344937,66.288161,0.0,0.0,39.772897,0.0,0.0,0.0,0.0,0.0,0.0,56.344937,0.0,0.0,0.0,92.803426,0.0,0.0,0.0,0.0,0.0,9144.451847,0.0,0.0,0.0,0.0,66.288161,0.0,0.0,3.314408,0.0,1034.095316,0.0,0.0,0.0,19.886448,0.0,2041.675367,0.0,54382.807502,0.0,0.0,6.628816,0.0,248.580605,0.0,0.0,6.628816,0.0,1962.129573,0.0,0.0,0.0,0.0,0.0,3.314408,0.0,0.0,0.0,0.0,9.943224,0.0,0.0,0.0,0.0,0.0,865.060505,0.0,0.0,0.0,0.0,13.257632,384.471335,0.0,0.0,0.0,0.0,0.0,198.864484,0.0,76.231385,0.0
TCGA-AB-2823,0.0,2.475097,0.0,11121.850284,14942.163161,2.475097,0.0,0.0,3.712646,0.0,0.0,303.199435,0.0,1.237549,249.98484,0.0,0.0,530.908398,14.850585,59.402338,0.0,0.0,157.168687,0.0,0.0,1.237549,2.475097,0.0,0.0,47.026851,2.475097,0.0,0.0,794.506274,0.0,0.0,0.0,0.0,6.187744,22608.777438,0.0,0.0,0.0,0.0,60.639887,0.0,0.0,0.0,0.0,4523.240546,1.237549,0.0,11.137938,19.800779,1.237549,2017.204402,0.0,8010.652819,1.237549,0.0,12.375487,0.0,110.141835,2.475097,1.237549,11014.183546,0.0,6218.682283,0.0,0.0,2.475097,0.0,0.0,4.950195,0.0,1.237549,0.0,0.0,0.0,0.0,0.0,1.237549,0.0,0.0,19000.085391,0.0,0.0,1.237549,0.0,19.800779,0.0,0.0,0.0,0.0,0.0,1.237549,311.862276,445.517537,728.916192,0.0
TCGA-AB-2897,2.877876,0.0,0.0,13449.753006,11061.116011,0.0,0.0,0.0,0.0,0.0,0.0,132.382291,0.0,7.19469,86.336277,1.438938,0.0,282.031838,11.511504,33.095573,0.0,0.0,40.290263,0.0,0.0,0.0,0.0,0.0,0.0,2.877876,1.438938,0.0,0.0,4103.85103,0.0,0.0,0.0,0.0,5.755752,36540.390269,0.0,0.0,0.0,0.0,41.729201,1.438938,1.438938,0.0,0.0,6226.284504,0.0,0.0,2.877876,11.511504,0.0,1119.493724,0.0,7565.935734,0.0,0.0,14.389379,0.0,296.421217,0.0,0.0,4275.084646,0.0,3123.934287,0.0,0.0,4.316814,0.0,0.0,2.877876,0.0,0.0,0.0,0.0,1.438938,0.0,0.0,0.0,0.0,0.0,133432.715981,0.0,0.0,0.0,0.0,8.633628,0.0,0.0,0.0,0.0,0.0,0.0,176.989368,247.497327,4237.672259,0.0
TCGA-AB-2867,2.98449,1.98966,0.0,8845.032367,18436.187135,0.99483,0.0,0.0,0.0,0.0,0.0,370.076711,0.0,6.963809,7.958639,0.0,0.0,4.974149,126.343393,86.550199,0.0,0.0,123.358904,0.0,0.0,2.98449,0.99483,0.0,0.0,66.653601,1.98966,1.98966,0.0,78.59156,0.0,0.0,0.99483,0.0,1.98966,23410.336481,0.0,0.99483,0.0,0.0,64.663941,0.0,0.0,0.99483,0.0,1400.720456,0.0,0.0,2.98449,20.891427,1.98966,2955.639541,0.0,7721.869444,0.0,0.0,8.953469,0.0,765.024169,0.0,0.99483,190.012505,0.0,4256.87701,0.0,0.0,0.99483,0.0,0.99483,2.98449,0.0,0.0,0.0,0.0,2.98449,0.0,0.0,0.99483,0.99483,0.0,804.817364,0.99483,0.0,0.99483,0.0,25.865577,0.0,0.0,0.0,0.99483,0.0,0.0,275.567874,1.98966,63.669112,0.0
TCGA-AB-2898,2.227536,0.0,0.0,8225.177173,11381.595874,3.341304,0.0,0.0,0.0,0.0,0.0,1026.894158,0.0,3.341304,22.275361,1.113768,0.0,4.455072,63.48478,72.394924,1.113768,0.0,53.460867,0.0,0.0,0.0,0.0,0.0,0.0,44.550723,1.113768,0.0,0.0,211.615933,0.0,0.0,0.0,0.0,2.227536,6826.284481,0.0,1.113768,0.0,0.0,20.047825,1.113768,0.0,0.0,0.0,3531.75854,1.113768,0.0,3.341304,12.251449,0.0,1936.842668,0.0,8240.769926,0.0,0.0,12.251449,2.227536,1529.203556,0.0,1.113768,102.466662,0.0,3114.095515,0.0,0.0,3.341304,0.0,0.0,1.113768,0.0,0.0,0.0,0.0,3.341304,0.0,0.0,2.227536,1.113768,0.0,415.435489,0.0,0.0,0.0,18.934057,15.592753,0.0,0.0,0.0,0.0,0.0,0.0,255.052887,5.56884,188.226803,0.0
TCGA-AB-2878,8.790683,0.0,0.0,8996.385271,11774.241188,3.516273,0.0,0.0,0.0,0.0,0.0,550.296773,0.0,8.790683,8.790683,0.0,1.758137,43.953416,114.278883,56.260373,0.0,0.0,135.376523,0.0,0.0,0.0,0.0,0.0,0.0,75.599876,0.0,3.516273,0.0,77.358013,0.0,0.0,0.0,0.0,7.032547,7969.633464,0.0,7.032547,0.0,0.0,35.162733,0.0,0.0,1.758137,0.0,1754.620383,3.516273,0.0,1.758137,14.065093,0.0,1817.913303,0.0,18302.202594,1.758137,0.0,5.27441,0.0,3087.287969,0.0,3.516273,2046.471068,0.0,3649.891699,0.0,0.0,1.758137,0.0,0.0,5.27441,0.0,0.0,0.0,0.0,12.306957,0.0,0.0,0.0,0.0,0.0,1285.197896,0.0,0.0,0.0,3.516273,12.306957,0.0,0.0,0.0,0.0,0.0,0.0,254.929815,52.7441,80.874286,0.0
TCGA-AB-2949,4.598536,2.299268,0.0,8939.55454,4911.236753,4.598536,0.0,2.299268,0.0,0.0,0.0,190.839256,0.0,6.897804,29.890486,0.0,0.0,6.897804,22.992681,112.664139,0.0,0.0,45.985363,0.0,0.0,0.0,0.0,0.0,0.0,140.255357,0.0,0.0,0.0,62.08024,0.0,0.0,0.0,0.0,0.0,15138.381453,0.0,0.0,0.0,0.0,43.686095,0.0,0.0,2.299268,0.0,3929.449256,0.0,0.0,2.299268,98.86853,0.0,1726.750375,0.0,31274.64528,4.598536,0.0,9.197073,0.0,282.809982,0.0,0.0,1591.093555,0.0,2301.567411,0.0,0.0,2.299268,0.0,0.0,2.299268,0.0,0.0,0.0,0.0,0.0,0.0,0.0,0.0,0.0,0.0,944.999207,4.598536,0.0,0.0,0.0,9.197073,0.0,0.0,0.0,0.0,0.0,0.0,124.16048,20.693413,62.08024,0.0
TCGA-AB-2934,0.0,4.803182,0.0,8901.896616,15876.116339,4.803182,0.0,1.601061,0.0,0.0,0.0,108.872117,1.601061,8.005303,8.005303,0.0,0.0,0.0,6.404242,64.042422,0.0,0.0,104.068935,0.0,0.0,0.0,0.0,0.0,0.0,188.925144,0.0,0.0,0.0,251.366505,0.0,0.0,0.0,0.0,0.0,18653.956381,0.0,0.0,1.601061,0.0,36.824392,0.0,0.0,3.202121,0.0,7131.123656,0.0,0.0,1.601061,28.81909,0.0,2252.692183,0.0,19180.705299,0.0,0.0,8.005303,0.0,262.573929,0.0,0.0,9.606363,0.0,5701.376592,0.0,0.0,6.404242,0.0,1.601061,0.0,0.0,0.0,0.0,0.0,0.0,0.0,0.0,0.0,0.0,0.0,4.803182,1.601061,0.0,0.0,0.0,12.808484,1.601061,1.601061,0.0,1.601061,0.0,0.0,240.159081,0.0,193.728326,0.0
TCGA-AB-2908,6.760512,1.352102,0.0,13535.896288,6820.004083,0.0,0.0,0.0,0.0,0.0,0.0,324.504556,0.0,8.112614,52.73199,1.352102,0.0,1.352102,54.084093,67.605116,0.0,0.0,71.661423,0.0,0.0,1.352102,1.352102,0.0,0.0,29.746251,10.816819,0.0,0.0,722.022637,0.0,0.0,0.0,0.0,6.760512,6961.974827,0.0,1.352102,0.0,1.352102,27.042046,0.0,0.0,0.0,1.352102,5912.743429,0.0,0.0,12.168921,2.704205,1.352102,2148.490581,0.0,18880.756745,0.0,0.0,47.323581,0.0,969.457361,0.0,1.352102,83.830344,0.0,2596.036447,0.0,0.0,5.408409,0.0,0.0,4.056307,0.0,1.352102,0.0,0.0,0.0,0.0,0.0,0.0,0.0,0.0,77.069832,1.352102,0.0,0.0,2.704205,16.225228,1.352102,0.0,0.0,1.352102,0.0,0.0,428.616434,4.056307,690.924284,0.0
TCGA-AB-2987,26.838596,0.0,0.0,9853.424666,8543.21319,17.079107,0.0,1.219936,0.0,0.0,0.0,146.392344,0.0,3.659809,26.838596,0.0,0.0,0.0,42.697767,45.137639,0.0,0.0,73.196172,1.219936,0.0,0.0,0.0,0.0,1.219936,197.629664,0.0,0.0,0.0,34.158214,0.0,0.0,0.0,0.0,4.879745,1629.83476,0.0,4.879745,0.0,0.0,297.664432,1.219936,0.0,1.219936,0.0,2466.710991,1.219936,0.0,7.319617,25.61866,1.219936,2954.68547,0.0,26070.036537,2.439872,0.0,4.879745,0.0,951.550234,0.0,1.219936,30.498405,0.0,2077.551344,0.0,0.0,3.659809,0.0,0.0,0.0,0.0,0.0,0.0,0.0,2.439872,0.0,0.0,0.0,1.219936,0.0,175.670812,1.219936,0.0,0.0,1.219936,0.0,1.219936,0.0,0.0,2.439872,0.0,0.0,297.664432,1.219936,29.278469,0.0
TCGA-AB-2994,1.135524,0.0,0.0,7278.706321,11831.020461,4.542094,0.0,0.0,0.0,0.0,0.0,178.277206,0.0,3.406571,82.893223,0.0,0.0,280.474331,44.285421,49.963039,0.0,0.0,68.131416,0.0,0.0,1.135524,0.0,0.0,0.0,24.981519,1.135524,3.406571,0.0,1257.024633,0.0,0.0,1.135524,0.0,2.271047,20492.794535,0.0,0.0,0.0,0.0,742.632439,0.0,0.0,0.0,0.0,1453.470217,0.0,0.0,3.406571,21.574949,0.0,2062.11087,0.0,7565.993793,1.135524,0.0,6.813142,0.0,61.318275,1.135524,0.0,2955.767949,0.0,3402.028726,0.0,0.0,4.542094,0.0,0.0,0.0,0.0,1.135524,0.0,0.0,3.406571,0.0,0.0,1.135524,0.0,0.0,27659.084019,0.0,0.0,0.0,0.0,21.574949,0.0,0.0,0.0,0.0,0.0,0.0,243.002052,282.745378,1270.650916,0.0
TCGA-AB-2956,3.939686,0.0,0.0,22208.01017,28470.797734,11.819058,0.0,0.0,0.0,0.0,0.0,273.151565,0.0,2.626457,64.348205,0.0,0.0,0.0,26.264574,47.276232,0.0,0.0,98.492151,0.0,0.0,0.0,2.626457,0.0,0.0,126.069953,0.0,0.0,0.0,18.385201,0.0,0.0,1.313229,0.0,5.252915,2520.085833,0.0,7.879372,1.313229,0.0,7737.543369,0.0,0.0,1.313229,0.0,488.521068,0.0,0.0,17.071973,40.710089,0.0,2598.879553,0.0,44439.658455,0.0,0.0,14.445515,0.0,338.812999,0.0,0.0,15.758744,0.0,4204.958226,0.0,0.0,0.0,0.0,0.0,0.0,0.0,1.313229,0.0,0.0,0.0,0.0,0.0,0.0,0.0,0.0,204.863674,2.626457,0.0,0.0,0.0,28.891031,1.313229,0.0,0.0,0.0,0.0,0.0,229.815019,0.0,23.638116,0.0
TCGA-AB-2966,12.029649,0.0,0.668314,9314.958267,14140.852488,5.346511,0.0,0.668314,0.0,0.0,0.0,628.883321,0.668314,11.361335,18.712787,4.678197,6.014825,0.668314,70.172953,147.697358,0.0,0.0,191.137758,0.0,0.0,1.336628,0.0,0.0,0.0,6.683138,0.0,0.668314,0.0,867.471361,0.0,0.0,0.668314,0.0,6.014825,71525.620145,0.668314,2.004942,0.0,0.0,19.381101,1.336628,0.0,2.004942,0.0,12691.948088,0.0,0.0,56.806676,51.460165,0.0,2429.989113,0.0,9437.259699,2.004942,0.0,12.697963,0.0,1772.368297,0.668314,1.336628,62.821501,0.0,3674.389479,0.0,0.0,7.351452,0.0,1.336628,0.0,0.0,0.0,0.0,0.0,0.668314,0.0,0.0,0.0,0.0,0.0,56.138362,0.0,0.0,0.0,4.009883,12.029649,0.0,0.0,0.0,0.0,0.0,0.0,154.380496,0.668314,796.630094,0.0
TCGA-AB-2849,8.82773,1.765546,0.0,8006.751448,16380.73648,5.296638,0.0,0.0,0.0,0.0,0.0,944.56715,0.0,0.0,12.358823,1.765546,0.0,7.062184,22.952099,120.057133,0.0,0.0,215.396621,0.0,0.0,0.0,0.0,0.0,0.0,17.655461,5.296638,0.0,0.0,24.717645,0.0,0.0,1.765546,0.0,3.531092,39975.49422,0.0,7.062184,0.0,0.0,201.272253,0.0,1.765546,0.0,0.0,2766.610699,0.0,0.0,3.531092,0.0,0.0,2233.415784,0.0,5196.002097,0.0,0.0,14.124369,0.0,918.083959,0.0,1.765546,132.415956,0.0,4313.22906,0.0,0.0,3.531092,0.0,0.0,3.531092,0.0,0.0,0.0,0.0,1.765546,0.0,0.0,0.0,3.531092,0.0,508.477269,0.0,0.0,0.0,3.531092,40.60756,3.531092,0.0,0.0,0.0,0.0,0.0,303.673925,0.0,24.717645,0.0
TCGA-AB-2973,4.633673,4.633673,0.0,7601.54116,11287.628324,2.316837,0.0,0.0,0.0,0.0,0.0,535.189274,0.0,2.316837,9.267347,0.0,0.0,0.0,16.217857,23.168367,0.0,0.0,83.406121,0.0,0.0,0.0,0.0,0.0,0.0,57.920917,0.0,0.0,0.0,25.485204,0.0,0.0,0.0,0.0,0.0,4540.9999,0.0,2.316837,0.0,0.0,576.892334,0.0,0.0,0.0,0.0,377.644379,0.0,0.0,0.0,9.267347,0.0,2516.084639,0.0,30906.601363,2.316837,0.0,6.95051,0.0,718.219372,0.0,6.95051,34.75255,0.0,1721.409656,0.0,0.0,0.0,0.0,0.0,0.0,0.0,2.316837,0.0,0.0,4.633673,0.0,0.0,0.0,0.0,0.0,217.782648,0.0,0.0,0.0,0.0,11.584183,0.0,2.316837,0.0,0.0,0.0,0.0,213.148975,0.0,20.85153,0.0
TCGA-AB-2857,26.794342,3.349293,0.0,10597.162144,16106.748657,5.023939,0.0,0.0,0.0,0.0,0.0,584.451578,0.0,3.349293,18.42111,0.0,1.674646,21.770403,323.206747,138.995648,0.0,0.0,115.550599,0.0,0.0,3.349293,0.0,0.0,0.0,88.756257,6.698585,5.023939,0.0,182.536453,0.0,0.0,0.0,0.0,15.071817,8458.638747,0.0,8.373232,0.0,0.0,50.239391,0.0,1.674646,1.674646,0.0,1994.503811,0.0,0.0,3.349293,11.722524,1.674646,2655.989121,0.0,28355.112109,1.674646,0.0,30.143634,0.0,5459.347122,0.0,1.674646,1242.587597,0.0,3778.00218,0.0,0.0,8.373232,0.0,0.0,5.023939,0.0,1.674646,0.0,0.0,6.698585,0.0,0.0,1.674646,0.0,0.0,1108.615888,0.0,0.0,0.0,3.349293,21.770403,0.0,3.349293,0.0,1.674646,0.0,0.0,882.53863,28.468988,169.139282,0.0
TCGA-AB-2884,1.891341,0.0,0.0,8291.637154,10819.413855,8.511033,0.0,0.0,0.94567,0.0,0.0,399.072865,0.0,4.728351,9.456703,0.0,0.0,1.891341,14.185054,61.468569,0.94567,0.0,53.903207,0.0,0.0,0.94567,0.0,0.0,0.0,104.969403,3.782681,0.0,0.0,32.15279,0.0,0.94567,0.0,0.0,4.728351,3911.292344,0.0,0.0,0.0,0.0,620.359714,0.0,0.0,0.0,0.0,608.066,0.0,0.0,1.891341,24.587428,0.0,2114.518781,0.0,17874.114262,1.891341,0.0,7.565362,0.0,113.480436,0.94567,0.0,14.185054,0.0,2104.116408,0.0,0.0,2.837011,0.0,0.0,0.0,0.0,0.0,0.0,0.0,5.674022,0.0,0.0,0.0,0.0,0.0,127.66549,0.0,0.0,0.0,0.0,13.239384,0.94567,0.0,0.0,0.0,0.0,0.0,208.047465,0.0,37.826812,0.0
TCGA-AB-2981,1.970609,2.627479,0.0,11641.04437,3041.306593,5.911827,0.0,0.65687,0.0,0.0,0.0,128.089587,0.0,2.627479,10.509915,0.0,0.0,0.65687,5.254957,34.157223,0.65687,0.0,25.617917,0.0,0.0,1.313739,0.65687,0.0,0.0,102.471669,0.65687,0.65687,0.0,5.254957,0.0,0.0,0.0,0.0,1.313739,1481.897986,0.0,0.65687,0.0,0.65687,269.316567,0.65687,1.313739,0.0,0.0,347.484058,0.0,0.0,2.627479,25.617917,0.65687,2262.259159,0.0,20776.787802,1.313739,0.0,4.598088,0.0,147.138807,0.0,0.65687,6.568697,0.0,859.185534,0.0,0.0,1.313739,0.0,0.0,0.65687,0.0,0.65687,0.0,0.0,0.65687,0.0,0.0,0.0,1.313739,0.0,43.353399,0.0,0.0,0.0,0.0,5.254957,1.970609,0.0,0.0,4.598088,0.65687,0.0,162.24681,0.0,5.254957,0.0
TCGA-AB-2875,1.4371,4.311299,1.4371,8254.700034,14388.241076,4.311299,0.0,0.0,0.0,0.0,0.0,340.592602,0.0,8.622598,8.622598,0.0,0.0,1.4371,96.285672,80.477577,0.0,0.0,103.47117,0.0,0.0,0.0,1.4371,0.0,0.0,21.556494,0.0,0.0,0.0,24.430693,0.0,0.0,0.0,0.0,2.874199,23450.591079,0.0,2.874199,0.0,0.0,11.496797,0.0,0.0,0.0,0.0,9204.622862,0.0,0.0,5.748398,34.49039,0.0,2302.23354,0.0,9277.914941,0.0,0.0,17.245195,0.0,270.174723,0.0,0.0,38.801689,0.0,2930.24606,0.0,0.0,4.311299,0.0,0.0,2.874199,0.0,0.0,0.0,0.0,4.311299,0.0,0.0,0.0,0.0,0.0,492.925159,0.0,0.0,0.0,1.4371,17.245195,1.4371,0.0,0.0,0.0,0.0,0.0,413.884681,1.4371,18.682295,0.0
TCGA-AB-2927,16.297641,2.328234,0.0,14282.554539,12944.983819,4.656469,0.0,3.492352,0.0,0.0,0.0,165.304649,0.0,3.492352,33.7594,0.0,0.0,0.0,26.774697,68.682918,0.0,0.0,72.175269,0.0,1.164117,2.328234,0.0,0.0,0.0,137.365835,2.328234,1.164117,0.0,61.698214,0.0,0.0,5.820586,0.0,10.477055,7322.297502,0.0,3.492352,0.0,0.0,11.641172,0.0,1.164117,0.0,0.0,15767.96815,0.0,0.0,3.492352,17.461759,0.0,2004.609904,0.0,21830.690787,0.0,0.0,19.789993,0.0,2736.839654,0.0,1.164117,47.728807,0.0,2988.28898,0.0,0.0,2.328234,0.0,0.0,0.0,0.0,2.328234,0.0,0.0,2.328234,0.0,0.0,2.328234,1.164117,0.0,571.58157,0.0,0.0,3.492352,24.446462,6.984703,6.984703,0.0,0.0,3.492352,0.0,0.0,243.300505,1.164117,71.011152,0.0
TCGA-AB-2881,4.525399,0.0,0.0,9735.641287,16823.924275,1.508466,0.0,0.0,0.0,0.0,0.0,224.761474,0.0,4.525399,45.253988,1.508466,0.0,1.508466,27.152393,34.694724,0.0,0.0,101.06724,0.0,0.0,0.0,0.0,0.0,0.0,18.101595,1.508466,0.0,0.0,111.626504,0.0,0.0,0.0,0.0,0.0,9379.643248,0.0,1.508466,0.0,0.0,24.13546,0.0,1.508466,3.016933,0.0,3148.169099,0.0,0.0,3.016933,13.576196,0.0,1888.599766,0.0,8645.020176,0.0,0.0,12.06773,0.0,181.015952,0.0,1.508466,19.610061,0.0,3786.25033,1.508466,0.0,10.559264,0.0,0.0,1.508466,0.0,0.0,0.0,0.0,3.016933,0.0,0.0,0.0,0.0,0.0,404.26896,0.0,0.0,0.0,3.016933,10.559264,0.0,0.0,0.0,0.0,0.0,0.0,319.794849,0.0,105.592639,0.0
TCGA-AB-2918,4.439485,0.0,0.0,13069.844944,17633.635909,4.439485,0.0,0.0,0.0,0.0,0.0,199.776842,0.0,2.959657,8.878971,0.0,0.0,0.0,14.798285,39.955368,0.0,0.0,105.067821,0.0,0.0,0.0,2.959657,0.0,0.0,59.193138,0.0,0.0,0.0,109.507306,0.0,0.0,0.0,0.0,0.0,7992.553503,0.0,1.479828,0.0,0.0,1183.862767,0.0,0.0,0.0,0.0,4466.122287,0.0,0.0,0.0,11.838628,0.0,1836.467117,0.0,13531.551423,1.479828,0.0,7.399142,0.0,282.647236,0.0,0.0,5.919314,0.0,3313.335918,0.0,0.0,1.479828,0.0,0.0,0.0,0.0,0.0,0.0,0.0,1.479828,0.0,0.0,1.479828,0.0,0.0,63.632624,0.0,0.0,0.0,0.0,13.318456,1.479828,0.0,0.0,0.0,2.959657,0.0,153.90216,0.0,102.108164,0.0
TCGA-AB-3009,1857.823213,0.0,0.0,11146.939277,16767.25837,0.0,0.0,3.230997,0.0,0.0,0.0,948.297588,1.615498,1.615498,48.464953,1.615498,0.0,0.0,12.923988,79.159424,0.0,0.0,85.621418,1.615498,0.0,0.0,0.0,0.0,0.0,87.236916,0.0,0.0,0.0,22.616978,0.0,0.0,0.0,0.0,4.846495,38458.556003,0.0,0.0,0.0,0.0,42.00296,1.615498,0.0,1.615498,0.0,16865.803775,0.0,0.0,3.230997,32.309969,0.0,2651.03295,0.0,12649.352831,0.0,0.0,11.308489,0.0,1277.859271,0.0,0.0,50.080452,0.0,4054.901099,0.0,0.0,4.846495,0.0,0.0,0.0,0.0,0.0,0.0,0.0,3.230997,0.0,0.0,0.0,0.0,1.615498,226.169782,0.0,0.0,0.0,3.230997,0.0,0.0,0.0,1.615498,0.0,0.0,0.0,214.861293,0.0,12.923988,0.0
TCGA-AB-2931,0.0,0.0,0.0,18312.116264,9414.135625,0.948814,0.0,0.0,2.846443,0.0,0.0,203.995078,0.948814,2.846443,7.590515,0.948814,0.0,0.948814,9.488143,130.936375,0.0,0.0,23.720358,0.0,0.0,1.897629,0.948814,0.0,0.0,68.314631,0.0,0.0,0.0,111.960089,0.0,0.0,0.0,0.0,1.897629,6346.618948,0.0,0.948814,0.0,0.0,92.983803,0.948814,0.0,0.0,0.0,3308.515514,0.0,0.0,4.744072,8.539329,0.0,1555.106661,0.0,53127.908709,0.0,0.0,13.2834,0.0,93.932617,0.0,0.948814,73.058702,0.0,2789.514084,0.0,0.0,2.846443,0.948814,0.0,1.897629,0.0,0.0,0.0,0.0,0.948814,0.0,0.0,0.0,0.0,0.0,27.515615,0.0,0.0,0.0,0.948814,37.952573,2.846443,0.0,0.0,0.0,0.0,0.0,166.042505,0.948814,110.06246,0.0
TCGA-AB-2862,0.0,2.288214,0.0,13336.857183,14359.688986,1.144107,0.0,0.0,0.0,0.0,0.0,323.782327,0.0,1.144107,175.048396,1.144107,0.0,1.144107,16.0175,41.187858,0.0,0.0,100.68143,0.0,0.0,0.0,0.0,0.0,0.0,13.729286,2.288214,1.144107,0.0,1219.618234,0.0,0.0,1.144107,0.0,8.00875,28203.385642,0.0,1.144107,0.0,0.0,322.63822,0.0,0.0,0.0,0.0,6501.961,0.0,1.144107,2.288214,28.602679,1.144107,1742.475207,0.0,9581.897479,2.288214,0.0,5.720536,0.0,228.821432,0.0,0.0,22.882143,0.0,4040.986495,0.0,0.0,1.144107,0.0,1.144107,2.288214,0.0,0.0,0.0,0.0,1.144107,0.0,0.0,1.144107,0.0,0.0,42584.812664,0.0,0.0,0.0,0.0,35.467322,0.0,0.0,0.0,0.0,0.0,0.0,264.288754,1.144107,1279.111807,0.0
TCGA-AB-2929,0.0,3.856289,0.0,9278.231249,7874.542066,3.856289,0.0,0.0,0.0,0.0,0.0,1263.577351,1.28543,1.28543,8.998008,0.0,3.856289,17.996015,66.842342,131.113825,0.0,0.0,97.692654,0.0,0.0,1.28543,1.28543,0.0,0.0,61.700623,0.0,0.0,0.0,186.3873,0.0,0.0,0.0,0.0,3.856289,12941.705765,0.0,10.283437,0.0,0.0,66.842342,1.28543,1.28543,0.0,0.0,4860.209525,0.0,0.0,2.570859,11.568867,1.28543,2178.803265,0.0,16346.808921,0.0,0.0,5.141719,0.0,249.373353,0.0,1.28543,352.207725,0.0,2007.841121,0.0,0.0,2.570859,0.0,0.0,1.28543,0.0,0.0,0.0,0.0,3.856289,0.0,0.0,1.28543,1.28543,0.0,615.720805,0.0,0.0,0.0,0.0,16.710586,1.28543,0.0,0.0,0.0,0.0,0.0,394.626904,7.712578,174.818433,0.0
TCGA-AB-2990,10.623455,1.180384,0.0,7451.763612,4929.2832,1.180384,0.0,0.0,0.0,0.0,0.0,445.004733,0.0,1.180384,3.541152,0.0,0.0,0.0,34.231133,30.689982,0.0,0.0,74.364186,0.0,0.0,1.180384,1.180384,0.0,0.0,30.689982,1.180384,1.180384,0.0,289.194057,0.0,0.0,0.0,0.0,1.180384,13201.413628,0.0,3.541152,0.0,0.0,2301.748621,1.180384,0.0,0.0,0.0,937.224823,0.0,0.0,1.180384,27.14883,0.0,2219.121747,0.0,21838.282683,2.360768,0.0,15.344991,0.0,299.817513,0.0,2.360768,8.262687,0.0,1869.72811,0.0,0.0,1.180384,0.0,0.0,0.0,0.0,1.180384,0.0,0.0,7.082303,0.0,0.0,0.0,0.0,0.0,7057.515386,0.0,0.0,0.0,1.180384,25.968446,1.180384,0.0,0.0,0.0,0.0,0.0,154.630292,0.0,277.390218,0.0
TCGA-AB-2870,0.0,1.698762,0.0,6679.531957,15458.733675,8.49381,0.0,0.0,0.0,0.0,0.0,263.308101,0.0,5.096286,27.180191,0.0,0.0,1.698762,33.975239,96.829431,0.0,0.0,113.81705,0.0,0.0,0.0,1.698762,0.0,0.0,103.624478,0.0,3.397524,0.0,152.888575,1.698762,0.0,0.0,0.0,16.987619,14889.648424,0.0,3.397524,0.0,0.0,84.938097,0.0,1.698762,0.0,0.0,3033.988829,0.0,0.0,10.192572,32.276477,0.0,3117.228164,0.0,5661.973554,1.698762,0.0,10.192572,0.0,514.724869,0.0,1.698762,16.987619,0.0,3964.910373,0.0,0.0,3.397524,0.0,0.0,0.0,0.0,1.698762,0.0,0.0,1.698762,0.0,0.0,0.0,0.0,0.0,438.280581,0.0,0.0,0.0,0.0,16.987619,0.0,0.0,0.0,0.0,1.698762,0.0,281.994482,0.0,139.298479,0.0
TCGA-AB-2938,32.582805,0.0,0.0,7479.439126,8617.590221,4.49418,1.123545,1.123545,4.49418,0.0,1.123545,348.298953,0.0,1.123545,30.335715,1.123545,0.0,2.24709,26.96508,33.70635,0.0,0.0,98.871961,0.0,0.0,1.123545,0.0,0.0,1.123545,164.037571,4.49418,0.0,1.123545,399.982023,0.0,0.0,1.123545,1.123545,3.370635,8870.387848,0.0,2.24709,0.0,0.0,37.076985,0.0,0.0,1.123545,0.0,1895.420431,1.123545,0.0,4.49418,3.370635,1.123545,1313.424116,0.0,17518.313784,1.123545,1.123545,2.24709,5.617725,14982.472698,0.0,3.370635,220.214822,4.49418,1865.084715,0.0,0.0,0.0,1.123545,0.0,2.24709,4.49418,1.123545,0.0,0.0,1.123545,0.0,0.0,0.0,1.123545,0.0,620.196845,2.24709,0.0,1.123545,1.123545,1.123545,1.123545,0.0,0.0,15.72963,0.0,0.0,384.252393,6.74127,331.445778,0.0
TCGA-AB-2817,8.460362,0.0,0.0,13752.318668,10664.286485,0.0,0.0,0.0,0.0,0.0,0.0,744.511869,0.0,2.115091,10.575453,0.0,0.0,0.0,40.18672,76.143259,0.0,0.0,158.63179,0.0,0.0,0.0,0.0,0.0,0.0,105.754527,12.690543,0.0,0.0,131.135613,0.0,0.0,0.0,0.0,2.115091,22060.394295,0.0,4.230181,0.0,0.0,21.150905,0.0,2.115091,0.0,0.0,17347.97258,0.0,0.0,4.230181,44.416901,0.0,2914.594759,0.0,25698.350018,0.0,0.0,10.575453,0.0,1772.44587,0.0,2.115091,38.07163,0.0,3895.996768,0.0,0.0,2.115091,0.0,0.0,4.230181,0.0,4.230181,0.0,0.0,4.230181,0.0,0.0,0.0,0.0,0.0,738.166597,0.0,0.0,0.0,0.0,8.460362,6.345272,0.0,0.0,0.0,0.0,0.0,253.810864,0.0,84.603621,0.0
TCGA-AB-2808,1.101108,7.707757,2.202216,8012.764046,35348.875108,8.808865,0.0,0.0,0.0,0.0,0.0,353.455718,0.0,0.0,7.707757,2.202216,0.0,0.0,133.234087,47.347651,0.0,0.0,170.671764,1.101108,0.0,1.101108,1.101108,0.0,0.0,29.72992,1.101108,2.202216,0.0,101.30195,0.0,0.0,0.0,0.0,6.606649,21891.131234,0.0,3.303324,0.0,0.0,22.022163,0.0,1.101108,2.202216,0.0,2224.238474,0.0,0.0,7.707757,13.213298,0.0,3268.089005,0.0,8207.660189,4.404433,0.0,17.61773,0.0,1824.536213,0.0,1.101108,30.831028,0.0,4088.41458,0.0,0.0,1.101108,0.0,0.0,4.404433,0.0,1.101108,0.0,0.0,4.404433,0.0,0.0,1.101108,0.0,0.0,447.049911,0.0,0.0,1.101108,5.505541,22.022163,5.505541,0.0,0.0,2.202216,0.0,0.0,288.490337,0.0,112.313032,0.0
TCGA-AB-3011,3.311606,1.103869,0.0,12524.492083,9103.603579,0.0,0.0,0.0,0.0,0.0,0.0,197.592463,0.0,6.623211,2.207737,0.0,0.0,0.0,6.623211,68.439847,0.0,0.0,49.674083,0.0,0.0,1.103869,1.103869,0.0,0.0,32.012187,1.103869,1.103869,0.0,86.101744,0.0,0.0,0.0,0.0,1.103869,22655.797241,0.0,0.0,0.0,0.0,1595.089993,0.0,0.0,2.207737,0.0,4460.732638,0.0,0.0,3.311606,11.038685,0.0,1673.464657,0.0,36878.039088,0.0,0.0,9.934817,0.0,460.313167,0.0,0.0,0.0,0.0,2825.903378,0.0,0.0,3.311606,0.0,0.0,1.103869,0.0,0.0,0.0,0.0,4.415474,0.0,0.0,0.0,0.0,0.0,3607.442281,0.0,0.0,0.0,0.0,23.181239,0.0,0.0,0.0,0.0,0.0,0.0,137.983563,1.103869,100.452034,0.0
TCGA-AB-2818,0.0,0.0,0.0,10593.619289,16969.558575,10.224679,0.0,0.852057,0.0,0.0,0.0,421.768,0.0,2.55617,4.260283,0.0,0.0,0.852057,59.64396,34.082263,0.0,0.0,30.674036,0.0,0.0,0.852057,0.0,0.0,0.0,49.419281,1.704113,1.704113,0.0,27.26581,0.0,0.0,0.852057,0.0,1.704113,6008.702906,0.0,1.704113,0.0,0.0,342.52674,0.0,0.852057,1.704113,0.0,352.751418,0.0,0.0,1.704113,17.041131,1.704113,2607.293093,0.0,24909.02166,0.852057,0.0,12.780848,0.0,897.215564,0.0,2.55617,44.306941,0.0,1389.70426,0.0,0.0,1.704113,0.0,0.0,3.408226,0.0,0.852057,0.0,0.0,4.260283,0.0,0.0,0.852057,0.0,0.852057,386.833681,0.0,0.0,0.0,0.852057,9.372622,0.852057,0.0,0.0,0.0,0.0,0.0,113.323523,0.852057,27.26581,0.0
TCGA-AB-2883,0.0,0.0,0.0,10379.7637,26621.610983,9.083807,0.0,0.0,0.0,0.0,0.0,1032.526086,0.0,0.0,12.111743,0.0,0.0,0.0,3.027936,27.251422,3.027936,0.0,112.033622,0.0,0.0,0.0,3.027936,0.0,0.0,66.614586,3.027936,0.0,0.0,42.3911,0.0,0.0,0.0,0.0,0.0,15960.24926,0.0,15.139679,0.0,0.0,115.061558,0.0,0.0,3.027936,0.0,869.017556,0.0,0.0,21.19555,45.419036,0.0,3046.10335,0.0,30197.603086,3.027936,0.0,15.139679,0.0,4832.585433,0.0,0.0,21.19555,0.0,2985.544635,0.0,0.0,6.055871,0.0,0.0,3.027936,0.0,3.027936,0.0,0.0,0.0,0.0,0.0,0.0,3.027936,0.0,811.486777,0.0,0.0,0.0,0.0,6.055871,0.0,0.0,0.0,0.0,0.0,0.0,96.893944,0.0,60.558715,0.0
TCGA-AB-2869,2.089205,0.0,0.0,13822.179417,8948.064456,2.089205,0.0,0.0,0.0,0.0,0.0,626.761461,0.0,0.0,4.17841,0.0,0.0,8.356819,35.516483,87.746605,0.0,0.0,41.784097,0.0,0.0,0.0,0.0,0.0,0.0,41.784097,0.0,0.0,2.089205,98.192629,0.0,0.0,0.0,0.0,2.089205,8404.87119,0.0,2.089205,0.0,0.0,91.925014,0.0,2.089205,2.089205,0.0,2970.849324,0.0,0.0,8.356819,10.446024,0.0,1765.378115,0.0,48014.106311,2.089205,0.0,16.713639,0.0,194.296053,0.0,2.089205,56.408531,0.0,1980.566216,0.0,0.0,0.0,0.0,0.0,0.0,0.0,0.0,0.0,0.0,2.089205,0.0,0.0,0.0,0.0,0.0,524.390422,0.0,0.0,0.0,2.089205,22.981254,0.0,0.0,2.089205,0.0,0.0,0.0,269.507428,2.089205,100.281834,0.0
TCGA-AB-2880,0.0,3.193613,0.0,6910.978044,21405.189621,9.580838,0.0,0.0,0.0,0.0,0.0,431.137725,0.0,4.790419,17.56487,0.0,0.0,1.596806,73.453094,106.986028,1.596806,0.0,169.261477,0.0,1.596806,3.193613,0.0,0.0,0.0,116.566866,0.0,0.0,0.0,212.37525,0.0,0.0,0.0,0.0,6.387226,29997.60479,0.0,0.0,0.0,1.596806,11.177645,0.0,0.0,0.0,0.0,4114.97006,0.0,0.0,3.193613,30.339321,0.0,2816.766467,0.0,2510.179641,1.596806,0.0,20.758483,0.0,456.686627,0.0,1.596806,7.984032,0.0,4911.776447,0.0,0.0,1.596806,0.0,1.596806,0.0,0.0,3.193613,0.0,0.0,1.596806,0.0,0.0,1.596806,0.0,0.0,370.459082,0.0,0.0,0.0,0.0,17.56487,3.193613,0.0,0.0,0.0,0.0,0.0,455.08982,0.0,218.762475,0.0
TCGA-AB-2834,2.97266,7.431651,0.0,7892.413473,18038.103562,0.0,0.0,0.0,0.0,0.0,0.0,720.870157,0.0,17.835963,7.431651,0.0,1.48633,1.48633,81.748162,107.015776,0.0,0.0,203.62724,0.0,0.0,7.431651,1.48633,0.0,0.0,331.451639,0.0,0.0,0.0,80.261832,0.0,0.0,1.48633,0.0,17.835963,10117.449814,0.0,2.97266,0.0,1.48633,6975.347727,4.458991,1.48633,1.48633,0.0,477.112001,0.0,0.0,1.48633,8.917981,0.0,4393.592133,0.0,5784.79722,2.97266,0.0,20.808623,0.0,2168.555792,0.0,2.97266,40.130916,0.0,7037.773596,0.0,0.0,13.376972,0.0,0.0,1.48633,0.0,0.0,0.0,0.0,11.890642,0.0,0.0,0.0,2.97266,0.0,508.324936,0.0,0.0,0.0,5.945321,29.726604,0.0,0.0,0.0,1.48633,0.0,0.0,480.084661,2.97266,60.939539,0.0
TCGA-AB-2810,3.084544,1.542272,0.0,9492.685003,7739.121583,3.084544,0.0,0.0,0.0,0.0,0.0,277.608985,0.0,1.542272,6.169089,0.0,0.0,4.626816,12.338177,27.760898,0.0,0.0,47.810436,0.0,0.0,1.542272,0.0,0.0,0.0,13.880449,1.542272,0.0,0.0,171.192207,0.0,0.0,0.0,0.0,4.626816,23383.930141,0.0,0.0,0.0,0.0,657.00793,1.542272,0.0,0.0,0.0,2763.75167,0.0,0.0,3.084544,33.929987,1.542272,1661.027092,0.0,42466.463292,1.542272,0.0,6.169089,0.0,100.247689,0.0,0.0,9.253633,0.0,2004.953778,0.0,0.0,0.0,0.0,0.0,1.542272,0.0,0.0,0.0,0.0,4.626816,0.0,0.0,0.0,0.0,0.0,6733.56015,0.0,0.0,0.0,0.0,30.845443,1.542272,0.0,1.542272,0.0,0.0,0.0,169.649935,0.0,183.530384,0.0
TCGA-AB-2984,2.604576,0.0,0.0,10361.871093,23149.470533,0.868192,0.0,0.0,0.0,0.0,0.0,483.582924,0.0,0.868192,1.736384,0.0,0.0,0.0,6.945536,66.850781,0.0,0.0,156.274554,0.868192,0.0,0.0,0.0,0.0,0.0,32.123103,0.0,0.868192,0.0,190.13404,0.0,0.868192,0.0,0.0,2.604576,31760.198434,0.0,1.736384,0.0,0.0,331.64933,0.0,0.868192,0.868192,0.868192,3897.313727,0.868192,0.868192,6.945536,32.991295,0.0,2334.568192,0.0,13668.814284,2.604576,0.0,8.68192,0.0,254.380246,0.0,6.945536,7.813728,0.0,5710.96674,0.0,0.0,2.604576,2.604576,0.0,1.736384,0.0,1.736384,0.868192,0.0,0.868192,0.0,0.0,0.0,0.868192,0.0,1678.215067,0.868192,0.0,0.0,0.868192,42.541406,0.0,0.0,0.868192,0.0,0.0,0.0,92.028348,0.0,164.088281,0.0
TCGA-AB-2940,5.478642,5.478642,0.0,10077.047962,14768.591313,5.478642,0.0,0.0,0.0,0.0,0.0,244.712654,0.0,14.609711,14.609711,0.0,0.0,3.652428,538.733082,78.527195,0.0,0.0,155.228176,0.0,0.0,1.826214,0.0,0.0,0.0,73.048554,0.0,0.0,0.0,193.578667,1.826214,0.0,0.0,0.0,3.652428,32477.386907,0.0,1.826214,0.0,0.0,31.045635,0.0,1.826214,0.0,0.0,5440.291025,0.0,0.0,1.826214,42.002918,0.0,3183.090721,0.0,16437.750762,0.0,0.0,14.609711,0.0,931.369058,0.0,0.0,78.527195,0.0,3710.86652,0.0,0.0,3.652428,0.0,0.0,0.0,0.0,0.0,0.0,0.0,21.914566,0.0,0.0,0.0,0.0,0.0,387.157334,0.0,0.0,0.0,1.826214,18.262138,0.0,0.0,0.0,1.826214,1.826214,0.0,525.949586,0.0,142.444679,0.0
TCGA-AB-2894,4.052028,2.026014,0.0,11029.620325,26670.44856,4.052028,0.0,0.0,0.0,0.0,0.0,2660.156408,2.026014,2.026014,12.156084,0.0,0.0,8.104056,22.286154,26.338182,0.0,0.0,109.404757,0.0,0.0,0.0,4.052028,0.0,0.0,91.170631,8.104056,0.0,0.0,1497.224361,0.0,2.026014,0.0,0.0,6.078042,7939.948944,0.0,10.13007,0.0,0.0,16029.822926,0.0,0.0,2.026014,0.0,490.295393,0.0,0.0,30.39021,24.312168,0.0,2461.607034,0.0,14710.887799,0.0,0.0,6.078042,0.0,214.757486,0.0,2.026014,125.612869,0.0,3353.053203,0.0,0.0,2.026014,0.0,0.0,4.052028,0.0,2.026014,0.0,0.0,2.026014,0.0,0.0,0.0,2.026014,0.0,66.858463,0.0,0.0,0.0,0.0,14.182098,6.078042,0.0,0.0,0.0,0.0,0.0,283.641963,4.052028,1219.66044,0.0
TCGA-AB-2861,290.780505,0.0,0.0,13635.998334,14518.568308,7.306043,0.0,0.0,0.0,0.0,0.0,657.543855,0.0,5.844834,27.762963,0.0,0.0,1.461209,29.224171,42.375048,0.0,0.0,40.91384,0.0,0.0,0.0,1.461209,0.0,0.0,187.034696,2.922417,1.461209,0.0,37.991423,0.0,1.461209,0.0,0.0,5.844834,2511.817524,0.0,2.922417,0.0,0.0,6851.606964,0.0,0.0,0.0,0.0,336.07797,0.0,0.0,7.306043,11.689669,1.461209,1898.109927,0.0,37573.517056,7.306043,0.0,2.922417,0.0,3230.732139,0.0,2.922417,162.194151,0.0,2207.886143,0.0,0.0,0.0,0.0,1.461209,1.461209,0.0,0.0,0.0,0.0,4.383626,0.0,0.0,1.461209,0.0,4.383626,169.500194,1.461209,0.0,0.0,0.0,10.22846,1.461209,0.0,0.0,0.0,4.383626,0.0,464.664324,7.306043,24.840546,0.0
TCGA-AB-2882,17.058169,0.0,0.0,10176.264197,10272.2164,3.198407,0.0,0.0,0.0,0.0,0.0,281.459795,0.0,3.198407,30.917932,0.0,1.066136,3.198407,73.563356,54.372915,0.0,0.0,77.827898,0.0,0.0,2.132271,0.0,0.0,0.0,51.174508,2.132271,0.0,0.0,1161.021656,1.066136,0.0,0.0,0.0,3.198407,19752.294057,0.0,0.0,0.0,0.0,74.629491,0.0,1.066136,0.0,0.0,2292.191516,1.066136,1.066136,2.132271,20.256576,0.0,2122.675958,0.0,11102.736024,3.198407,0.0,17.058169,2.132271,5232.593471,0.0,0.0,346.494066,0.0,3297.557377,0.0,0.0,3.198407,0.0,0.0,3.198407,0.0,0.0,0.0,0.0,8.529085,0.0,0.0,0.0,0.0,0.0,21100.955577,0.0,0.0,0.0,21.322712,7.462949,0.0,0.0,0.0,5.330678,0.0,0.0,355.023151,4.264542,1203.66708,0.0
TCGA-AB-2830,0.0,4.861457,0.0,19403.693735,13002.775892,3.240971,0.0,0.0,0.0,0.0,0.0,499.109543,0.0,3.240971,22.686797,0.0,0.0,3.240971,71.301363,63.198936,0.0,0.0,90.74719,1.620486,0.0,0.0,0.0,0.0,0.0,123.1569,0.0,3.240971,0.0,82.644762,0.0,0.0,0.0,0.0,8.102428,10077.79951,0.0,1.620486,0.0,0.0,1226.707546,0.0,0.0,1.620486,0.0,4260.256458,0.0,0.0,9.722913,29.16874,0.0,1913.793411,0.0,56170.889922,1.620486,0.0,6.481942,0.0,500.730029,0.0,0.0,186.355836,0.0,3218.284262,0.0,0.0,0.0,0.0,0.0,1.620486,0.0,0.0,0.0,0.0,0.0,0.0,0.0,0.0,0.0,0.0,243.072829,0.0,0.0,0.0,1.620486,42.132624,0.0,0.0,0.0,0.0,3.240971,0.0,617.404987,4.861457,72.921849,0.0
TCGA-AB-2909,0.734704,1.469408,0.734704,10364.472056,19066.308523,0.734704,0.0,0.0,0.0,0.0,0.0,90.368616,0.0,5.142929,13.224675,0.0,0.0,0.0,20.571717,77.878645,2.204113,0.0,36.000505,0.0,0.0,0.0,1.469408,0.0,0.0,19.837013,0.0,0.0,0.0,136.65498,0.0,0.0,0.0,0.0,2.204113,9132.373124,0.0,0.734704,0.0,0.0,11.020563,0.0,0.0,2.204113,0.0,4068.057119,0.0,0.0,5.877634,25.714647,0.0,1509.817117,0.0,11856.656273,0.0,0.0,5.142929,0.0,80.082757,0.0,0.734704,0.734704,0.0,2401.748008,0.0,0.734704,1.469408,0.0,0.0,2.204113,0.0,0.0,0.0,0.0,0.734704,0.0,0.0,0.0,0.0,0.0,1992.517772,0.734704,0.0,0.0,0.0,8.81645,1.469408,0.0,0.0,0.0,0.0,0.0,128.573234,0.0,119.022079,0.0
TCGA-AB-2921,1.374196,2.748393,1.374196,13347.570008,20923.514975,6.870982,0.0,0.0,0.0,0.0,0.0,214.374644,0.0,2.748393,1.374196,1.374196,0.0,0.0,15.116161,37.103304,0.0,0.0,116.806697,0.0,0.0,0.0,0.0,0.0,0.0,45.348482,0.0,0.0,0.0,70.084018,0.0,0.0,0.0,1.374196,1.374196,4389.183425,0.0,1.374196,1.374196,0.0,31.606518,0.0,0.0,0.0,0.0,2711.289573,1.374196,0.0,2.748393,10.993572,1.374196,1756.223049,0.0,32028.396395,0.0,0.0,17.864554,0.0,53.593661,0.0,1.374196,4.122589,0.0,3288.452078,0.0,0.0,1.374196,0.0,0.0,1.374196,0.0,2.748393,0.0,0.0,2.748393,0.0,0.0,0.0,0.0,0.0,4.122589,0.0,0.0,0.0,0.0,19.23875,1.374196,0.0,0.0,0.0,0.0,0.0,163.529376,0.0,65.961429,0.0
TCGA-AB-2998,3.50684,3.50684,0.0,13276.896587,20572.877397,12.27394,0.0,0.0,0.0,0.0,0.0,398.02635,0.0,8.7671,348.930589,1.75342,0.0,3.50684,24.547881,75.397062,0.0,0.0,75.397062,0.0,0.0,0.0,1.75342,0.0,0.0,68.383382,0.0,1.75342,0.0,1048.545187,0.0,0.0,0.0,0.0,7.01368,27795.214566,0.0,0.0,0.0,0.0,357.697689,1.75342,1.75342,0.0,0.0,4986.72661,1.75342,0.0,7.01368,21.041041,0.0,2009.419372,0.0,6911.981821,0.0,0.0,12.27394,0.0,87.671002,0.0,1.75342,63.123122,0.0,5426.835042,0.0,0.0,1.75342,0.0,0.0,0.0,0.0,1.75342,0.0,0.0,0.0,0.0,0.0,0.0,0.0,0.0,20018.796663,0.0,0.0,0.0,0.0,17.5342,1.75342,0.0,0.0,0.0,0.0,0.0,298.081408,0.0,1095.887529,0.0
TCGA-AB-2991,7.482644,2.993058,0.0,11991.685286,17341.775751,4.489586,0.0,0.0,0.0,0.0,0.0,308.284933,0.0,2.993058,169.107755,0.0,0.0,366.649556,46.392393,61.357681,1.496529,0.0,109.246603,0.0,0.0,0.0,1.496529,0.0,0.0,25.44099,11.97223,2.993058,0.0,1179.264696,0.0,0.0,0.0,0.0,4.489586,41536.156884,0.0,0.0,0.0,0.0,70.336854,1.496529,2.993058,0.0,0.0,5650.892754,0.0,0.0,7.482644,19.454874,0.0,1967.935374,0.0,10632.837134,4.489586,0.0,4.489586,0.0,653.983086,2.993058,2.993058,7431.762028,0.0,5128.604203,0.0,0.0,5.986115,0.0,0.0,4.489586,0.0,0.0,0.0,0.0,0.0,0.0,0.0,0.0,0.0,0.0,36986.709328,0.0,0.0,0.0,0.0,35.916691,1.496529,0.0,0.0,1.496529,1.496529,0.0,359.166912,490.861447,1164.299408,0.0
TCGA-AB-2952,13.564349,2.260725,0.0,14443.771251,6748.263763,0.0,0.0,0.0,0.0,0.0,0.0,671.435289,0.0,2.260725,33.910873,0.0,2.260725,2.260725,144.686392,79.125371,0.0,0.0,135.643493,0.0,0.0,0.0,2.260725,0.0,0.0,103.993344,2.260725,4.52145,0.0,81.386096,0.0,0.0,0.0,0.0,0.0,3954.007813,0.0,0.0,0.0,2.260725,67.821746,2.260725,0.0,2.260725,0.0,922.375751,0.0,0.0,9.0429,20.346524,2.260725,3171.797005,0.0,19424.148159,0.0,0.0,18.085799,0.0,730.214136,0.0,0.0,289.372784,0.0,4171.037401,2.260725,0.0,6.782175,0.0,0.0,4.52145,0.0,0.0,2.260725,0.0,11.303624,0.0,0.0,2.260725,2.260725,0.0,1329.306229,0.0,0.0,2.260725,0.0,13.564349,4.52145,4.52145,0.0,15.825074,0.0,0.0,325.544383,22.607249,70.082471,0.0
TCGA-AB-2844,10.379878,0.0,0.0,12157.431603,36895.27482,7.784908,0.0,0.0,0.0,0.0,0.0,563.108358,0.0,2.594969,5.189939,0.0,0.0,0.0,15.569816,75.254112,0.0,0.0,72.659143,0.0,0.0,0.0,0.0,0.0,0.0,121.963561,0.0,0.0,0.0,153.103194,0.0,0.0,2.594969,0.0,0.0,16802.426815,0.0,0.0,0.0,0.0,59.684296,2.594969,0.0,0.0,0.0,3568.082914,0.0,2.594969,2.594969,59.684296,0.0,3098.393454,0.0,14902.90922,7.784908,0.0,10.379878,0.0,887.479532,0.0,2.594969,5.189939,0.0,5755.642112,0.0,0.0,0.0,0.0,0.0,5.189939,0.0,0.0,0.0,0.0,0.0,0.0,0.0,2.594969,0.0,0.0,202.407613,0.0,0.0,0.0,2.594969,18.164786,2.594969,0.0,0.0,0.0,2.594969,0.0,373.675592,0.0,145.318286,0.0
TCGA-AB-2877,3.189121,0.0,0.0,13112.0721,11689.724013,0.0,0.0,0.0,0.0,0.0,0.0,433.720493,0.0,6.378243,6.378243,0.0,0.0,0.0,3.189121,71.755229,1.594561,0.0,84.511714,0.0,1.594561,0.0,0.0,0.0,0.0,22.323849,0.0,0.0,0.0,70.160668,0.0,0.0,0.0,0.0,3.189121,16234.221823,0.0,0.0,0.0,0.0,14685.903446,0.0,1.594561,0.0,0.0,2455.623378,0.0,0.0,3.189121,27.107531,1.594561,1739.665653,0.0,27286.121582,1.594561,0.0,20.729288,0.0,95.673638,0.0,1.594561,1.594561,0.0,2568.837183,0.0,0.0,3.189121,0.0,0.0,1.594561,0.0,1.594561,0.0,0.0,0.0,0.0,0.0,0.0,0.0,0.0,2034.65937,0.0,0.0,0.0,0.0,17.540167,0.0,0.0,0.0,0.0,0.0,0.0,138.726775,0.0,66.971547,0.0
TCGA-AB-2836,3.011664,1.003888,1.003888,11127.09524,11167.250762,7.027216,0.0,0.0,0.0,0.0,0.0,229.890365,0.0,7.027216,14.054433,0.0,0.0,1.003888,26.10109,39.151634,0.0,0.0,44.171075,0.0,0.0,0.0,1.003888,0.0,0.0,123.478231,0.0,1.003888,0.0,22.085537,0.0,1.003888,0.0,0.0,5.01944,4315.714763,0.0,0.0,1.003888,1.003888,170.66097,0.0,1.003888,0.0,0.0,2048.935527,0.0,0.0,3.011664,24.093313,0.0,2168.398206,0.0,42002.676366,0.0,0.0,5.01944,0.0,67.2605,0.0,0.0,14.054433,0.0,1681.512498,0.0,0.0,3.011664,0.0,0.0,0.0,0.0,0.0,0.0,0.0,1.003888,0.0,0.0,1.003888,0.0,0.0,38.147746,0.0,0.0,0.0,0.0,14.054433,1.003888,1.003888,0.0,0.0,0.0,0.0,225.874813,1.003888,20.077761,0.0
TCGA-AB-2899,26.153988,2.27426,0.0,9184.598258,12395.853115,1.13713,0.0,0.0,0.0,0.0,0.0,407.092507,0.0,2.27426,40.936677,0.0,0.0,5.68565,57.993625,60.267885,0.0,0.0,31.839637,0.0,1.13713,0.0,3.41139,0.0,0.0,67.090665,0.0,1.13713,0.0,346.824622,0.0,0.0,0.0,0.0,5.68565,9525.73723,1.13713,3.41139,0.0,0.0,179.666525,1.13713,0.0,0.0,0.0,10797.048466,0.0,0.0,3.41139,19.331208,1.13713,1804.625162,0.0,22330.957111,0.0,0.0,9.097039,0.0,2698.409269,0.0,3.41139,125.08429,0.0,1875.127216,0.0,0.0,3.41139,0.0,0.0,0.0,0.0,0.0,0.0,0.0,3.41139,0.0,0.0,1.13713,0.0,0.0,327.493413,0.0,0.0,0.0,4.54852,11.371299,2.27426,0.0,1.13713,0.0,0.0,0.0,345.687492,1.13713,311.573594,0.0
TCGA-AB-2889,0.0,2.507727,0.0,8349.476825,12951.155749,0.0,0.0,0.0,0.0,0.0,0.0,254.534284,0.0,3.76159,26.331133,0.0,0.0,1.253863,12.538635,50.154539,0.0,0.0,114.101575,0.0,0.0,0.0,0.0,0.0,0.0,16.300225,0.0,0.0,0.0,129.147937,0.0,0.0,0.0,0.0,0.0,15694.609014,0.0,0.0,0.0,0.0,67.708627,0.0,1.253863,1.253863,0.0,3859.391751,0.0,0.0,5.015454,18.807952,1.253863,2180.468569,0.0,4280.689876,0.0,0.0,10.030908,0.0,394.966992,0.0,6.269317,50.154539,0.0,3530.879523,0.0,1.253863,2.507727,0.0,0.0,0.0,0.0,1.253863,0.0,0.0,1.253863,0.0,0.0,0.0,0.0,0.0,393.713129,0.0,0.0,0.0,1.253863,17.554089,1.253863,0.0,0.0,0.0,0.0,0.0,312.212003,5.015454,114.101575,0.0
TCGA-AB-2944,0.0,0.0,0.0,11341.352976,11416.225158,3.565342,0.0,3.565342,0.0,0.0,0.0,285.227362,0.0,3.565342,0.0,0.0,0.0,0.0,14.261368,388.622281,0.0,0.0,103.394919,0.0,0.0,0.0,0.0,0.0,0.0,53.48013,0.0,3.565342,0.0,766.548535,0.0,0.0,0.0,0.0,3.565342,30772.467003,0.0,10.696026,0.0,0.0,42.784104,0.0,0.0,0.0,0.0,8760.045351,0.0,0.0,0.0,14.261368,0.0,2028.679611,0.0,27388.957423,3.565342,0.0,17.82671,0.0,28.522736,0.0,0.0,10.696026,0.0,6378.39688,0.0,0.0,7.130684,0.0,0.0,3.565342,0.0,0.0,0.0,0.0,0.0,0.0,0.0,0.0,0.0,0.0,1590.142542,0.0,0.0,0.0,0.0,21.392052,0.0,0.0,0.0,0.0,0.0,0.0,110.525603,0.0,841.420717,0.0
TCGA-AB-2901,3.049357,3.049357,0.0,7565.454446,12255.365343,7.623392,0.0,0.0,0.0,0.0,0.0,507.717922,0.0,0.0,10.672749,3.049357,0.0,0.0,33.542926,128.072989,0.0,0.0,114.350883,0.0,0.0,3.049357,1.524678,0.0,0.0,79.283279,0.0,0.0,0.0,178.387378,0.0,0.0,1.524678,0.0,3.049357,4105.959053,0.0,1.524678,0.0,0.0,27.444212,0.0,0.0,0.0,0.0,1044.404735,0.0,0.0,0.0,16.771463,0.0,1786.923138,0.0,7908.507096,0.0,0.0,4.574035,0.0,141.795095,0.0,1.524678,25.919534,0.0,3955.015887,0.0,0.0,1.524678,0.0,0.0,0.0,0.0,1.524678,0.0,0.0,7.623392,0.0,0.0,0.0,0.0,0.0,379.644933,0.0,0.0,0.0,0.0,10.672749,1.524678,0.0,0.0,0.0,0.0,0.0,246.997908,3.049357,170.763986,0.0
TCGA-AB-2986,0.0,2.727977,0.0,16365.134271,10052.595397,2.727977,0.0,0.0,0.0,0.0,0.0,537.411477,0.0,0.0,2.727977,0.0,0.0,0.0,38.191679,32.735724,0.0,0.0,60.015495,0.0,2.727977,0.0,0.0,0.0,0.0,8.183931,0.0,0.0,0.0,204.598278,0.0,0.0,0.0,0.0,2.727977,10017.131696,0.0,8.183931,0.0,0.0,136.398852,0.0,0.0,2.727977,0.0,1805.920801,0.0,0.0,0.0,24.551793,0.0,1792.280916,0.0,43050.205689,0.0,0.0,5.455954,0.0,57.287518,0.0,2.727977,57.287518,0.0,3609.113626,0.0,0.0,2.727977,0.0,0.0,2.727977,0.0,2.727977,0.0,0.0,8.183931,0.0,0.0,0.0,0.0,0.0,185.502439,0.0,0.0,0.0,0.0,8.183931,2.727977,0.0,0.0,0.0,0.0,0.0,158.222668,0.0,212.782209,0.0
TCGA-AB-2924,1.937998,1.937998,0.0,13047.569121,15228.785467,7.751991,0.0,0.0,0.0,0.0,0.0,115.31086,0.0,3.875995,5.813993,0.0,0.968999,0.0,8.720989,46.511943,0.0,0.0,39.728952,0.0,0.0,0.0,0.0,0.0,0.0,52.325936,0.0,0.0,0.0,27.131967,0.0,0.0,0.0,0.0,0.968999,4878.909062,0.0,0.0,0.0,0.0,35.852956,0.0,0.968999,0.968999,0.0,954.463838,0.0,0.0,2.906996,21.317974,0.0,1928.307653,0.0,41527.413461,0.968999,0.0,14.534982,0.0,53.294935,0.0,0.0,0.0,0.0,2144.39439,0.0,0.0,0.0,0.0,0.0,1.937998,0.0,0.0,0.0,0.0,0.968999,0.0,0.0,0.968999,0.968999,0.0,31.007962,0.0,0.0,0.0,0.0,16.47298,0.968999,0.0,0.0,0.0,0.0,0.0,214.148739,0.0,32.94596,0.0
TCGA-AB-2920,1.526624,0.0,0.0,14321.262824,5295.859795,3.053249,0.0,1.526624,0.0,0.0,0.0,793.844651,0.0,1.526624,1.526624,0.0,4.579873,0.0,44.272106,48.851979,0.0,0.0,80.911089,0.0,1.526624,0.0,0.0,0.0,0.0,13.739619,0.0,3.053249,0.0,141.976063,0.0,0.0,1.526624,0.0,0.0,883.915486,0.0,3.053249,0.0,0.0,6.106497,0.0,0.0,1.526624,0.0,2193.75916,0.0,0.0,3.053249,24.425989,0.0,2256.350757,0.0,37558.011724,4.579873,0.0,27.479238,0.0,293.111871,0.0,0.0,1.526624,0.0,3926.477772,0.0,0.0,0.0,0.0,0.0,3.053249,0.0,0.0,0.0,0.0,10.68637,0.0,0.0,0.0,0.0,0.0,1464.032731,0.0,0.0,0.0,0.0,6.106497,0.0,0.0,0.0,10.68637,3.053249,0.0,134.342941,1.526624,114.496825,1.526624
TCGA-AB-2822,10.738947,0.0,0.0,14162.523223,32137.372609,4.295579,0.0,0.0,0.0,0.0,0.0,801.125442,0.0,0.0,2.147789,0.0,0.0,0.0,23.625683,68.72926,0.0,0.0,169.675362,0.0,0.0,0.0,0.0,0.0,0.0,25.773473,0.0,2.147789,0.0,1228.53553,0.0,0.0,0.0,0.0,12.886736,35204.415855,0.0,0.0,0.0,0.0,23.625683,0.0,2.147789,2.147789,0.0,7528.001804,0.0,0.0,10.738947,40.807998,0.0,2581.642844,0.0,13344.215466,2.147789,0.0,10.738947,0.0,1316.594895,0.0,8.591158,17.182315,0.0,7418.464545,0.0,0.0,6.443368,0.0,0.0,2.147789,0.0,2.147789,0.0,0.0,0.0,0.0,0.0,0.0,0.0,0.0,81.615997,0.0,0.0,0.0,0.0,12.886736,0.0,0.0,0.0,4.295579,0.0,0.0,186.857677,0.0,1080.338062,0.0
TCGA-AB-2912,7.000046,0.0,0.0,9451.46238,12908.085193,4.200028,0.0,0.0,0.0,0.0,0.0,432.602855,0.0,2.800018,23.800157,0.0,0.0,0.0,11.200074,57.400379,0.0,0.0,92.40061,0.0,0.0,0.0,1.400009,0.0,0.0,82.600545,0.0,1.400009,0.0,19.600129,0.0,0.0,0.0,0.0,0.0,8346.855089,0.0,19.600129,0.0,0.0,51.800342,1.400009,0.0,0.0,0.0,925.406108,1.400009,0.0,7.000046,33.600222,0.0,2780.418351,0.0,17402.114854,5.600037,0.0,8.400055,0.0,2788.818406,1.400009,2.800018,37.800249,0.0,2385.615745,0.0,0.0,0.0,0.0,0.0,2.800018,0.0,0.0,0.0,0.0,2.800018,0.0,0.0,0.0,1.400009,1.400009,333.202199,0.0,0.0,1.400009,2.800018,1.400009,0.0,0.0,0.0,0.0,0.0,0.0,239.40158,0.0,7.000046,0.0
TCGA-AB-2911,11.587673,2.317535,0.0,7314.139511,19914.575671,6.952604,0.0,2.317535,0.0,0.0,0.0,166.862498,0.0,6.952604,13.905208,4.635069,0.0,0.0,16.222743,127.464408,2.317535,0.0,97.336457,0.0,0.0,2.317535,0.0,0.0,0.0,702.213014,0.0,2.317535,0.0,6.952604,0.0,2.317535,0.0,0.0,2.317535,17761.585935,0.0,2.317535,0.0,0.0,1409.061097,0.0,0.0,0.0,0.0,1024.350337,0.0,0.0,25.492882,23.175347,0.0,2996.572366,0.0,14899.430582,0.0,0.0,6.952604,0.0,315.184719,0.0,0.0,9.270139,6.952604,4746.311064,0.0,0.0,2.317535,0.0,0.0,0.0,0.0,2.317535,0.0,0.0,6.952604,0.0,0.0,0.0,0.0,0.0,252.611282,0.0,0.0,0.0,0.0,13.905208,2.317535,2.317535,0.0,0.0,0.0,0.0,301.279511,0.0,6.952604,0.0
TCGA-AB-2959,7.068037,0.0,0.0,10851.203687,13584.766967,3.534018,0.0,0.0,0.0,0.0,0.0,579.579028,0.0,5.301028,33.573175,0.0,0.0,7.068037,51.243268,79.515415,0.0,0.0,56.544295,0.0,0.0,3.534018,1.767009,0.0,0.0,51.243268,0.0,0.0,0.0,7.068037,1.767009,0.0,0.0,0.0,5.301028,23054.169435,0.0,10.602055,1.767009,0.0,31.806166,0.0,1.767009,0.0,0.0,5693.303742,0.0,0.0,3.534018,37.107194,0.0,1922.506043,0.0,23283.880635,3.534018,0.0,1.767009,0.0,632.589305,0.0,1.767009,121.923637,0.0,3572.892665,0.0,0.0,3.534018,0.0,0.0,1.767009,0.0,0.0,0.0,0.0,1.767009,0.0,0.0,1.767009,0.0,0.0,160.79784,0.0,0.0,0.0,30.039157,7.068037,0.0,0.0,0.0,0.0,0.0,0.0,227.944191,1.767009,17.670092,0.0
TCGA-AB-2933,5.649909,5.649909,0.0,13642.64702,18893.295818,9.416515,0.0,0.0,0.0,0.0,0.0,947.301415,0.0,7.533212,28.249545,0.0,0.0,0.0,276.845543,60.265696,0.0,0.0,79.098727,0.0,0.0,3.766606,1.883303,0.0,0.0,177.030483,0.0,0.0,0.0,39.549363,0.0,0.0,0.0,1.883303,0.0,16004.308997,0.0,5.649909,0.0,0.0,15.066424,1.883303,1.883303,1.883303,0.0,1378.577805,0.0,0.0,3.766606,16.949727,1.883303,2924.769578,0.0,47368.837362,5.649909,0.0,5.649909,0.0,480.242268,0.0,0.0,13.183121,0.0,2674.290277,0.0,0.0,7.533212,0.0,1.883303,1.883303,0.0,1.883303,0.0,0.0,1.883303,0.0,0.0,0.0,0.0,0.0,171.380574,0.0,0.0,0.0,0.0,13.183121,0.0,0.0,0.0,0.0,0.0,0.0,220.346452,0.0,26.366242,0.0
TCGA-AB-2856,5.590257,3.726838,1.863419,13714.76275,16422.310341,1.863419,0.0,0.0,0.0,0.0,0.0,281.376247,0.0,0.0,1.863419,0.0,0.0,1.863419,18.634189,24.224445,0.0,0.0,169.571116,0.0,0.0,1.863419,1.863419,0.0,0.0,238.517613,0.0,0.0,0.0,24.224445,0.0,0.0,0.0,0.0,1.863419,7900.895932,0.0,5.590257,0.0,0.0,253.424964,0.0,0.0,1.863419,0.0,1896.960391,0.0,0.0,5.590257,27.951283,0.0,2729.908618,0.0,28174.89304,5.590257,0.0,16.77077,0.0,631.698991,0.0,0.0,74.536754,0.0,4593.32747,0.0,0.0,1.863419,0.0,0.0,1.863419,0.0,0.0,0.0,0.0,5.590257,0.0,0.0,0.0,0.0,0.0,212.429749,0.0,0.0,0.0,1.863419,9.317094,1.863419,0.0,0.0,0.0,0.0,0.0,324.23488,0.0,31.67812,0.0
TCGA-AB-2874,0.0,2.852888,0.0,11707.301301,19824.718563,4.754813,0.0,0.0,0.950963,0.0,0.0,383.237952,0.0,3.803851,1.901925,0.950963,0.0,2.852888,19.019253,105.556855,0.950963,0.0,120.772258,0.0,0.950963,0.0,0.950963,0.0,0.0,27.577917,0.0,0.0,0.0,1817.289642,0.0,0.0,0.0,0.0,9.509627,29542.60598,0.0,0.950963,0.0,0.0,34.234656,0.0,0.950963,0.950963,0.0,1689.860646,0.950963,0.0,0.950963,48.499096,0.0,2677.910849,0.0,6961.046668,0.0,0.0,18.068291,0.0,245.348366,0.0,0.950963,121.72322,0.0,5560.27867,0.0,0.0,1.901925,0.0,0.0,0.950963,0.0,2.852888,0.950963,0.0,4.754813,0.0,0.0,0.0,0.0,0.0,46817.793653,0.0,0.0,0.0,0.0,21.872141,2.852888,0.0,0.0,0.0,0.0,0.0,285.288798,5.705776,1768.790547,0.0
TCGA-AB-2971,1.58993,0.0,0.0,12322.752614,10751.901755,3.17986,0.0,0.0,0.0,0.0,0.0,281.417613,0.0,2.384895,10.334545,0.0,0.0,0.0,7.154685,42.928111,0.794965,0.0,42.133146,0.0,0.0,0.794965,0.0,0.0,0.0,62.802236,0.0,0.794965,0.0,317.986004,0.0,0.0,0.794965,0.0,1.58993,14791.913934,0.0,0.794965,0.794965,0.794965,4806.358448,0.0,0.794965,0.794965,0.0,1291.023176,0.0,0.0,3.17986,11.12951,0.0,1650.34736,0.0,36934.074347,0.794965,0.0,7.154685,0.0,324.345724,0.0,0.794965,8.744615,0.0,1407.088067,0.0,0.0,0.794965,0.794965,0.0,0.794965,0.0,0.794965,0.0,0.0,0.794965,0.0,0.0,0.0,0.794965,0.0,11840.208853,0.0,0.0,0.0,0.0,3.974825,0.0,0.0,0.794965,0.0,0.0,0.0,108.910206,0.0,315.601109,0.0
TCGA-AB-2930,3.405024,2.270016,0.0,13102.533225,20961.32914,1.135008,0.0,0.0,0.0,0.0,0.0,146.416042,0.0,2.270016,6.810048,0.0,0.0,0.0,14.755105,52.210371,0.0,0.0,71.505509,0.0,0.0,1.135008,0.0,0.0,0.0,36.320258,1.135008,0.0,0.0,3.405024,1.135008,0.0,1.135008,0.0,3.405024,8887.113232,0.0,1.135008,0.0,0.0,24.970178,0.0,0.0,0.0,0.0,3692.18127,0.0,0.0,1.135008,12.485089,0.0,2215.535764,0.0,18330.380421,1.135008,0.0,17.025121,0.0,81.720581,0.0,4.540032,6.810048,0.0,3285.848379,0.0,0.0,4.540032,0.0,0.0,2.270016,0.0,0.0,0.0,0.0,5.67504,0.0,0.0,0.0,0.0,1.135008,23.83517,0.0,0.0,0.0,0.0,17.025121,3.405024,0.0,0.0,0.0,0.0,0.0,182.7363,0.0,3.405024,0.0
TCGA-AB-2910,1.482204,0.0,0.0,27542.313216,29337.262162,1.482204,0.0,0.0,0.0,0.0,0.0,185.27549,0.0,2.964408,42.983914,0.0,0.0,1.482204,13.339835,51.877137,1.482204,0.0,83.003419,0.0,0.0,0.0,4.446612,0.0,0.0,214.919568,4.446612,0.0,0.0,23.715263,0.0,0.0,0.0,1.482204,11.857631,1759.376051,0.0,2.964408,0.0,0.0,339.424697,0.0,1.482204,0.0,0.0,761.852814,0.0,0.0,17.786447,10.375427,2.964408,2995.53412,0.0,75672.438863,1.482204,0.0,16.304243,0.0,22158.948584,1.482204,1.482204,29.644078,0.0,3600.273318,0.0,0.0,1.482204,0.0,1.482204,2.964408,0.0,0.0,0.0,0.0,10.375427,0.0,0.0,0.0,1.482204,0.0,78.556808,1.482204,0.0,0.0,1.482204,31.126282,4.446612,0.0,0.0,1.482204,1.482204,1.482204,475.787458,0.0,2.964408,0.0
TCGA-AB-2895,3.95554,0.0,0.0,15772.714687,11465.131917,1.97777,0.0,0.0,0.0,0.0,0.0,543.886713,1.97777,5.93331,3.95554,1.97777,0.0,3.95554,17.799929,120.643962,0.0,0.0,55.377556,0.0,0.0,0.0,0.0,1.97777,0.0,35.599858,1.97777,1.97777,0.0,207.665836,0.0,0.0,1.97777,0.0,0.0,7365.214984,0.0,1.97777,0.0,0.0,110.755113,1.97777,0.0,0.0,0.0,5316.245402,0.0,0.0,1.97777,33.622088,0.0,1566.393734,0.0,58619.121079,0.0,0.0,21.755469,0.0,268.976702,0.0,1.97777,96.910723,0.0,2624.500613,0.0,0.0,5.93331,0.0,0.0,1.97777,0.0,1.97777,0.0,0.0,0.0,0.0,0.0,0.0,0.0,0.0,456.864839,0.0,0.0,0.0,0.0,9.888849,0.0,0.0,0.0,0.0,0.0,0.0,118.666192,5.93331,195.799217,0.0
TCGA-AB-2826,11.329217,1.61846,0.80923,9883.932177,16361.816332,3.236919,0.0,0.0,0.80923,0.0,0.0,577.790042,0.0,3.236919,8.092298,0.0,0.0,1.61846,33.17842,42.889177,0.0,0.0,76.876826,0.0,0.0,0.0,0.0,0.0,0.0,126.239841,0.0,1.61846,0.0,364.153388,0.0,0.80923,0.0,0.80923,4.855379,6659.960849,0.0,4.046149,0.80923,0.0,386.002591,0.0,0.80923,0.80923,0.0,584.26388,2.427689,0.0,3.236919,10.519987,0.0,2724.676571,0.0,24566.596776,0.80923,0.0,16.993825,0.0,148.898274,0.0,2.427689,8.092298,0.0,2165.498813,0.0,0.0,4.046149,0.0,0.0,1.61846,0.0,0.80923,0.0,0.0,7.283068,0.0,0.0,0.0,0.0,0.0,7887.562381,2.427689,0.0,0.0,0.80923,25.086122,1.61846,0.0,0.0,0.0,0.0,0.0,250.051993,0.80923,396.522578,0.0
TCGA-AB-2846,4.544484,0.0,0.0,7602.921194,20651.648663,4.544484,0.0,1.514828,0.0,0.0,0.0,216.620389,0.0,15.148279,24.237246,0.0,0.0,0.0,19.692763,62.107944,0.0,0.0,80.285878,0.0,0.0,1.514828,0.0,0.0,0.0,19.692763,0.0,3.029656,0.0,80.285878,0.0,0.0,0.0,0.0,3.029656,10946.146354,0.0,0.0,0.0,1.514828,24.237246,0.0,0.0,0.0,0.0,4255.151551,0.0,0.0,1.514828,30.296558,1.514828,2128.333189,0.0,3741.624895,0.0,0.0,7.574139,0.0,930.104326,0.0,3.029656,19.692763,0.0,3473.500358,0.0,0.0,4.544484,0.0,0.0,0.0,0.0,1.514828,0.0,0.0,0.0,0.0,0.0,0.0,1.514828,0.0,180.264519,0.0,0.0,1.514828,0.0,18.177935,0.0,0.0,0.0,0.0,0.0,0.0,330.232481,0.0,72.711739,0.0
TCGA-AB-2915,15.507931,2.067724,0.0,10965.141272,18329.340903,10.338621,0.0,0.0,0.0,0.0,0.0,119.928002,0.0,4.135448,16.541793,1.033862,1.033862,1.033862,127.165036,109.589381,0.0,0.0,69.26876,0.0,0.0,0.0,2.067724,0.0,0.0,127.165036,4.135448,0.0,0.0,149.910002,0.0,0.0,0.0,0.0,9.304759,6710.798793,0.0,2.067724,0.0,0.0,24.81269,0.0,1.033862,1.033862,0.0,3558.553296,1.033862,0.0,4.135448,6.203173,2.067724,3289.749154,0.0,13416.428275,0.0,0.0,21.711104,2.067724,80.641243,0.0,3.101586,9.304759,0.0,3911.100267,0.0,0.0,2.067724,0.0,0.0,2.067724,0.0,0.0,0.0,0.0,7.237035,0.0,0.0,0.0,0.0,0.0,9.304759,0.0,0.0,0.0,1.033862,37.219035,1.033862,0.0,0.0,1.033862,0.0,0.0,362.885592,1.033862,146.808416,0.0
TCGA-AB-2842,1.82344,3.64688,0.0,18808.783146,36235.398805,3.64688,0.0,0.0,0.0,0.0,0.0,1613.744361,0.0,7.29376,16.41096,1.82344,12.76408,0.0,21.881279,38.292239,0.0,0.0,74.761038,0.0,0.0,0.0,0.0,0.0,0.0,153.168956,0.0,0.0,0.0,29.175039,0.0,0.0,0.0,0.0,7.29376,5714.660822,0.0,7.29376,0.0,0.0,6648.262079,0.0,0.0,3.64688,0.0,370.158311,0.0,0.0,21.881279,16.41096,0.0,2299.357784,0.0,60893.777329,7.29376,0.0,9.1172,0.0,663.732144,0.0,1.82344,16.41096,0.0,4392.666854,0.0,0.0,5.47032,0.0,0.0,1.82344,0.0,0.0,0.0,0.0,1.82344,0.0,0.0,0.0,0.0,0.0,530.621027,0.0,0.0,0.0,3.64688,14.58752,3.64688,0.0,0.0,0.0,0.0,0.0,213.342475,0.0,18.2344,0.0
TCGA-AB-2890,11.395206,0.0,0.0,10118.943163,9887.620476,3.418562,0.0,0.0,0.0,0.0,0.0,521.900447,0.0,4.558083,12.534727,2.279041,1.139521,1.139521,79.766444,108.25446,0.0,0.0,85.464047,0.0,0.0,0.0,0.0,0.0,0.0,52.417949,2.279041,1.139521,0.0,26.208974,0.0,0.0,0.0,0.0,4.558083,8439.28976,0.0,3.418562,0.0,0.0,206.253233,1.139521,4.558083,0.0,0.0,4356.387355,0.0,0.0,3.418562,15.953289,0.0,2521.759146,0.0,14408.098801,1.139521,0.0,12.534727,0.0,136.742475,0.0,0.0,26.208974,0.0,2990.102124,0.0,0.0,1.139521,0.0,0.0,4.558083,0.0,1.139521,0.0,0.0,5.697603,0.0,0.0,0.0,0.0,0.0,848.942867,0.0,0.0,0.0,7.976644,10.255686,5.697603,0.0,0.0,1.139521,0.0,0.0,427.320235,2.279041,25.069454,0.0
TCGA-AB-2885,3.544867,1.772434,0.0,11455.23896,5129.423108,1.772434,0.0,0.0,1.772434,0.0,0.0,1136.129997,0.0,10.634602,3.544867,0.0,0.0,21.269204,23.041638,173.698502,0.0,0.0,92.166552,0.0,0.0,0.0,1.772434,0.0,0.0,37.221108,10.634602,1.772434,0.0,451.970592,0.0,0.0,0.0,0.0,7.089735,11932.023623,0.0,3.544867,1.772434,0.0,37.221108,0.0,1.772434,5.317301,0.0,8601.620713,0.0,0.0,1.772434,26.586505,0.0,1889.414317,0.0,23211.791647,3.544867,0.0,10.634602,0.0,272.954789,0.0,0.0,675.297237,0.0,3341.037512,0.0,0.0,1.772434,0.0,0.0,7.089735,0.0,0.0,0.0,0.0,1.772434,0.0,0.0,0.0,0.0,0.0,2497.359074,0.0,0.0,0.0,0.0,10.634602,1.772434,0.0,0.0,0.0,0.0,0.0,437.791122,19.496771,494.509,0.0
TCGA-AB-2946,12.795742,2.559148,0.0,6976.238308,13274.302312,10.236593,0.0,0.0,0.0,0.0,0.0,127.957416,0.0,2.559148,7.677445,7.677445,0.0,0.0,284.065463,110.043378,0.0,0.0,76.774449,0.0,0.0,0.0,0.0,0.0,0.0,43.505521,2.559148,0.0,0.0,355.721616,0.0,0.0,0.0,0.0,10.236593,41486.353342,0.0,2.559148,0.0,0.0,12.795742,0.0,2.559148,0.0,0.0,5297.437013,0.0,0.0,0.0,30.70978,0.0,2482.373866,0.0,7255.185474,0.0,0.0,12.795742,2.559148,1315.402234,0.0,0.0,28.150631,0.0,6341.569526,0.0,0.0,2.559148,0.0,0.0,10.236593,0.0,0.0,0.0,0.0,2.559148,0.0,0.0,0.0,0.0,0.0,698.64749,0.0,0.0,0.0,2.559148,10.236593,0.0,0.0,0.0,2.559148,0.0,0.0,299.420353,2.559148,355.721616,0.0
TCGA-AB-2872,2.056268,2.056268,0.0,10587.722437,34292.376593,0.0,0.0,0.0,0.0,0.0,0.0,158.332614,0.0,4.112535,215.90811,0.0,0.0,501.729321,2.056268,45.23789,0.0,0.0,111.038456,0.0,0.0,0.0,2.056268,0.0,0.0,2.056268,0.0,0.0,0.0,5305.170691,0.0,0.0,0.0,0.0,2.056268,30083.196592,0.0,2.056268,0.0,0.0,6.168803,0.0,0.0,2.056268,2.056268,5282.551746,0.0,0.0,2.056268,20.562677,0.0,1877.372419,0.0,7937.193359,2.056268,0.0,10.281339,0.0,345.452975,0.0,2.056268,5299.001888,0.0,3693.056806,0.0,0.0,2.056268,0.0,0.0,2.056268,0.0,0.0,0.0,0.0,2.056268,0.0,0.0,0.0,0.0,0.0,107676.458613,0.0,0.0,0.0,0.0,26.73148,0.0,2.056268,0.0,0.0,0.0,0.0,203.570503,230.301983,5502.572391,0.0
TCGA-AB-2913,0.0,5.050212,0.0,15615.25467,11996.777965,0.0,0.0,0.0,0.0,0.0,0.0,903.9879,0.0,0.0,0.0,0.0,0.0,0.0,10.100423,45.451906,0.0,0.0,45.451906,0.0,0.0,0.0,0.0,0.0,0.0,17.675741,2.525106,0.0,0.0,171.707199,0.0,0.0,2.525106,0.0,7.575318,13514.36659,0.0,0.0,0.0,0.0,7.575318,0.0,0.0,2.525106,0.0,1439.310343,0.0,0.0,7.575318,47.977011,0.0,1588.291589,0.0,30662.360519,5.050212,0.0,20.200847,0.0,308.062916,0.0,2.525106,7.575318,0.0,3093.254685,0.0,0.0,0.0,0.0,0.0,5.050212,0.0,5.050212,0.0,0.0,2.525106,0.0,0.0,0.0,0.0,0.0,239.885057,0.0,0.0,0.0,0.0,10.100423,0.0,0.0,0.0,2.525106,0.0,0.0,108.579552,0.0,121.205082,0.0
TCGA-AB-2983,3.68114,0.0,0.0,17084.169259,28217.776224,3.68114,0.0,3.68114,0.0,0.0,0.0,601.866338,0.0,3.68114,18.405698,0.0,0.0,1.84057,29.449117,33.130257,0.0,0.0,169.332425,0.0,0.0,0.0,3.68114,0.0,0.0,97.550202,0.0,0.0,0.0,119.63704,1.84057,0.0,0.0,0.0,0.0,14676.703908,0.0,1.84057,0.0,0.0,20.246268,0.0,1.84057,0.0,0.0,3535.734663,0.0,0.0,12.883989,33.130257,0.0,3189.707533,0.0,34580.626162,0.0,0.0,20.246268,0.0,1789.033885,1.84057,1.84057,99.390771,0.0,4535.164087,0.0,0.0,5.52171,0.0,0.0,3.68114,0.0,0.0,0.0,0.0,3.68114,0.0,0.0,0.0,0.0,0.0,224.549521,0.0,0.0,0.0,12.883989,18.405698,0.0,1.84057,0.0,3.68114,0.0,0.0,178.535275,1.84057,95.709632,0.0
TCGA-AB-2980,0.0,0.0,0.0,11049.813096,16596.280256,0.0,0.0,0.0,0.0,0.0,0.0,477.028517,0.0,0.0,91.632596,0.0,0.0,315.323935,13.475382,51.206451,0.0,0.0,86.242444,0.0,0.0,0.0,0.0,0.0,0.0,45.816298,0.0,0.0,2.695076,768.096764,0.0,0.0,0.0,0.0,2.695076,31171.253237,0.0,10.780305,0.0,0.0,78.157215,0.0,0.0,2.695076,0.0,3665.303856,0.0,0.0,2.695076,21.560611,0.0,2565.712699,0.0,8311.61551,2.695076,0.0,8.085229,0.0,1565.839368,0.0,5.390153,14701.641571,0.0,4878.088221,0.0,0.0,0.0,0.0,0.0,5.390153,0.0,0.0,0.0,0.0,5.390153,0.0,0.0,0.0,0.0,0.0,41178.071781,0.0,0.0,0.0,10.780305,13.475382,2.695076,0.0,0.0,0.0,0.0,0.0,326.10424,282.983018,797.742604,0.0
TCGA-AB-2858,4.34254,0.0,0.0,10005.211047,13359.822824,0.0,0.0,0.0,0.0,0.0,0.0,321.347924,0.0,2.17127,2.17127,0.0,0.0,0.0,26.055237,43.425395,0.0,0.0,93.3646,0.0,0.0,0.0,0.0,0.0,0.0,23.883967,0.0,6.513809,0.0,60.795553,0.0,0.0,0.0,0.0,8.685079,24246.569394,0.0,4.34254,0.0,2.17127,28.226507,0.0,4.34254,2.17127,0.0,8074.952232,0.0,0.0,10.856349,23.883967,0.0,2418.794511,0.0,13314.226159,4.34254,0.0,6.513809,0.0,605.784263,0.0,0.0,8.685079,0.0,2848.705923,0.0,0.0,2.17127,0.0,0.0,0.0,0.0,4.34254,0.0,0.0,4.34254,0.0,0.0,0.0,0.0,0.0,1967.170401,0.0,0.0,0.0,2.17127,13.027619,0.0,0.0,0.0,0.0,0.0,0.0,384.314747,0.0,49.939204,0.0
TCGA-AB-2942,0.0,0.0,0.0,9535.664165,17802.184392,7.321984,0.0,0.0,0.0,0.0,0.0,287.998047,0.0,7.321984,12.203307,0.0,0.0,0.0,9.762646,46.372567,0.0,0.0,126.914394,0.0,0.0,2.440661,0.0,0.0,0.0,26.847276,0.0,0.0,0.0,114.711087,0.0,0.0,0.0,0.0,7.321984,20001.220331,0.0,0.0,0.0,0.0,75.660504,0.0,0.0,0.0,0.0,3597.534932,0.0,0.0,4.881323,31.728598,2.440661,3092.318018,0.0,9562.511441,2.440661,0.0,4.881323,0.0,190.371591,0.0,0.0,41.491244,0.0,3875.770334,0.0,0.0,0.0,0.0,0.0,4.881323,0.0,0.0,0.0,0.0,0.0,0.0,0.0,0.0,2.440661,0.0,431.997071,0.0,0.0,0.0,2.440661,24.406614,4.881323,0.0,0.0,0.0,0.0,0.0,200.134236,0.0,112.270425,0.0
TCGA-AB-2893,3.293119,6.586238,1.646559,14934.294046,33749.528672,9.879357,0.0,0.0,0.0,0.0,0.0,1048.858358,0.0,3.293119,9.879357,0.0,0.0,0.0,24.698391,82.327972,0.0,0.0,149.836908,1.646559,0.0,0.0,3.293119,0.0,0.0,413.286417,3.293119,3.293119,0.0,286.501341,3.293119,0.0,0.0,1.646559,1.646559,5995.122891,0.0,18.112154,0.0,0.0,663.563451,0.0,1.646559,1.646559,0.0,656.977213,0.0,1.646559,37.870867,23.051832,1.646559,4312.339152,0.0,37610.71054,6.586238,0.0,14.819035,0.0,531.838696,0.0,1.646559,34.577748,0.0,4276.114844,0.0,0.0,0.0,0.0,0.0,3.293119,0.0,0.0,0.0,0.0,4.939678,0.0,0.0,0.0,1.646559,0.0,288.147901,0.0,0.0,0.0,1.646559,26.344951,0.0,0.0,0.0,0.0,0.0,0.0,385.294907,0.0,217.345845,0.0
TCGA-AB-2955,1.146608,0.0,0.0,7837.062483,22958.522619,0.0,0.0,0.0,0.0,0.0,0.0,525.14625,0.0,12.612683,5.733038,0.0,0.0,0.0,323.343324,81.409135,0.0,0.0,189.190243,0.0,0.0,0.0,2.293215,0.0,0.0,9.17286,0.0,1.146608,0.0,279.772238,0.0,0.0,1.146608,0.0,8.026253,59696.974561,0.0,0.0,0.0,0.0,13.75929,1.146608,1.146608,0.0,0.0,2467.499409,0.0,0.0,11.466075,12.612683,0.0,3236.873064,0.0,4995.769018,4.58643,0.0,5.733038,0.0,276.332415,0.0,0.0,1.146608,0.0,3180.689295,0.0,0.0,6.879645,0.0,0.0,1.146608,0.0,0.0,0.0,0.0,0.0,0.0,0.0,0.0,0.0,0.0,845.049751,0.0,0.0,0.0,0.0,9.17286,2.293215,0.0,0.0,0.0,2.293215,0.0,212.122393,1.146608,241.934189,0.0
TCGA-AB-2811,2.648207,0.882736,0.0,7708.047548,18086.370385,0.882736,0.0,0.0,0.0,0.0,0.0,840.364323,0.0,0.0,26.482069,0.882736,0.0,0.0,7.061885,45.902253,0.0,0.0,51.198667,0.0,0.0,0.0,0.882736,0.0,0.0,49.433195,1.765471,0.0,0.0,95.335448,0.0,0.0,0.0,0.882736,0.882736,5161.355246,0.0,0.0,0.0,0.0,375.162644,0.0,0.882736,0.882736,0.0,766.214529,0.0,0.0,9.710092,18.537448,0.0,2644.675957,0.0,10414.514999,0.0,0.0,12.358299,0.0,127.996667,0.0,1.765471,14.12377,0.0,2792.092807,0.0,0.0,4.413678,0.0,0.0,0.882736,0.0,3.530943,0.0,0.0,0.882736,0.0,0.0,0.0,0.882736,0.0,121.817517,0.0,0.0,0.0,0.0,9.710092,1.765471,0.0,0.0,4.413678,0.882736,0.0,212.739288,0.0,75.915264,0.0
TCGA-AB-2841,0.0,0.0,0.0,16487.80871,10197.594764,2.909442,0.0,0.0,0.0,0.0,0.0,264.759236,0.0,0.0,96.011591,1.454721,1.454721,282.215889,32.003864,45.096353,0.0,0.0,52.369959,0.0,0.0,0.0,0.0,0.0,0.0,40.73219,1.454721,1.454721,0.0,2205.357156,0.0,0.0,0.0,0.0,5.818884,22526.355909,0.0,2.909442,0.0,0.0,130.924897,5.818884,1.454721,0.0,0.0,2333.372611,0.0,0.0,5.818884,11.637769,0.0,2024.971742,0.0,9048.365112,7.273605,0.0,8.728326,0.0,321.493358,0.0,0.0,3347.313203,0.0,2790.15503,0.0,0.0,2.909442,0.0,0.0,2.909442,0.0,0.0,0.0,0.0,0.0,0.0,0.0,1.454721,0.0,0.0,88742.349986,0.0,0.0,1.454721,0.0,16.001932,0.0,0.0,0.0,10.183048,0.0,0.0,321.493358,264.759236,2208.266598,0.0
TCGA-AB-2914,1.039922,1.039922,0.0,6019.065922,24565.026814,3.119765,0.0,0.0,0.0,0.0,0.0,478.363912,0.0,9.359294,15.598823,0.0,0.0,1.039922,7.279451,72.794508,0.0,0.0,146.628938,0.0,0.0,0.0,0.0,0.0,0.0,6.239529,0.0,0.0,0.0,204.864545,0.0,0.0,0.0,0.0,4.159686,19840.66322,0.0,1.039922,0.0,1.039922,67.594901,1.039922,0.0,1.039922,0.0,3659.483929,0.0,0.0,7.279451,25.998039,0.0,2506.210931,0.0,754.983044,2.079843,0.0,16.638745,0.0,115.431292,0.0,2.079843,74.874351,0.0,3818.591925,0.0,0.0,4.159686,0.0,0.0,2.079843,0.0,0.0,0.0,0.0,3.119765,0.0,0.0,0.0,0.0,0.0,108.151841,0.0,0.0,0.0,0.0,27.03796,2.079843,0.0,0.0,0.0,0.0,0.0,176.786663,3.119765,155.988232,0.0
TCGA-AB-2840,0.0,0.0,0.0,10844.520861,18063.587998,18.81473,0.0,0.0,1.447287,0.0,0.0,481.946543,0.0,10.131008,159.201561,0.0,0.0,241.696915,11.578295,62.233337,2.894574,0.0,75.25892,0.0,0.0,0.0,1.447287,0.0,0.0,66.575198,0.0,0.0,0.0,522.470577,0.0,0.0,0.0,0.0,0.0,46075.826256,1.447287,1.447287,0.0,2.894574,571.678332,2.894574,0.0,1.447287,0.0,3341.785489,0.0,0.0,1.447287,10.131008,0.0,2435.78388,0.0,11482.774391,1.447287,0.0,5.789148,0.0,551.416315,1.447287,1.447287,7216.172563,0.0,5475.086403,0.0,0.0,4.341861,0.0,0.0,4.341861,0.0,0.0,0.0,0.0,0.0,0.0,0.0,0.0,0.0,0.0,18308.179487,0.0,0.0,0.0,0.0,8.683721,0.0,0.0,0.0,0.0,0.0,0.0,204.067455,176.569004,515.234142,0.0
TCGA-AB-2950,8.823971,2.941324,0.0,7768.035461,23465.879176,0.0,0.0,0.0,0.0,0.0,0.0,567.675443,0.0,8.823971,29.413235,0.0,0.0,2.941324,29.413235,58.826471,0.0,0.0,126.476912,0.0,0.0,0.0,0.0,0.0,0.0,76.474412,0.0,0.0,0.0,20.589265,0.0,0.0,0.0,0.0,2.941324,15962.562834,0.0,17.647941,0.0,0.0,35.295882,0.0,0.0,0.0,0.0,3988.434716,0.0,0.0,2.941324,35.295882,0.0,3194.277361,2.941324,8412.185315,0.0,0.0,17.647941,0.0,2653.07383,0.0,0.0,5.882647,0.0,3588.414715,0.0,0.0,8.823971,0.0,0.0,2.941324,0.0,0.0,0.0,0.0,5.882647,0.0,0.0,2.941324,0.0,0.0,294.132354,0.0,2.941324,0.0,2.941324,17.647941,2.941324,0.0,0.0,0.0,0.0,0.0,350.017501,0.0,17.647941,0.0
TCGA-AB-2928,0.813884,0.813884,0.0,8139.649395,9085.382082,0.813884,0.0,0.0,0.0,0.0,0.0,300.32303,0.0,1.627767,1.627767,0.0,0.0,0.0,4.069418,108.246512,0.0,0.0,53.716314,0.0,0.0,0.0,0.813884,0.0,0.0,5.697185,0.813884,0.0,0.0,1003.518419,0.0,0.0,0.0,0.0,2.441651,21534.54488,0.0,0.0,0.0,0.0,9.766603,0.0,2.441651,0.0,0.0,8087.560848,0.0,0.0,2.441651,22.788739,0.0,1696.133321,0.0,11222.640287,0.813884,0.0,8.138836,0.0,210.79584,0.0,0.0,5.697185,0.0,4680.644303,0.0,0.0,0.813884,0.0,0.813884,0.0,0.0,0.813884,0.0,0.0,3.255534,0.0,0.0,0.0,0.0,0.0,17.905438,0.0,0.0,0.0,0.0,20.347089,0.813884,0.0,0.0,0.0,0.0,0.0,117.199231,0.0,943.291036,0.0
TCGA-AB-2886,0.0,0.0,0.0,7006.285717,16385.765669,4.53188,0.0,0.0,0.0,0.0,0.0,291.550915,0.0,1.510627,28.701904,0.0,0.0,1.510627,40.786916,55.893181,3.021253,0.0,98.190723,0.0,0.0,0.0,1.510627,0.0,0.0,13.595639,0.0,0.0,0.0,19.638145,0.0,0.0,0.0,0.0,1.510627,26154.987258,0.0,7.553133,0.0,0.0,9.063759,0.0,1.510627,1.510627,1.510627,11240.571802,1.510627,0.0,1.510627,33.233783,0.0,2330.896693,0.0,11432.421368,0.0,0.0,9.063759,0.0,203.934578,0.0,0.0,49.850675,0.0,2113.366476,0.0,0.0,1.510627,0.0,0.0,3.021253,0.0,1.510627,0.0,0.0,3.021253,0.0,0.0,0.0,0.0,0.0,610.293107,0.0,0.0,0.0,0.0,22.659398,1.510627,0.0,0.0,0.0,0.0,0.0,315.720939,1.510627,27.191277,0.0
TCGA-AB-2815,2.690161,0.0,0.0,9017.418791,25489.272984,13.450804,0.0,0.0,0.0,0.0,0.0,239.424306,0.0,0.0,40.352411,0.0,0.0,0.0,18.831125,34.97209,0.0,0.0,193.691573,2.690161,0.0,2.690161,2.690161,0.0,0.0,102.226108,0.0,2.690161,0.0,91.465465,0.0,0.0,0.0,0.0,5.380321,9517.788688,0.0,0.0,0.0,0.0,88.775304,0.0,0.0,0.0,0.0,2665.94929,0.0,0.0,2.690161,13.450804,2.690161,2926.894882,2.690161,10287.174659,5.380321,0.0,16.140964,0.0,1334.319726,0.0,2.690161,37.66225,0.0,4288.116215,0.0,2.690161,0.0,0.0,0.0,8.070482,0.0,0.0,0.0,0.0,5.380321,0.0,0.0,0.0,5.380321,0.0,419.665075,0.0,0.0,0.0,0.0,21.521286,0.0,0.0,0.0,0.0,0.0,0.0,258.255431,2.690161,75.324501,0.0
TCGA-AB-2820,0.0,0.0,0.0,12259.572008,9669.112362,1.529197,0.0,0.0,0.0,0.0,0.0,1000.09481,0.0,4.587591,3.058394,1.529197,3.058394,1.529197,45.875909,79.518242,0.0,0.0,87.164227,0.0,0.0,0.0,0.0,0.0,0.0,9.175182,1.529197,0.0,0.0,22.937954,0.0,0.0,0.0,0.0,1.529197,28589.866318,0.0,1.529197,0.0,0.0,21.408757,0.0,3.058394,0.0,0.0,13776.53539,0.0,0.0,12.233576,15.29197,0.0,1538.372139,0.0,36309.252559,1.529197,0.0,7.645985,0.0,195.737211,0.0,1.529197,61.167878,0.0,2494.120238,0.0,0.0,7.645985,0.0,1.529197,7.645985,0.0,1.529197,0.0,0.0,3.058394,0.0,0.0,0.0,0.0,0.0,281.37224,3.058394,0.0,0.0,0.0,13.762773,0.0,0.0,0.0,0.0,0.0,0.0,212.558377,7.645985,16.821167,0.0
TCGA-AB-2813,4.475728,1.491909,0.0,9818.2556,13312.307357,7.459547,0.0,0.0,0.0,0.0,0.0,364.025888,0.0,11.935275,47.7411,1.491909,0.0,7.459547,41.773463,82.055016,0.0,0.0,65.644013,0.0,0.0,0.0,2.983819,0.0,0.0,223.786406,0.0,1.491909,0.0,40.281553,0.0,0.0,0.0,0.0,11.935275,5731.915821,0.0,2.983819,0.0,0.0,98.466019,0.0,0.0,0.0,0.0,562.449835,0.0,0.0,23.87055,16.411003,0.0,1717.187691,0.0,18180.407649,5.967638,0.0,13.427184,0.0,1806.702254,0.0,2.983819,64.152103,0.0,3737.232986,0.0,0.0,1.491909,0.0,0.0,1.491909,0.0,0.0,0.0,0.0,7.459547,0.0,0.0,0.0,0.0,0.0,135.763753,0.0,0.0,0.0,0.0,11.935275,1.491909,1.491909,0.0,0.0,0.0,0.0,343.139156,1.491909,37.297734,0.0
TCGA-AB-2853,1.721401,0.0,0.0,19768.574783,18957.794678,1.721401,0.0,0.0,0.0,0.0,0.0,821.108514,0.0,1.721401,5.164204,0.0,0.0,1.721401,3.442803,70.577461,0.0,0.0,55.084848,0.0,0.0,0.0,0.0,0.0,0.0,37.870833,0.0,3.442803,0.0,20.656818,0.0,1.721401,0.0,0.0,1.721401,6364.021332,0.0,0.0,0.0,0.0,268.538633,0.0,1.721401,0.0,0.0,1458.027067,0.0,0.0,0.0,27.542424,0.0,1946.905092,0.0,45124.818822,1.721401,0.0,12.04981,0.0,117.055302,0.0,3.442803,15.492613,0.0,2876.4619,0.0,0.0,3.442803,0.0,0.0,1.721401,0.0,0.0,0.0,0.0,5.164204,0.0,0.0,1.721401,0.0,0.0,826.272718,0.0,0.0,1.721401,0.0,17.214015,0.0,0.0,0.0,0.0,0.0,0.0,177.304354,3.442803,27.542424,1.721401
TCGA-AB-2896,20.704982,0.0,0.0,13764.211669,4113.389682,2.300554,0.0,0.0,0.0,0.0,0.0,193.246495,2.300554,2.300554,11.502768,0.0,52.912731,0.0,2.300554,73.617712,0.0,0.0,11.502768,0.0,0.0,0.0,2.300554,0.0,0.0,73.617712,0.0,0.0,0.0,46.01107,0.0,0.0,0.0,0.0,2.300554,6126.374006,0.0,0.0,0.0,0.0,480.815684,2.300554,0.0,0.0,0.0,959.330815,0.0,0.0,25.306089,11.502768,0.0,2148.716981,0.0,33006.041254,4.601107,0.0,6.901661,2.300554,4476.877137,0.0,0.0,16.103875,0.0,1617.28912,0.0,0.0,2.300554,0.0,0.0,0.0,0.0,0.0,0.0,0.0,0.0,0.0,0.0,0.0,0.0,0.0,110.426569,0.0,0.0,0.0,0.0,9.202214,0.0,0.0,0.0,0.0,0.0,0.0,170.24096,0.0,32.207749,0.0
TCGA-AB-2865,8.874532,10.649438,0.0,9992.722884,8890.506026,14.199251,0.0,0.0,0.0,0.0,0.0,662.040077,0.0,7.099625,1.774906,0.0,1.774906,37.273034,92.295131,39.04794,0.0,0.0,74.546068,0.0,0.0,1.774906,1.774906,0.0,0.0,181.04045,0.0,1.774906,0.0,441.951687,0.0,0.0,0.0,0.0,8.874532,17544.949504,0.0,0.0,0.0,0.0,53.247191,0.0,0.0,1.774906,0.0,3977.565183,0.0,0.0,1.774906,28.398502,0.0,1842.352816,0.0,23828.118067,3.549813,0.0,1.774906,0.0,202.339327,0.0,0.0,1237.109742,0.0,3145.134094,0.0,0.0,0.0,0.0,0.0,5.324719,0.0,0.0,0.0,0.0,5.324719,0.0,0.0,0.0,0.0,0.0,427.752436,1.774906,0.0,0.0,0.0,17.749064,0.0,0.0,0.0,0.0,0.0,0.0,560.870414,37.273034,431.302249,0.0
TCGA-AB-3012,13.618894,0.0,0.0,13504.495597,14780.585994,1.361889,0.0,0.0,0.0,0.0,0.0,108.951154,0.0,5.447558,65.370693,0.0,0.0,332.301021,6.809447,66.732582,0.0,0.0,57.199356,0.0,0.0,0.0,0.0,0.0,0.0,19.066452,1.361889,0.0,0.0,2430.972634,0.0,0.0,0.0,0.0,2.723779,30506.323253,0.0,0.0,0.0,0.0,23.15212,0.0,1.361889,1.361889,0.0,9124.659187,0.0,0.0,0.0,6.809447,0.0,1357.803763,0.0,9805.603903,1.361889,0.0,10.895115,0.0,1779.989486,1.361889,0.0,9339.837717,0.0,3516.398511,0.0,0.0,5.447558,0.0,0.0,1.361889,0.0,2.723779,0.0,0.0,0.0,0.0,0.0,0.0,0.0,0.0,58606.187881,0.0,0.0,1.361889,4.085668,19.066452,1.361889,0.0,0.0,4.085668,0.0,0.0,196.112078,247.863876,2499.067106,0.0
TCGA-AB-2937,2.096757,0.0,2.096757,7948.805582,23051.745865,8.387028,0.0,0.0,0.0,0.0,0.0,421.448146,0.0,4.193514,4.193514,0.0,0.0,0.0,2.096757,58.709194,0.0,0.0,188.708125,0.0,0.0,0.0,0.0,0.0,0.0,39.838382,0.0,0.0,0.0,10.483785,2.096757,0.0,0.0,0.0,0.0,29069.4383,0.0,4.193514,0.0,0.0,33.548111,2.096757,2.096757,2.096757,0.0,4698.832316,0.0,0.0,8.387028,41.935139,0.0,2593.688342,0.0,11590.872398,2.096757,0.0,2.096757,0.0,312.416785,4.193514,6.290271,60.805951,0.0,4623.349066,0.0,0.0,4.193514,0.0,0.0,4.193514,0.0,0.0,0.0,0.0,0.0,0.0,0.0,0.0,0.0,0.0,121.611903,0.0,0.0,0.0,0.0,10.483785,0.0,0.0,0.0,0.0,0.0,0.0,190.804882,2.096757,6.290271,0.0
TCGA-AB-2965,7.337995,1.834499,0.0,11713.275167,12518.620163,1.834499,0.0,0.0,0.0,0.0,0.0,374.237766,0.0,3.668998,11.006993,1.834499,1.834499,1.834499,16.51049,42.193474,0.0,0.0,53.200467,0.0,0.0,0.0,0.0,0.0,0.0,86.221446,0.0,1.834499,0.0,49.531469,0.0,0.0,0.0,0.0,1.834499,5261.342706,0.0,3.668998,0.0,0.0,717.289051,0.0,1.834499,0.0,0.0,381.575761,0.0,0.0,0.0,18.344989,1.834499,2146.363656,0.0,43910.564512,0.0,0.0,3.668998,0.0,1227.279732,0.0,0.0,207.29837,0.0,1557.489525,0.0,0.0,1.834499,0.0,0.0,0.0,0.0,0.0,0.0,0.0,1.834499,0.0,0.0,0.0,1.834499,0.0,132.083917,0.0,0.0,0.0,1.834499,14.675991,0.0,0.0,0.0,0.0,0.0,0.0,170.608393,1.834499,34.855478,0.0
TCGA-AB-2941,0.0,0.865376,3.461504,5984.07535,11486.136243,14.711393,7.788384,0.0,42.403426,1.730752,0.0,206.824875,2.596128,2.596128,19.903649,0.0,0.0,73.556964,240.57454,37.21117,0.0,0.0,46.730306,0.0,0.0,0.0,1.730752,0.0,0.0,212.017131,16.442145,3.461504,0.0,8.65376,0.865376,0.0,0.0,0.0,6.057632,2841.029555,0.0,6.923008,0.865376,0.0,107.30663,0.865376,0.0,0.0,0.0,4413.417829,0.0,0.0,3.461504,15.576769,0.865376,2548.532452,0.0,7887.902649,1.730752,4.32688,23.365153,0.0,142.787047,0.0,0.865376,1576.715154,2.596128,3871.692425,0.865376,0.0,1.730752,0.0,0.0,6.923008,0.0,0.0,0.0,0.865376,12.115265,0.0,0.0,1.730752,0.0,0.0,97.787493,0.0,0.0,0.0,0.0,12.115265,0.865376,0.0,0.0,0.865376,0.0,0.0,165.286825,57.114819,10.384513,0.0
TCGA-AB-2873,7.161158,4.774105,0.0,7659.256194,6494.374513,6.365474,0.0,0.0,0.0,0.0,0.0,171.867789,0.0,4.774105,18.300737,0.0,0.795684,2.387053,125.718105,37.397158,0.0,0.0,39.78421,0.0,0.0,0.0,0.795684,0.0,0.0,106.621684,1.591368,0.795684,0.0,11.935263,0.0,0.0,0.0,0.0,3.978421,868.887156,0.0,1.591368,0.0,0.0,1128.280208,0.0,0.0,0.0,0.0,195.738315,0.0,0.0,3.978421,15.118,0.0,1775.17147,0.0,19218.160696,0.795684,0.0,10.343895,0.0,1608.077786,0.0,0.0,44.558316,0.0,1169.655787,0.0,0.0,1.591368,0.0,0.0,0.795684,0.0,0.0,0.0,0.0,7.161158,0.0,0.0,0.795684,0.0,0.0,216.426105,0.0,0.0,0.0,0.795684,5.569789,0.0,0.0,0.0,0.795684,0.0,0.0,264.167157,1.591368,16.709368,0.0
TCGA-AB-2999,0.0,0.0,0.0,20338.340742,16348.594008,2.129,0.0,0.0,0.0,0.0,0.0,185.223034,0.0,2.129,63.870012,0.0,0.0,215.02904,34.064006,85.160016,0.0,0.0,78.773014,0.0,0.0,2.129,2.129,0.0,0.0,6.387001,2.129,2.129,0.0,3329.756613,0.0,0.0,0.0,0.0,4.258001,34285.422309,0.0,0.0,0.0,0.0,29.806005,0.0,2.129,0.0,0.0,9052.509666,0.0,0.0,0.0,21.290004,0.0,1656.362305,0.0,11496.602115,2.129,0.0,21.290004,0.0,200.126037,0.0,0.0,3180.726585,0.0,4221.807777,0.0,0.0,2.129,0.0,0.0,2.129,0.0,6.387001,0.0,0.0,0.0,0.0,0.0,2.129,0.0,0.0,89498.918468,0.0,0.0,0.0,2.129,29.806005,0.0,0.0,0.0,0.0,0.0,0.0,197.997036,163.93303,3206.27459,0.0
TCGA-AB-2970,6.509032,4.339355,0.0,14235.253787,31620.87924,0.0,0.0,0.0,0.0,0.0,0.0,394.881297,0.0,6.509032,10.848387,2.169677,0.0,8.67871,17.35742,60.750969,0.0,0.0,108.483873,0.0,0.0,2.169677,0.0,0.0,0.0,227.816133,0.0,0.0,0.0,106.314195,0.0,0.0,0.0,0.0,0.0,6606.667853,0.0,2.169677,0.0,2.169677,329.790973,0.0,4.339355,0.0,0.0,2050.345196,0.0,0.0,8.67871,13.018065,0.0,2512.486494,0.0,24606.312026,2.169677,0.0,17.35742,0.0,2377.966492,0.0,2.169677,212.628391,0.0,4139.744586,0.0,0.0,2.169677,0.0,0.0,0.0,0.0,0.0,0.0,0.0,4.339355,0.0,0.0,2.169677,0.0,0.0,334.130328,0.0,0.0,0.0,19.527097,21.696775,0.0,0.0,0.0,2.169677,0.0,0.0,277.718714,0.0,86.787098,0.0
TCGA-AB-3001,11.513707,0.0,0.0,13723.059525,21365.602416,5.117203,0.0,0.0,0.0,0.0,0.0,189.336516,0.0,7.675805,108.740567,0.0,0.0,333.897505,76.758047,83.154551,0.0,0.0,51.172031,0.0,0.0,1.279301,0.0,0.0,0.0,31.98252,0.0,0.0,0.0,2199.11805,0.0,0.0,0.0,0.0,6.396504,29695.12983,0.0,2.558602,0.0,0.0,213.643231,2.558602,0.0,1.279301,0.0,12430.965731,0.0,0.0,3.837902,7.675805,0.0,1661.81172,0.0,9199.451948,0.0,0.0,15.351609,1.279301,1286.97659,0.0,0.0,4096.321115,0.0,3411.895195,0.0,0.0,2.558602,0.0,0.0,0.0,0.0,0.0,0.0,0.0,2.558602,0.0,0.0,0.0,0.0,0.0,49085.491834,0.0,0.0,0.0,1.279301,14.072309,1.279301,0.0,0.0,2.558602,0.0,0.0,399.141845,202.129524,2295.065609,0.0
TCGA-AB-3002,7.148653,0.0,1.787163,13787.963814,11271.638078,5.361489,0.0,3.574326,0.0,0.0,0.0,470.023912,0.0,7.148653,14.297305,0.0,0.0,1.787163,14.297305,55.402058,0.0,0.0,159.057522,0.0,0.0,0.0,0.0,0.0,0.0,73.27369,0.0,0.0,0.0,314.540717,0.0,0.0,1.787163,0.0,5.361489,21197.542293,0.0,1.787163,0.0,0.0,19.658795,0.0,0.0,0.0,0.0,2997.072627,0.0,0.0,0.0,30.381774,3.574326,2569.94063,0.0,22863.178362,0.0,0.0,10.722979,0.0,1301.054784,0.0,0.0,57.189221,0.0,5277.492825,0.0,0.0,5.361489,0.0,0.0,0.0,0.0,0.0,0.0,0.0,3.574326,0.0,0.0,0.0,0.0,0.0,523.638807,0.0,0.0,0.0,1.787163,16.084468,0.0,0.0,0.0,1.787163,0.0,0.0,359.219796,1.787163,219.821069,0.0
TCGA-AB-2847,5.185424,2.592712,0.0,11996.479097,15608.127115,0.0,0.0,0.0,0.0,0.0,0.0,464.095474,0.0,6.48178,5.185424,0.0,0.0,11.667205,80.374077,55.743311,0.0,0.0,66.11416,0.0,0.0,1.296356,0.0,0.0,0.0,80.374077,0.0,1.296356,0.0,116.672047,0.0,0.0,0.0,0.0,6.48178,11358.671909,0.0,5.185424,0.0,0.0,40.187038,0.0,1.296356,1.296356,1.296356,3505.346821,1.296356,0.0,5.185424,27.223478,1.296356,2571.970448,0.0,13415.988997,2.592712,0.0,7.778136,0.0,544.469551,0.0,2.592712,295.569185,0.0,2884.392262,0.0,0.0,0.0,0.0,0.0,1.296356,0.0,0.0,0.0,0.0,1.296356,0.0,0.0,1.296356,0.0,0.0,151.673661,0.0,0.0,0.0,1.296356,18.148985,0.0,0.0,0.0,0.0,0.0,0.0,333.163511,7.778136,102.41213,0.0
TCGA-AB-2996,6.300893,0.0,0.0,10692.615144,19385.74696,14.702083,0.0,2.100298,0.0,0.0,0.0,529.274998,0.0,0.0,12.601786,2.100298,0.0,6.300893,50.407143,75.610714,2.100298,0.0,88.2125,0.0,0.0,0.0,0.0,0.0,0.0,186.926487,4.200595,0.0,0.0,151.221428,0.0,0.0,0.0,0.0,4.200595,11341.607106,0.0,8.40119,0.0,0.0,44.10625,0.0,0.0,0.0,0.0,2157.005648,0.0,0.0,0.0,21.002976,0.0,2728.286598,0.0,16243.701733,4.200595,0.0,14.702083,0.0,785.511307,0.0,0.0,111.315773,0.0,4458.931831,0.0,0.0,2.100298,0.0,0.0,0.0,0.0,0.0,0.0,0.0,2.100298,0.0,0.0,0.0,0.0,0.0,424.260118,0.0,0.0,0.0,4.200595,14.702083,6.300893,0.0,0.0,0.0,0.0,0.0,254.136011,4.200595,132.31875,0.0
TCGA-AB-2988,9.240197,0.0,0.0,21878.938634,4233.8583,3.696079,0.0,0.0,0.0,0.0,0.0,670.838308,0.0,3.696079,0.0,0.0,1.848039,0.0,29.568631,57.289222,1.848039,0.0,38.808828,0.0,0.0,0.0,1.848039,0.0,0.0,60.985301,0.0,0.0,0.0,109.034325,0.0,0.0,0.0,0.0,0.0,5253.976057,0.0,0.0,0.0,0.0,249.485321,0.0,0.0,0.0,0.0,578.436337,1.848039,0.0,11.088236,25.872552,0.0,2125.245327,0.0,33259.165351,1.848039,0.0,5.544118,0.0,297.534346,0.0,1.848039,14.784315,0.0,1953.377662,0.0,0.0,3.696079,0.0,0.0,0.0,0.0,0.0,1.848039,0.0,1.848039,0.0,0.0,0.0,0.0,0.0,109.034325,0.0,0.0,0.0,1.848039,9.240197,1.848039,0.0,0.0,9.240197,0.0,0.0,166.323547,0.0,73.921577,0.0
TCGA-AB-2892,1.31092,9.176441,0.0,7136.649,15189.631146,3.93276,0.0,0.0,0.0,0.0,0.0,255.629419,0.0,9.176441,52.436804,0.0,0.0,1.31092,34.083922,56.369564,0.0,1.31092,142.89029,0.0,0.0,2.62184,1.31092,0.0,0.0,53.747724,0.0,1.31092,0.0,90.453487,0.0,0.0,0.0,0.0,6.5546,13014.814708,0.0,5.24368,0.0,0.0,78.655206,0.0,1.31092,1.31092,0.0,1874.615737,0.0,0.0,1.31092,22.285642,1.31092,2961.368496,0.0,8186.695996,2.62184,0.0,18.352881,0.0,713.140532,1.31092,7.865521,47.193123,0.0,3358.577285,0.0,0.0,1.31092,0.0,0.0,2.62184,0.0,0.0,1.31092,0.0,2.62184,0.0,0.0,0.0,0.0,1.31092,972.702711,0.0,0.0,1.31092,0.0,13.109201,0.0,0.0,0.0,0.0,0.0,0.0,171.730533,0.0,76.033366,0.0
TCGA-AB-2917,0.0,0.0,0.0,10592.37398,21920.527642,6.114513,0.0,2.038171,0.0,0.0,0.0,1850.659144,0.0,2.038171,18.343538,0.0,0.0,4.076342,128.404764,48.916101,0.0,0.0,93.75586,0.0,0.0,0.0,0.0,0.0,0.0,38.725246,0.0,0.0,0.0,346.489047,0.0,0.0,0.0,0.0,12.229025,7771.545504,0.0,4.076342,0.0,0.0,10.190854,0.0,2.038171,0.0,0.0,2170.65197,0.0,0.0,6.114513,20.381709,0.0,1985.178421,0.0,19955.730929,0.0,0.0,22.41988,0.0,332.221851,0.0,0.0,311.840142,0.0,2335.74381,0.0,0.0,0.0,0.0,0.0,4.076342,0.0,0.0,0.0,0.0,6.114513,0.0,0.0,0.0,0.0,0.0,1153.604709,2.038171,0.0,0.0,0.0,12.229025,2.038171,2.038171,0.0,0.0,0.0,0.0,203.817086,6.114513,319.992826,0.0
TCGA-AB-3007,1.330527,1.330527,0.0,13825.50407,15798.675328,0.0,0.0,0.0,0.0,0.0,0.0,300.699059,0.0,3.99158,142.366369,1.330527,0.0,15.966322,15.966322,81.162135,0.0,0.0,90.475823,1.330527,0.0,1.330527,2.661054,0.0,0.0,30.602117,1.330527,1.330527,0.0,1407.697364,0.0,0.0,0.0,0.0,7.983161,34351.541149,0.0,3.99158,0.0,0.0,10.644214,0.0,1.330527,0.0,0.0,6729.804599,0.0,0.0,1.330527,22.618956,0.0,2178.072386,0.0,11721.941185,3.99158,0.0,10.644214,0.0,228.850611,0.0,1.330527,690.543414,0.0,5123.858741,0.0,0.0,0.0,0.0,0.0,2.661054,0.0,0.0,0.0,0.0,1.330527,0.0,0.0,1.330527,0.0,0.0,41521.750122,0.0,0.0,1.330527,0.0,11.974741,0.0,0.0,1.330527,0.0,0.0,1.330527,427.099106,29.27159,1413.019471,0.0
TCGA-AB-2843,2.224922,8.899687,0.0,10045.5219,10372.585404,6.674765,0.0,0.0,0.0,0.0,0.0,622.978102,0.0,8.899687,17.799374,2.224922,11.124609,6.674765,71.197497,93.446715,0.0,0.0,82.322106,0.0,0.0,0.0,0.0,0.0,0.0,220.267258,0.0,4.449844,0.0,35.598749,0.0,0.0,0.0,0.0,2.224922,14626.635874,2.224922,22.249218,0.0,0.0,169.094056,0.0,0.0,2.224922,0.0,8167.687906,0.0,0.0,6.674765,42.273514,0.0,2836.775287,0.0,26020.460381,6.674765,0.0,8.899687,0.0,540.655996,0.0,0.0,264.765693,0.0,3475.327842,0.0,0.0,4.449844,0.0,2.224922,4.449844,0.0,0.0,0.0,0.0,4.449844,0.0,0.0,0.0,0.0,0.0,44.498436,0.0,0.0,0.0,17.799374,13.349531,4.449844,0.0,0.0,2.224922,0.0,0.0,963.391137,6.674765,48.948279,0.0
TCGA-AB-2992,3.77298,5.65947,0.0,4959.581954,11932.048634,1.88649,0.0,0.0,0.0,0.0,0.0,209.400379,0.0,0.0,1.88649,0.0,0.0,1.88649,62.254167,35.843308,0.0,0.0,109.416414,0.0,0.0,0.0,0.0,0.0,0.0,20.751389,0.0,0.0,0.0,167.897601,0.0,0.0,0.0,0.0,3.77298,34735.938576,0.0,3.77298,0.0,0.0,1388.456568,0.0,0.0,0.0,0.0,3474.914401,0.0,0.0,1.88649,45.275758,0.0,2495.826141,0.0,6930.963902,0.0,0.0,9.43245,1.88649,66.027147,0.0,0.0,349.000632,0.0,6317.854684,0.0,0.0,3.77298,0.0,0.0,0.0,0.0,0.0,0.0,0.0,3.77298,0.0,0.0,0.0,0.0,0.0,1339.407831,0.0,0.0,1.88649,1.88649,30.183838,1.88649,0.0,0.0,0.0,0.0,0.0,232.038258,5.65947,150.919192,0.0
TCGA-AB-2825,0.0,4.873374,0.0,11726.148898,13133.741614,10.558976,0.0,1.624458,0.0,0.0,0.0,149.450121,0.0,4.873374,6.497831,0.0,0.0,0.0,19.493494,49.545964,0.812229,0.0,39.799217,0.0,0.812229,2.436687,0.812229,0.0,0.0,173.00476,0.0,1.624458,0.0,12.183434,0.0,0.0,0.0,0.0,3.248916,2346.529346,0.0,2.436687,0.812229,0.0,691.20681,0.0,0.812229,0.0,0.0,282.655664,0.0,0.0,4.061145,19.493494,1.624458,1946.912718,0.0,29586.250589,0.812229,0.0,9.746747,0.0,90.15741,0.812229,0.0,8.934518,0.0,2026.511152,0.0,0.0,3.248916,0.0,0.0,2.436687,0.0,0.0,0.0,0.0,1.624458,0.0,0.0,0.0,2.436687,0.0,47.109277,0.0,0.0,0.0,0.0,20.305723,0.812229,0.0,0.0,0.0,0.0,0.0,411.800062,1.624458,10.558976,0.0
TCGA-AB-2939,10.786735,0.980612,0.0,13498.128501,28494.632618,0.980612,0.0,0.0,0.980612,0.0,0.0,161.801032,0.0,1.961225,15.689797,0.980612,0.0,5.883674,22.554083,73.545924,0.0,0.0,90.216333,0.0,0.0,1.961225,0.0,0.0,0.0,24.515308,0.0,0.980612,0.0,70.604087,0.0,0.0,0.0,0.980612,9.806123,13196.099909,0.0,0.980612,0.0,0.0,8.825511,0.980612,0.0,0.0,0.0,2658.439983,0.0,0.0,8.825511,7.844899,0.0,2557.436915,0.0,8870.618992,0.0,0.0,9.806123,0.0,620.727595,0.0,0.980612,124.537764,0.0,7668.388295,0.0,0.0,2.941837,0.0,0.0,1.961225,0.0,0.0,0.0,0.0,1.961225,0.0,0.0,0.0,0.0,0.0,179.452053,0.0,0.0,0.0,0.0,31.379594,2.941837,0.0,0.0,0.980612,0.0,0.0,296.144919,3.922449,75.507148,0.0
TCGA-AB-2866,2.837161,4.255742,0.0,15004.326671,21244.662591,7.092903,0.0,0.0,0.0,0.0,0.0,265.274566,0.0,4.255742,45.394578,0.0,0.0,1.418581,19.860128,58.161803,0.0,0.0,68.091867,0.0,1.418581,0.0,0.0,0.0,0.0,217.042827,0.0,1.418581,0.0,1.418581,0.0,0.0,0.0,0.0,8.511483,4347.949442,0.0,1.418581,0.0,0.0,3712.425347,0.0,0.0,0.0,0.0,1699.459521,0.0,0.0,15.604386,8.511483,5.674322,2352.006582,0.0,45068.304654,2.837161,0.0,12.767225,0.0,52.487481,0.0,0.0,60.998964,0.0,3018.739449,0.0,0.0,1.418581,0.0,0.0,5.674322,0.0,1.418581,0.0,0.0,4.255742,0.0,0.0,0.0,1.418581,0.0,32.627353,0.0,0.0,0.0,0.0,11.348645,0.0,0.0,0.0,0.0,1.418581,0.0,424.15559,1.418581,0.0,0.0
TCGA-AB-2948,6.476157,5.550991,0.925165,11609.898528,18684.637076,0.925165,0.0,0.0,0.0,0.0,0.0,247.944283,0.925165,2.775496,20.353635,0.925165,0.0,7.401322,107.319167,40.70727,0.0,0.0,69.387393,0.0,0.0,1.85033,2.775496,0.0,0.0,75.863549,0.925165,0.0,0.0,97.14235,0.0,0.0,0.925165,0.925165,3.700661,3113.181014,0.0,2.775496,0.0,0.0,89.741028,0.925165,0.0,0.925165,0.0,994.552627,0.0,0.0,7.401322,12.952313,0.925165,3038.24263,0.0,15490.041521,2.775496,0.0,20.353635,0.0,1381.271695,0.0,0.925165,95.292019,0.0,3988.387326,0.0,0.0,1.85033,0.0,0.0,0.925165,0.0,0.0,0.925165,0.0,8.326487,0.0,0.0,0.0,0.925165,0.0,135.074124,0.0,0.0,0.0,1.85033,40.70727,1.85033,0.0,0.0,2.775496,0.925165,0.0,513.466705,3.700661,82.339706,0.0
TCGA-AB-2828,1.432113,1.432113,0.0,8927.791439,16896.067275,4.296339,0.0,0.0,0.0,0.0,0.0,126.02593,0.0,11.456903,50.123949,0.0,1.432113,1.432113,12.889016,54.420288,0.0,0.0,85.92677,0.0,0.0,0.0,0.0,0.0,0.0,70.173529,0.0,0.0,0.0,21.481693,0.0,0.0,0.0,0.0,4.296339,8458.058427,0.0,1.432113,0.0,0.0,343.707081,1.432113,0.0,0.0,0.0,1032.553357,0.0,0.0,11.456903,15.753241,0.0,3490.058989,0.0,12470.838602,0.0,0.0,8.592677,0.0,1220.160139,0.0,2.864226,93.087335,0.0,3461.416732,0.0,0.0,2.864226,0.0,0.0,5.728451,0.0,0.0,0.0,0.0,2.864226,0.0,0.0,0.0,0.0,0.0,443.95498,1.432113,0.0,0.0,0.0,7.160564,1.432113,0.0,0.0,0.0,1.432113,0.0,253.483973,1.432113,25.778031,0.0
TCGA-AB-2943,9.089814,2.272454,0.0,12437.138254,10107.87337,0.0,0.0,4.544907,0.0,0.0,0.0,311.326136,0.0,18.179628,9.089814,0.0,0.0,13.634721,124.984945,263.604611,0.0,0.0,70.44606,0.0,0.0,0.0,2.272454,0.0,0.0,52.266432,4.544907,0.0,0.0,113.622677,0.0,0.0,0.0,0.0,9.089814,2901.923177,0.0,6.817361,0.0,0.0,6.817361,2.272454,2.272454,0.0,0.0,3395.045597,0.0,0.0,13.634721,9.089814,0.0,2188.372764,0.0,58822.460022,0.0,0.0,11.362268,0.0,447.673348,2.272454,0.0,783.996473,0.0,3588.204148,0.0,2.272454,4.544907,2.272454,0.0,9.089814,0.0,2.272454,0.0,0.0,4.544907,0.0,0.0,0.0,0.0,0.0,77.263421,0.0,0.0,0.0,2.272454,47.721524,4.544907,2.272454,0.0,0.0,0.0,0.0,731.730042,20.452082,106.805317,0.0
TCGA-AB-2888,0.0,2.741326,1.370663,5116.684531,5544.33135,6.853314,0.0,0.0,0.0,0.0,0.0,137.066288,0.0,6.853314,19.18928,0.0,0.0,1.370663,54.826515,58.938504,0.0,0.0,78.127784,0.0,0.0,1.370663,2.741326,0.0,0.0,102.799716,2.741326,0.0,0.0,32.895909,0.0,0.0,1.370663,0.0,4.111989,6661.421597,0.0,0.0,0.0,0.0,120.618333,0.0,0.0,0.0,0.0,778.536516,0.0,0.0,6.853314,20.559943,0.0,3129.223355,0.0,7797.701124,1.370663,0.0,5.482652,0.0,164.479546,0.0,0.0,146.660928,0.0,2382.212085,1.370663,0.0,1.370663,0.0,0.0,2.741326,0.0,0.0,0.0,0.0,4.111989,0.0,0.0,0.0,0.0,0.0,370.078978,0.0,0.0,1.370663,0.0,5.482652,2.741326,0.0,0.0,0.0,0.0,0.0,346.777709,5.482652,23.301269,0.0
TCGA-AB-2819,20.496423,2.92806,0.0,10766.478392,21307.496128,0.0,0.0,0.0,0.0,0.0,0.0,702.734516,0.0,5.856121,20.496423,0.0,0.0,0.0,20.496423,84.913754,0.0,0.0,99.554056,0.0,0.0,0.0,0.0,0.0,0.0,99.554056,0.0,0.0,0.0,29.280605,0.0,0.0,0.0,0.0,8.784181,25652.737883,0.0,14.640302,0.0,0.0,17.568363,2.92806,0.0,0.0,0.0,4655.616166,0.0,0.0,2.92806,26.352544,0.0,3267.715498,0.0,16616.743235,0.0,0.0,11.712242,0.0,3036.39872,0.0,0.0,134.690782,0.0,4450.651933,0.0,0.0,0.0,0.0,0.0,2.92806,0.0,0.0,2.92806,0.0,0.0,0.0,0.0,0.0,0.0,0.0,222.532597,0.0,0.0,0.0,0.0,17.568363,0.0,0.0,0.0,0.0,0.0,0.0,319.158593,0.0,20.496423,0.0
TCGA-AB-3008,17.28991,1.728991,0.0,8556.776607,20689.106665,0.0,0.0,0.0,0.0,0.0,0.0,333.695269,0.0,22.476883,17.28991,5.186973,0.0,1.728991,133.132309,98.552489,0.0,0.0,108.926435,0.0,0.0,0.0,1.728991,0.0,0.0,25.934865,0.0,0.0,0.0,414.957847,0.0,0.0,0.0,0.0,5.186973,53730.125248,0.0,0.0,0.0,1.728991,36.308812,1.728991,1.728991,0.0,0.0,18700.76698,0.0,0.0,0.0,13.831928,1.728991,1983.152711,0.0,11338.723175,0.0,0.0,8.644955,0.0,3025.734302,0.0,1.728991,31.121839,0.0,3338.681679,0.0,0.0,8.644955,0.0,0.0,0.0,0.0,1.728991,0.0,0.0,0.0,0.0,0.0,0.0,0.0,0.0,414.957847,0.0,0.0,0.0,0.0,10.373946,0.0,0.0,0.0,3.457982,0.0,0.0,376.920045,0.0,380.378027,0.0
TCGA-AB-2871,1.628158,4.884474,0.0,10306.240241,11102.409511,1.628158,0.0,0.0,0.0,0.0,0.0,397.270556,0.0,0.0,3.256316,0.0,0.0,9.768948,52.101057,58.613689,0.0,0.0,66.754479,0.0,0.0,0.0,3.256316,0.0,0.0,4.884474,8.14079,0.0,1.628158,162.815802,0.0,0.0,0.0,1.628158,1.628158,7320.19844,0.0,1.628158,0.0,0.0,81.407901,1.628158,0.0,1.628158,0.0,3658.471062,0.0,0.0,8.14079,26.050528,0.0,1805.62724,0.0,18417.723477,1.628158,0.0,6.512632,0.0,862.923748,0.0,0.0,148.162379,0.0,3573.806845,0.0,0.0,1.628158,0.0,0.0,1.628158,0.0,0.0,0.0,0.0,3.256316,0.0,0.0,0.0,0.0,0.0,421.692926,0.0,0.0,0.0,0.0,24.42237,1.628158,0.0,0.0,0.0,0.0,0.0,369.59187,1.628158,144.906063,0.0
TCGA-AB-2919,0.799015,1.59803,0.0,15499.292472,14100.217252,0.799015,0.0,0.0,0.0,0.0,0.0,111.063081,0.0,0.799015,2.397045,2.397045,0.0,0.799015,3.995075,91.886722,0.799015,0.0,71.911348,0.0,0.0,0.799015,0.0,0.0,0.0,5.593105,0.0,0.0,0.799015,85.494602,0.0,0.0,0.0,0.0,4.79409,22097.55813,0.0,1.59803,0.0,0.0,52.734988,0.0,0.0,0.0,0.0,4917.937167,0.0,0.0,5.593105,7.99015,0.0,1997.537436,0.0,23069.160339,0.0,0.0,15.181285,0.0,201.351774,0.0,0.0,2.397045,0.0,4203.61778,0.0,0.0,5.593105,0.0,0.0,0.0,0.0,0.799015,0.0,0.0,3.995075,0.0,0.0,0.799015,0.0,0.0,879.715487,0.0,0.0,0.0,1.59803,50.337943,1.59803,0.0,2.397045,0.0,0.0,0.0,111.063081,0.0,72.710363,0.0
TCGA-AB-2805,0.0,2.427735,0.0,9184.123096,19832.17065,13.352545,0.0,0.0,0.0,0.0,0.0,604.50612,0.0,6.069339,4.855471,0.0,0.0,1.213868,6.069339,58.26565,0.0,0.0,89.826211,0.0,0.0,1.213868,0.0,0.0,0.0,157.802802,2.427735,2.427735,0.0,4.855471,0.0,0.0,0.0,0.0,12.138677,15587.275268,0.0,10.924809,0.0,1.213868,41.271502,2.427735,0.0,2.427735,0.0,1842.651184,3.641603,0.0,2.427735,29.132825,1.213868,2636.520667,0.0,13817.456146,0.0,0.0,4.855471,0.0,98.323285,0.0,0.0,40.057634,0.0,4074.953903,0.0,0.0,3.641603,0.0,0.0,2.427735,0.0,1.213868,0.0,0.0,1.213868,0.0,0.0,0.0,3.641603,0.0,86.184607,0.0,0.0,1.213868,0.0,3.641603,1.213868,2.427735,0.0,0.0,0.0,0.0,297.397589,0.0,6.069339,0.0
TCGA-AB-2976,3.687452,3.687452,0.0,13417.40723,9283.773984,3.687452,0.0,0.0,0.0,0.0,0.0,613.346116,0.0,2.458301,3.687452,0.0,0.0,0.0,36.874516,60.228376,0.0,0.0,51.624322,0.0,0.0,1.229151,0.0,0.0,0.0,44.249419,2.458301,0.0,0.0,14.749806,0.0,0.0,0.0,1.229151,0.0,7243.384097,0.0,3.687452,1.229151,0.0,142.581462,0.0,0.0,2.458301,0.0,576.4716,0.0,1.229151,7.374903,28.270462,0.0,2165.763241,0.0,53737.232199,1.229151,0.0,14.749806,0.0,372.432612,0.0,2.458301,7.374903,0.0,2594.736777,0.0,0.0,2.458301,0.0,0.0,0.0,0.0,2.458301,0.0,0.0,0.0,1.229151,0.0,0.0,0.0,0.0,84.811387,0.0,0.0,0.0,0.0,12.291505,0.0,0.0,0.0,1.229151,0.0,0.0,103.248645,2.458301,8.604054,0.0
TCGA-AB-2814,2.833728,2.833728,0.0,17027.87255,23349.920089,5.667456,0.0,2.833728,0.0,0.0,0.0,648.92375,0.0,17.002369,14.168641,2.833728,0.0,2.833728,14.168641,99.180486,0.0,0.0,102.014214,0.0,0.0,0.0,2.833728,0.0,0.0,39.672194,0.0,0.0,0.0,368.384662,0.0,0.0,0.0,0.0,0.0,64266.12108,0.0,0.0,0.0,0.0,357.049749,2.833728,2.833728,2.833728,0.0,2043.118008,0.0,0.0,5.667456,25.503553,0.0,3111.433526,0.0,48317.898961,2.833728,0.0,14.168641,0.0,408.056856,0.0,2.833728,189.859787,0.0,3593.167315,0.0,0.0,5.667456,0.0,0.0,5.667456,0.0,0.0,0.0,0.0,5.667456,0.0,0.0,0.0,0.0,0.0,328.712467,2.833728,0.0,0.0,0.0,11.334913,0.0,0.0,0.0,0.0,0.0,0.0,144.520136,2.833728,436.394138,0.0
TCGA-AB-2821,6.20459,2.068197,0.0,10235.50556,13325.391458,10.340984,0.0,0.0,0.0,0.0,0.0,376.411803,0.0,6.20459,33.091147,0.0,0.0,24.818361,132.36459,86.864262,0.0,0.0,111.682623,0.0,0.0,0.0,4.136393,0.0,0.0,84.796065,6.20459,0.0,0.0,512.912786,0.0,0.0,0.0,0.0,2.068197,26814.170457,0.0,12.40918,0.0,0.0,430.184917,0.0,4.136393,6.20459,0.0,7805.374416,2.068197,0.0,0.0,37.227541,0.0,2368.085243,0.0,19358.321286,4.136393,0.0,8.272787,0.0,2796.201964,0.0,0.0,564.617704,0.0,4781.670813,0.0,0.0,4.136393,0.0,0.0,2.068197,0.0,0.0,0.0,0.0,10.340984,0.0,0.0,2.068197,0.0,0.0,1238.849834,0.0,0.0,0.0,26.886557,24.818361,0.0,2.068197,2.068197,0.0,0.0,0.0,432.253114,22.750164,475.685245,0.0
TCGA-AB-2916,0.0,2.747585,0.0,7292.090253,16010.177054,19.233094,0.0,0.0,0.0,0.0,0.0,395.652222,0.0,5.49517,27.475849,0.0,0.0,2.747585,96.165471,52.204113,0.0,0.0,145.621998,0.0,0.0,2.747585,0.0,0.0,0.0,109.903395,0.0,0.0,0.0,27.475849,0.0,0.0,0.0,0.0,5.49517,4786.292849,0.0,5.49517,0.0,0.0,24.728264,2.747585,5.49517,2.747585,0.0,681.401048,0.0,0.0,13.737924,10.990339,0.0,3189.946037,0.0,19848.553122,2.747585,0.0,8.242755,0.0,200.573696,0.0,2.747585,208.81645,0.0,3448.219015,0.0,0.0,5.49517,0.0,0.0,0.0,0.0,0.0,0.0,0.0,2.747585,0.0,0.0,0.0,0.0,0.0,258.272978,0.0,0.0,0.0,0.0,30.223434,0.0,0.0,0.0,8.242755,0.0,0.0,329.710185,16.485509,19.233094,0.0
TCGA-AB-2806,3.259229,0.0,0.0,9738.577216,41310.731664,1.629615,0.0,0.0,0.0,0.0,0.0,549.180141,0.0,0.0,8.148073,0.0,1.629615,0.0,19.555376,61.925357,0.0,0.0,117.332256,0.0,0.0,0.0,0.0,0.0,0.0,0.0,0.0,0.0,0.0,11.407303,0.0,0.0,1.629615,0.0,3.259229,35158.936318,0.0,3.259229,0.0,0.0,4.888844,1.629615,3.259229,0.0,0.0,8943.325261,0.0,0.0,4.888844,58.666128,0.0,3099.527086,0.0,11118.860834,1.629615,0.0,17.925761,0.0,281.923336,0.0,4.888844,3.259229,0.0,5574.911756,0.0,0.0,4.888844,0.0,0.0,0.0,0.0,1.629615,0.0,0.0,0.0,0.0,0.0,0.0,1.629615,0.0,210.220291,0.0,0.0,0.0,0.0,17.925761,0.0,0.0,0.0,0.0,0.0,0.0,164.591081,0.0,21.184991,0.0
TCGA-AB-2977,1.90693,0.0,0.0,12551.41561,14626.155838,3.813861,0.0,0.0,0.0,0.0,0.0,396.641514,0.0,0.0,9.534652,0.0,0.0,0.0,3.813861,28.603955,0.0,0.0,99.160379,0.0,1.90693,1.90693,0.0,0.0,0.0,61.021771,0.0,0.0,1.90693,0.0,0.0,0.0,0.0,0.0,3.813861,26622.654714,0.0,7.627721,0.0,0.0,74.370284,0.0,1.90693,1.90693,0.0,1531.265077,0.0,0.0,0.0,20.976234,0.0,1931.720452,0.0,19269.531257,3.813861,0.0,7.627721,0.0,194.506896,0.0,0.0,0.0,0.0,4229.571532,0.0,0.0,1.90693,0.0,0.0,0.0,0.0,3.813861,0.0,0.0,1.90693,0.0,0.0,0.0,0.0,0.0,17.162373,0.0,0.0,0.0,1.90693,13.348512,0.0,0.0,0.0,0.0,0.0,0.0,171.623732,0.0,0.0,0.0
TCGA-AB-2995,2.561075,2.561075,0.0,13484.061148,12508.291481,5.12215,0.0,2.561075,0.0,0.0,0.0,489.165371,0.0,5.12215,20.488602,2.561075,0.0,46.099354,58.904731,38.416129,0.0,0.0,94.759784,0.0,0.0,0.0,0.0,0.0,0.0,43.538279,0.0,0.0,0.0,624.902359,0.0,0.0,0.0,0.0,0.0,11996.076433,0.0,15.366451,0.0,0.0,17.927527,2.561075,0.0,0.0,0.0,5936.572411,2.561075,0.0,7.683226,17.927527,0.0,2084.715247,0.0,28596.96615,2.561075,0.0,5.12215,0.0,2182.036106,0.0,0.0,645.390961,0.0,4650.912639,0.0,0.0,12.805376,0.0,0.0,2.561075,0.0,2.561075,0.0,0.0,5.12215,0.0,2.561075,5.12215,0.0,0.0,1239.560417,0.0,0.0,0.0,23.049677,23.049677,0.0,2.561075,0.0,5.12215,0.0,0.0,322.69548,12.805376,681.246014,0.0
TCGA-AB-2835,15.622594,3.347699,0.0,12151.03031,12306.140349,5.579498,0.0,0.0,0.0,0.0,0.0,314.683676,0.0,10.043096,15.622594,0.0,0.0,4.463598,13.390795,53.563179,0.0,0.0,22.317991,0.0,0.0,0.0,1.1159,0.0,0.0,126.09665,0.0,0.0,0.0,23.433891,0.0,0.0,0.0,0.0,0.0,2983.915424,0.0,1.1159,0.0,0.0,121.633052,0.0,1.1159,1.1159,0.0,407.303339,1.1159,0.0,5.579498,15.622594,0.0,2067.761885,0.0,40850.851097,1.1159,0.0,14.506694,0.0,1125.942656,0.0,2.231799,23.433891,0.0,1472.987419,0.0,0.0,0.0,0.0,2.231799,2.231799,0.0,0.0,0.0,0.0,4.463598,0.0,0.0,0.0,0.0,0.0,295.713383,0.0,0.0,1.1159,0.0,5.579498,0.0,0.0,0.0,1.1159,0.0,0.0,273.395392,0.0,27.897489,0.0
TCGA-AB-2963,1.322701,3.968102,0.0,13574.876096,23442.222454,3.968102,0.0,0.0,0.0,0.0,0.0,699.708609,0.0,3.968102,2.645401,0.0,0.0,1.322701,10.581605,66.135029,1.322701,0.0,76.716634,0.0,0.0,0.0,1.322701,0.0,0.0,39.681018,0.0,2.645401,0.0,64.812329,0.0,0.0,0.0,0.0,1.322701,5822.527972,0.0,5.290802,0.0,0.0,277.767123,0.0,0.0,1.322701,0.0,439.136594,1.322701,0.0,0.0,33.067515,1.322701,1868.975926,0.0,51656.748617,1.322701,0.0,27.776712,0.0,158.72407,0.0,0.0,6.613503,0.0,2716.827,0.0,0.0,5.290802,0.0,0.0,1.322701,0.0,0.0,0.0,0.0,3.968102,0.0,0.0,1.322701,0.0,0.0,525.112132,1.322701,0.0,0.0,0.0,19.840509,1.322701,1.322701,0.0,0.0,0.0,0.0,170.628375,2.645401,35.712916,0.0
TCGA-AB-2935,23.389077,0.89958,0.89958,8234.75437,15188.506967,0.89958,0.0,0.89958,4.497899,0.0,0.0,224.894974,0.0,3.59832,14.393278,0.0,0.0,18.891178,35.983196,64.769753,0.0,0.0,62.970593,0.0,0.0,0.89958,2.69874,0.0,0.0,75.564711,5.397479,0.89958,0.0,45.878575,0.0,0.0,0.0,0.0,9.895379,1953.887535,0.0,3.59832,0.0,0.0,102.552108,1.79916,0.89958,0.89958,0.89958,2257.945539,0.0,0.0,3.59832,12.594119,0.0,2154.493851,0.0,10640.231012,1.79916,0.0,10.794959,0.89958,1222.529079,0.0,1.79916,1175.750924,0.0,3673.884296,0.0,0.0,0.89958,0.0,0.0,2.69874,0.0,0.0,0.0,0.0,6.297059,0.0,0.0,0.0,0.0,0.0,75.564711,0.0,0.0,0.0,0.89958,13.493698,1.79916,0.0,0.0,0.0,0.0,0.0,259.97859,17.092018,36.882776,0.0
TCGA-AB-2845,3.212753,0.0,0.0,7117.855037,12500.823268,6.425507,0.0,0.0,0.0,0.0,0.0,303.605191,0.0,1.606377,19.27652,0.0,0.0,1.606377,204.009837,57.82956,0.0,0.0,133.329264,0.0,0.0,0.0,0.0,0.0,0.0,40.159417,1.606377,0.0,0.0,110.83999,0.0,0.0,0.0,0.0,3.212753,41770.612624,0.0,0.0,0.0,0.0,44.978547,1.606377,1.606377,0.0,0.0,2759.755124,0.0,0.0,4.81913,36.946663,3.212753,3577.40085,0.0,8658.370267,3.212753,0.0,17.670143,0.0,965.43238,0.0,0.0,97.988977,0.0,3373.391013,0.0,0.0,1.606377,0.0,0.0,4.81913,0.0,0.0,0.0,0.0,6.425507,1.606377,0.0,0.0,1.606377,0.0,1403.973212,0.0,0.0,0.0,1.606377,8.031883,0.0,0.0,0.0,3.212753,0.0,0.0,340.551855,4.81913,99.595354,0.0
TCGA-AB-2839,5.404695,1.801565,0.0,15268.262012,18858.780737,1.801565,0.0,0.0,0.0,0.0,0.0,742.244714,0.0,1.801565,0.0,0.0,0.0,0.0,72.062594,46.840686,0.0,0.0,102.689196,0.0,0.0,0.0,7.206259,0.0,0.0,18.015648,1.801565,0.0,0.0,221.592475,0.0,3.60313,0.0,0.0,0.0,16041.133328,0.0,3.60313,0.0,0.0,225.195605,1.801565,1.801565,3.60313,0.0,2441.120357,0.0,0.0,5.404695,25.221908,0.0,1907.857165,0.0,50996.895904,0.0,0.0,9.007824,1.801565,135.117363,0.0,3.60313,9.007824,0.0,3053.652402,0.0,0.0,5.404695,0.0,0.0,1.801565,0.0,0.0,0.0,0.0,10.809389,0.0,0.0,0.0,0.0,0.0,1471.878474,0.0,0.0,0.0,0.0,16.214084,9.007824,0.0,0.0,0.0,0.0,0.0,120.704844,1.801565,248.615948,0.0
TCGA-AB-2936,1.683904,3.367808,0.0,9187.381495,12221.776923,1.683904,0.0,0.0,1.683904,0.0,0.0,266.056869,0.0,8.419521,20.206851,0.0,0.0,0.0,143.13186,133.028434,1.683904,0.0,65.672265,0.0,0.0,1.683904,0.0,0.0,0.0,30.310276,3.367808,0.0,0.0,158.286998,0.0,0.0,0.0,0.0,15.155138,17051.214263,0.0,1.683904,0.0,0.0,33.678085,0.0,0.0,1.683904,0.0,8104.631073,0.0,0.0,5.051713,20.206851,0.0,1998.794325,0.0,19209.97949,0.0,0.0,18.522947,0.0,205.436316,0.0,0.0,99.35035,0.0,3556.40574,0.0,0.0,3.367808,0.0,0.0,0.0,0.0,0.0,0.0,0.0,3.367808,0.0,0.0,0.0,0.0,0.0,11.78733,0.0,0.0,0.0,0.0,18.522947,1.683904,1.683904,0.0,1.683904,0.0,0.0,444.550718,3.367808,154.919189,0.0
TCGA-AB-2859,6.091358,3.654815,0.0,10146.984473,6554.301413,6.091358,0.0,0.0,0.0,0.0,0.0,191.268647,0.0,2.436543,1.218272,0.0,0.0,4.873087,46.294322,48.730866,0.0,0.0,28.020248,0.0,0.0,1.218272,0.0,0.0,0.0,12.182716,2.436543,0.0,0.0,21.928889,0.0,0.0,0.0,0.0,0.0,4990.040629,0.0,0.0,0.0,0.0,58.477039,0.0,0.0,0.0,0.0,1069.642498,0.0,0.0,0.0,20.710618,0.0,1570.352141,0.0,34625.716496,0.0,0.0,7.30963,0.0,476.34421,0.0,0.0,159.593585,0.0,1781.113135,0.0,0.0,3.654815,0.0,0.0,4.873087,0.0,0.0,0.0,0.0,0.0,0.0,0.0,0.0,1.218272,0.0,271.674575,0.0,0.0,0.0,0.0,7.30963,0.0,1.218272,0.0,0.0,0.0,0.0,263.146674,7.30963,25.583704,0.0
TCGA-AB-2979,0.0,10.528532,0.0,6643.503896,31006.52769,10.528532,0.0,0.0,0.0,0.0,0.0,431.669825,0.0,0.0,10.528532,0.0,0.0,0.0,36.849863,47.378395,5.264266,0.0,268.477574,0.0,0.0,0.0,5.264266,0.0,0.0,31.585597,0.0,5.264266,0.0,168.456517,0.0,0.0,0.0,0.0,0.0,67719.519899,0.0,36.849863,0.0,0.0,5.264266,0.0,0.0,0.0,0.0,4127.18467,0.0,0.0,0.0,36.849863,0.0,3879.764161,0.0,8670.246368,5.264266,0.0,15.792798,0.0,1126.552959,0.0,5.264266,47.378395,0.0,4558.854496,0.0,0.0,10.528532,0.0,0.0,10.528532,0.0,0.0,0.0,0.0,5.264266,0.0,0.0,0.0,15.792798,0.0,805.432723,0.0,0.0,0.0,15.792798,10.528532,15.792798,0.0,0.0,0.0,0.0,0.0,426.405559,0.0,221.099179,0.0
TCGA-HT-7691,0.0,0.13652,0.0,11672.852151,177.475735,0.13652,0.0,0.13652,0.0,0.0,0.0,15.290217,1.365198,0.0,22.116207,0.13652,0.27304,9.556386,0.819119,2.320837,0.0,0.0,34.129949,0.13652,0.0,0.0,0.13652,0.13652,0.0,21.843167,1.501718,1.092158,0.0,1276.733136,0.13652,0.0,0.0,0.0,0.0,3317.021493,0.0,48.874087,0.0,0.0,188693.566982,0.0,0.13652,0.27304,0.13652,23.208365,0.13652,0.0,0.682599,2.184317,0.13652,1700.217544,0.0,23956.084312,0.13652,0.0,0.682599,5.870351,68484.609782,0.0,0.0,404.235117,0.0,208.875288,0.0,0.0,0.27304,0.0,0.13652,3.139955,0.0,0.13652,0.0,0.0,0.27304,0.0,0.0,0.0,0.0,0.0,12387.806325,0.13652,0.0,0.0,0.409559,1.501718,0.409559,0.13652,4.914713,1.638238,0.0,0.0,90.512625,27.850038,1169.428576,0.0
TCGA-S9-A7J0,0.605852,0.0,0.0,7648.877448,305.955098,0.0,0.0,0.0,0.0,0.0,0.12117,25.566941,0.363511,0.0,17.690869,0.0,0.12117,5.573835,0.0,8.481924,0.0,0.0,11.511182,0.0,0.12117,0.0,0.0,0.12117,0.363511,25.445771,0.242341,0.484681,0.0,873.27461,0.12117,0.0,0.12117,0.0,0.727022,4753.996955,0.12117,29.929073,0.0,0.12117,232695.028199,0.363511,0.0,0.12117,0.0,3.63511,0.0,0.0,0.484681,0.12117,0.0,1415.390693,0.0,6175.446164,0.242341,0.0,0.605852,204.899038,14678.69565,0.0,0.0,87.848493,0.0,408.707543,0.0,0.0,0.848192,0.12117,0.0,0.242341,0.0,0.12117,0.0,0.0,0.242341,1.090533,0.0,0.484681,0.0,0.0,5362.272041,0.12117,0.0,0.0,0.484681,1.575214,0.0,0.0,1.454044,0.727022,0.0,0.0,25.08226,6.664368,845.526603,0.0
TCGA-HT-7605,0.0,0.324363,0.0,17304.022429,270.843312,0.216242,1.621816,0.0,0.0,0.0,0.0,22.489185,0.864969,0.0,15.785678,0.0,0.540605,37.842379,0.108121,4.865449,0.0,0.0,33.517536,0.108121,0.216242,0.0,0.108121,0.108121,0.864969,31.895719,0.108121,0.324363,0.0,3264.607969,0.540605,0.0,0.0,0.0,0.432484,5425.299685,0.0,66.170103,0.0,0.0,198216.542742,0.324363,0.0,0.0,0.108121,20.218642,0.324363,0.0,3.567996,0.97309,0.216242,1638.142523,0.0,21925.549985,0.324363,0.0,0.97309,363.50308,33096.404001,0.216242,0.0,360.583811,0.0,423.942765,0.0,0.324363,0.432484,0.324363,0.108121,1.513695,0.0,0.540605,0.0,0.216242,0.0,0.324363,0.0,0.0,0.0,0.0,19665.494995,0.0,0.0,0.0,1.081211,0.648726,0.0,0.0,1.405574,1.729937,0.0,0.0,127.258514,74.603547,3129.672858,0.216242
TCGA-HT-A4DS,0.0,0.0,0.0,5886.787196,662.785132,0.0,0.344841,0.0,0.0,0.0,0.0,30.346041,1.379366,0.0,17.931752,0.0,0.344841,20.690483,1.034524,6.896828,0.0,0.0,12.41429,0.0,0.344841,0.0,0.0,0.0,0.689683,52.760731,1.724207,1.034524,0.0,2372.853535,0.344841,0.0,0.344841,0.0,0.0,5655.053788,0.0,27.932152,0.0,0.0,220446.748904,0.344841,0.0,0.689683,0.0,16.552386,0.0,0.0,17.58691,0.344841,0.344841,771.065325,0.0,13444.330877,0.0,0.0,0.344841,350.358842,19801.481714,0.0,0.0,154.488938,0.0,508.296194,0.0,0.0,0.0,0.0,0.0,2.41389,0.0,0.0,0.0,0.0,0.0,0.344841,0.0,0.0,0.0,0.0,13093.282352,0.344841,0.0,0.0,1.379366,3.448414,0.344841,0.0,1.724207,1.724207,0.0,0.0,46.553586,32.41509,2399.06148,0.344841
TCGA-P5-A5EW,0.0,0.289297,0.0,5461.77998,183.703503,0.0,0.144648,0.144648,0.0,0.0,0.144648,20.829374,0.433945,0.0,8.968203,0.0,0.0,2.314375,0.144648,3.616211,0.0,0.0,4.773398,0.0,0.0,0.0,0.0,0.289297,0.289297,14.75414,0.144648,0.289297,0.0,1224.159643,0.0,0.0,0.289297,0.0,0.0,2433.709795,0.0,20.25078,0.0,0.144648,282154.983847,0.0,0.144648,0.0,0.0,4.62875,0.289297,0.0,0.433945,0.289297,0.0,646.289175,0.0,7061.012996,0.144648,0.0,0.289297,52.796676,16227.09456,0.0,0.0,26.615311,0.0,172.854871,0.0,0.0,0.0,0.433945,0.0,0.433945,0.0,0.433945,0.0,0.0,0.0,0.433945,0.0,0.144648,0.0,0.0,2322.475154,0.0,0.0,0.0,0.0,0.144648,0.0,0.0,1.301836,0.723242,0.0,0.0,26.036717,3.326914,1175.268475,0.0
TCGA-QH-A6CS,0.269767,0.269767,0.0,11002.451913,383.878609,0.269767,0.539534,0.269767,0.0,0.0,0.0,19.693,0.269767,0.0,28.325547,0.0,0.269767,13.758123,0.0,9.441849,0.0,0.0,12.409287,0.0,0.0,0.0,0.0,0.0,0.269767,48.288314,0.269767,0.269767,0.0,1436.509904,0.269767,0.0,0.0,0.0,0.0,5559.630538,0.0,36.418561,0.269767,0.0,186301.171787,0.0,0.539534,0.539534,0.0,15.376726,0.0,0.0,11.599986,1.079068,0.0,2450.834268,0.0,9014.53802,0.0,0.0,0.269767,78.502231,42939.641496,0.0,0.0,83.897574,0.0,397.366965,0.0,0.269767,0.269767,0.0,0.0,1.618603,0.0,0.0,0.0,0.0,0.269767,0.0,0.0,0.269767,0.0,0.269767,13793.19275,0.0,0.0,0.0,2.427904,1.88837,0.269767,0.0,1.88837,1.618603,0.0,0.0,69.060382,29.674383,1359.356508,0.269767
TCGA-DU-5849,0.0,0.0,0.0,12219.286757,247.012309,0.150434,1.053037,0.300868,0.150434,0.0,0.0,7.52169,1.654772,0.0,19.405961,0.150434,0.0,35.051077,0.902603,3.459978,0.0,0.0,20.759865,0.0,0.0,0.150434,0.0,0.0,0.752169,21.963336,0.601735,0.150434,0.0,1373.611082,0.150434,0.0,0.0,0.0,0.300868,4901.434266,0.0,51.448362,0.0,0.0,216332.53814,0.300868,0.0,0.300868,0.0,13.83991,0.150434,0.0,1.053037,0.902603,0.0,1244.689311,0.0,11761.215818,0.451301,0.0,0.752169,1038.74543,31326.185321,0.0,0.0,527.27049,0.0,328.547432,0.0,0.0,0.150434,0.0,0.0,0.752169,0.300868,0.150434,0.0,0.0,0.150434,0.150434,0.0,0.0,0.0,0.0,9352.770585,0.0,0.0,0.0,0.902603,0.601735,0.451301,0.0,0.601735,0.601735,0.0,0.0,63.483066,70.854323,1255.670978,0.601735
TCGA-S9-A6WE,0.0,0.0,0.0,6374.476345,141.901964,0.0,0.255449,0.0,0.0,0.0,0.0,14.049699,0.127725,0.0,16.731915,0.127725,0.0,9.579341,0.0,2.171317,0.0,0.0,10.090239,0.127725,0.0,0.0,0.0,0.0,0.0,19.158681,0.383174,0.510898,0.0,772.605743,0.127725,0.0,0.0,0.0,0.0,6621.240157,0.0,19.925028,0.0,0.0,265187.437678,0.127725,0.255449,0.127725,0.0,16.731915,0.0,0.0,0.255449,1.021796,0.127725,1076.973322,0.0,10055.49759,0.383174,0.0,0.255449,69.609874,25633.804292,0.0,0.0,171.150884,0.0,179.836152,0.0,0.0,0.127725,0.0,0.0,0.255449,0.0,0.127725,0.0,0.510898,0.0,0.255449,0.0,0.0,0.0,0.0,3574.882152,0.0,0.0,0.0,0.383174,0.383174,0.127725,0.0,0.510898,0.383174,0.0,0.0,29.121195,16.987364,735.565626,0.0
TCGA-DU-8162,0.207408,0.414817,0.0,11913.122438,355.497961,0.207408,3.525942,0.414817,0.207408,0.0,0.207408,20.948246,6.014843,0.0,46.04466,0.0,1.037042,153.274792,0.207408,10.577827,0.0,0.0,69.274398,0.0,0.207408,0.0,0.0,0.207408,1.451859,25.303822,0.207408,0.0,0.0,1931.594228,0.207408,0.0,0.207408,0.0,0.207408,7855.177515,0.207408,156.593326,0.0,0.0,132522.753736,0.414817,0.0,0.207408,0.0,23.02233,0.414817,0.0,5.600026,0.622225,0.0,2380.011142,0.0,19252.682724,0.622225,0.0,0.829634,15.970445,27092.30461,0.207408,0.0,2032.602108,0.207408,497.5727,0.0,0.414817,0.829634,0.207408,0.0,1.659267,0.207408,0.829634,0.0,0.622225,0.0,0.0,0.0,0.0,0.0,0.0,16362.446971,0.207408,0.0,0.0,1.037042,1.24445,0.414817,0.0,0.622225,2.696309,0.0,0.207408,170.904504,384.94995,1818.141845,1.037042
TCGA-DU-6407,0.214565,0.858259,0.214565,17535.510449,398.017423,0.214565,0.0,0.214565,0.0,0.0,0.0,8.582586,2.360211,0.0,29.609921,0.0,3.433034,5.578681,0.214565,7.724327,0.0,0.0,33.042956,0.0,0.643694,0.0,0.0,0.214565,1.287388,35.617732,0.0,0.214565,0.0,4629.446852,0.214565,0.0,0.0,0.0,0.429129,9885.851607,0.0,94.837575,0.0,0.0,193127.494314,0.0,0.0,0.0,0.214565,11.157362,0.643694,0.0,1.072823,1.287388,0.0,1248.551689,0.0,35096.339527,1.072823,0.0,0.0,102.132773,39259.322834,0.0,0.0,226.580269,0.0,437.282753,0.0,0.0,0.429129,0.0,0.214565,2.78934,0.0,0.214565,0.0,0.214565,0.0,0.214565,0.0,0.214565,0.214565,0.0,12075.269279,0.214565,0.0,0.0,0.643694,2.78934,0.0,0.0,3.21847,0.214565,0.0,0.0,56.859632,11.801056,4362.099301,0.0
TCGA-E1-A7YY,0.0,0.0,0.0,9360.78358,970.012996,0.0,4.888889,0.0,0.0,0.0,0.0,23.006534,1.72549,0.0,36.810455,0.0,0.575163,108.13071,0.287582,3.163398,0.0,0.0,35.372546,0.0,0.0,0.0,0.0,0.0,1.437908,31.921566,0.0,0.0,0.0,1468.967205,0.0,0.0,0.0,0.0,0.575163,3158.797138,0.0,136.601296,0.0,0.0,192740.978347,0.287582,0.0,0.287582,0.0,4.888889,0.287582,0.0,2.300653,1.72549,0.0,1678.901829,0.0,5246.35253,0.575163,0.0,0.862745,43.137252,29205.644768,0.0,0.0,1399.084858,0.0,635.267924,0.0,0.0,1.150327,0.0,0.0,0.575163,0.862745,0.575163,0.0,0.575163,0.0,0.287582,0.0,0.0,0.287582,0.0,4741.934269,0.287582,0.0,0.0,0.575163,0.0,0.287582,0.0,1.437908,4.601307,0.0,0.0,92.026137,135.163388,1390.169826,0.0
TCGA-HT-A74O,0.184282,0.552845,0.0,8098.44328,369.116231,0.0,0.184282,0.0,0.0,0.0,0.0,15.111099,0.552845,0.184282,8.476958,0.552845,0.184282,5.159887,0.552845,12.346873,0.0,0.0,16.769634,0.0,0.0,0.0,0.184282,0.0,0.368563,17.875324,0.737127,0.368563,0.0,2513.233729,0.0,0.0,0.0,0.0,0.368563,7320.774536,0.0,44.043325,0.368563,0.0,184829.193906,0.0,0.0,0.0,0.0,8.476958,0.0,0.0,1.842817,0.921408,0.0,2002.773439,0.0,10435.872274,0.368563,0.0,1.474254,86.428114,15836.984414,0.0,0.0,77.398311,0.0,315.121695,0.0,0.0,0.368563,0.0,0.0,1.10569,0.0,0.921408,0.368563,0.0,0.0,0.368563,0.0,0.0,0.184282,0.0,13197.333444,0.0,0.0,0.0,0.737127,0.552845,0.184282,0.0,3.31707,5.528451,0.0,0.0,138.948397,12.346873,2358.621389,0.184282
TCGA-E1-A7YQ,58.688334,0.0,0.0,10144.78234,326.046297,0.0,0.0,0.0,0.0,0.0,0.0,13.832267,0.197604,0.0,12.44904,0.0,0.0,1.185623,0.988019,8.101756,0.0,0.0,8.496964,0.0,0.0,0.0,0.0,0.197604,0.0,27.071723,0.790415,0.395208,0.0,1418.202592,0.197604,0.0,0.0,0.0,0.0,4003.848532,0.0,16.796324,0.0,0.197604,188062.911522,0.0,0.0,0.0,0.0,12.44904,0.0,0.0,2.964057,0.988019,0.0,737.457444,0.0,17409.489054,0.197604,0.197604,0.395208,47.62252,50577.882481,0.0,0.0,47.227312,0.0,288.699176,0.0,0.0,0.197604,0.197604,0.197604,3.161661,0.0,0.0,0.0,0.0,0.0,0.0,0.0,0.197604,0.0,0.0,13818.830102,0.197604,0.0,0.0,1.185623,4.14968,0.395208,0.0,0.197604,3.161661,0.0,0.0,57.107503,2.56885,1392.711699,0.0
TCGA-TM-A84M,0.076064,0.076064,0.0,16390.890113,217.391056,0.0,0.076064,0.152128,0.0,0.076064,0.0,6.313316,0.076064,0.0,8.44311,0.304256,0.076064,6.085124,0.0,2.357986,0.0,0.0,11.713864,0.0,0.228192,0.0,0.0,0.0,0.076064,9.660134,0.076064,0.152128,0.0,1613.927023,0.0,0.0,0.0,0.0,0.076064,7270.354074,0.0,22.210703,0.0,0.0,250495.576305,0.076064,0.0,0.228192,0.0,16.201643,0.0,0.0,0.076064,1.521281,0.0,1766.815765,0.076064,18482.651502,0.152128,0.0,0.228192,610.337941,20422.741173,0.076064,0.0,213.435726,0.076064,193.963329,0.0,0.0,0.152128,0.0,0.0,0.304256,0.0,0.152128,0.0,0.152128,0.152128,1.445217,0.0,0.076064,0.0,0.0,14398.01199,0.076064,0.0,0.0,0.608512,0.38032,0.0,0.0,0.988833,1.064897,0.0,0.0,38.48841,16.658027,1567.375824,0.0
TCGA-FG-A4MU,0.708856,0.118143,0.0,7147.629261,211.120884,0.0,0.0,0.0,0.0,0.0,0.0,8.97884,0.236285,0.0,14.295259,0.118143,6.497845,2.480995,0.590713,5.907132,0.0,0.0,10.042124,0.0,0.236285,0.118143,0.0,0.354428,0.118143,21.738244,0.590713,1.181426,0.0,1523.449245,0.236285,0.0,0.118143,0.0,0.118143,2330.127139,0.0,26.227664,0.0,0.118143,179602.201942,0.118143,0.0,0.236285,0.0,12.404976,0.0,0.0,3.189851,0.826998,0.118143,649.311908,0.0,13942.720908,0.708856,0.0,0.945141,11.341693,27847.990601,0.0,0.118143,279.761754,0.0,304.807992,0.118143,0.0,0.0,0.0,0.0,1.181426,0.0,0.354428,0.0,0.0,0.118143,0.0,0.0,0.0,0.0,0.0,9395.883556,0.0,0.0,0.0,0.0,1.063284,0.0,0.0,1.063284,4.961991,0.0,0.0,33.316222,7.561128,1438.85912,0.0
TCGA-HT-A5R7,0.211815,0.0,0.0,3643.650089,349.919192,0.0,2.965417,0.0,0.0,0.0,0.0,15.462531,0.847262,0.0,52.742057,0.0,0.0,42.151283,0.211815,5.719018,0.0,0.0,13.344376,0.0,0.0,0.0,0.0,0.0,0.635446,50.412087,0.211815,0.0,0.0,1059.712905,0.0,0.0,0.0,0.0,0.0,3526.516122,0.0,48.293932,0.0,0.0,255959.958399,0.211815,0.211815,0.0,0.0,7.625358,0.0,0.0,1.482708,0.211815,0.0,1119.656689,0.0,4114.939558,0.211815,0.0,0.847262,51.68298,20074.177785,0.0,0.0,501.155454,0.0,358.179997,0.0,0.0,0.211815,0.0,0.0,0.423631,0.211815,0.423631,0.0,0.635446,0.211815,0.635446,0.211815,0.0,0.0,0.0,3118.559485,0.0,0.0,0.0,1.059077,1.270893,0.0,0.0,0.635446,19.910656,0.0,0.0,34.31411,58.037445,1041.920404,0.0
TCGA-DH-A669,7.329422,0.11634,0.0,7636.268491,210.720873,0.05817,0.40719,0.05817,0.203595,0.0,0.0,48.339281,0.0,0.0,6.136936,0.11634,0.11634,2.268631,0.23268,3.141181,0.087255,0.0,6.136936,0.0,0.05817,0.029085,0.087255,0.087255,0.203595,42.23143,0.11634,0.436275,0.0,803.676903,0.087255,0.0,0.0,0.0,0.11634,1979.205616,0.0,17.276494,0.0,0.0,236232.350345,0.145425,0.05817,0.05817,0.0,15.153288,0.029085,0.0,0.5817,0.93072,0.087255,797.714477,0.0,6296.496746,0.11634,0.0,0.17451,1297.162211,12185.774314,0.0,0.0,242.83072,0.0,299.401058,0.0,0.0,0.0,0.0,0.17451,0.29085,0.0,0.029085,0.0,0.05817,0.029085,0.0,0.0,0.145425,0.029085,0.0,2300.65311,0.0,0.0,0.0,0.436275,0.494445,0.17451,0.0,0.40719,1.57059,0.0,0.0,31.179127,7.940207,775.522617,0.0
TCGA-HT-7884,0.075043,0.150085,0.0,5183.486834,291.840349,0.0,0.075043,0.30017,0.075043,0.0,0.0,13.807823,0.975553,0.075043,11.856718,0.075043,0.825468,23.56335,0.0,7.579294,0.0,0.0,18.835672,0.0,0.0,0.0,0.0,0.150085,0.825468,9.080145,0.075043,0.30017,0.075043,1631.049112,0.0,0.0,0.150085,0.0,0.525298,5505.494275,0.0,35.870323,0.0,0.075043,253314.496661,0.150085,0.225128,0.30017,0.075043,4.127338,0.0,0.0,1.80102,0.30017,0.075043,678.084186,0.0,10209.984722,0.30017,0.0,0.825468,89.525723,21344.943511,0.075043,0.075043,243.212798,0.075043,353.075043,0.0,0.0,0.675383,0.075043,0.0,0.675383,0.0,0.375213,0.0,0.0,0.150085,0.075043,0.0,0.075043,0.0,0.0,6196.410731,0.0,0.0,0.0,0.675383,1.80102,0.150085,0.0,0.60034,0.825468,0.0,0.0,36.245536,29.191539,1566.437504,0.30017
TCGA-S9-A7R7,0.721782,0.0,0.0,8406.773128,560.824462,0.0,0.541336,0.360891,0.360891,0.0,0.180445,11.187618,4.150245,0.0,25.8037,0.0,0.360891,24.360136,1.443564,22.736127,0.0,0.180445,14.616082,0.180445,0.0,0.0,0.180445,0.721782,0.180445,53.772744,2.165345,2.345791,0.0,1759.704041,0.0,0.0,0.0,0.0,0.0,4466.205364,0.0,71.095508,0.0,0.0,112391.892875,0.0,0.360891,0.0,0.0,3.428464,0.180445,0.0,8.841827,0.541336,0.0,1667.135524,0.0,7792.717258,0.541336,0.0,1.263118,405.82182,43765.420192,0.0,0.0,1125.618725,0.180445,392.288411,0.0,0.0,0.721782,0.0,0.360891,3.248018,0.0,0.0,0.0,0.0,0.0,2.345791,0.0,0.180445,0.0,0.0,25114.939241,0.360891,0.0,0.541336,11.548509,1.443564,0.180445,0.0,4.150245,14.074745,0.0,0.0,118.733107,58.825217,1663.165724,0.541336
TCGA-S9-A6TZ,0.0,0.10715,0.0,11570.897032,250.409178,0.10715,0.10715,0.0,0.0,0.0,0.10715,14.893828,0.32145,0.0,16.072476,0.0,0.0,6.75044,0.2143,4.393143,0.0,0.0,14.250929,0.0,0.0,0.0,0.0,0.10715,0.32145,23.894415,0.10715,0.2143,0.0,1460.023734,0.428599,0.0,0.0,0.0,0.10715,4956.751645,0.0,30.216255,0.0,0.0,219548.845594,0.2143,0.10715,0.0,0.0,18.001173,0.10715,0.0,0.964349,1.607248,0.0,910.666499,0.0,22340.741852,0.535749,0.0,0.2143,38.573943,18917.94733,0.0,0.0,152.795673,0.0,249.12338,0.10715,0.10715,0.32145,0.0,0.0,0.964349,0.0,0.0,0.0,0.0,0.10715,0.10715,0.0,0.10715,0.0,0.0,8114.56461,0.0,0.0,0.0,1.178648,0.535749,0.0,0.0,2.893046,0.642899,0.0,0.0,24.537314,11.893632,1372.803763,0.0
TCGA-DH-A7UT,0.0,0.170926,0.0,11723.484522,374.670177,0.170926,0.341852,0.170926,0.0,0.0,0.0,19.143732,0.341852,0.0,16.750765,0.0,0.170926,12.648537,0.341852,12.477611,0.170926,0.0,9.230013,0.0,0.0,0.0,0.0,0.170926,0.512779,23.758738,0.854631,0.170926,0.0,1062.818959,0.170926,0.0,0.0,0.0,0.170926,7725.008499,0.0,25.126148,0.0,0.0,246743.899089,0.0,0.0,0.0,0.0,5.127785,0.0,0.0,2.563893,0.170926,0.170926,918.044488,0.0,12259.679934,0.0,0.0,1.196483,100.504591,26914.035586,0.0,0.0,245.449988,0.0,276.387626,0.0,0.0,0.170926,0.0,0.170926,1.196483,0.0,0.683705,0.0,0.341852,0.341852,0.512779,0.0,0.0,0.0,0.0,7418.366941,0.0,0.0,0.0,0.170926,0.854631,0.0,0.0,1.196483,0.512779,0.0,0.0,47.859329,17.092618,1072.219899,0.0
TCGA-FG-7636,0.106059,0.106059,0.0,7857.735199,276.284961,0.0,0.212119,0.318178,0.0,0.0,0.0,11.772603,1.060595,0.0,7.105986,0.106059,0.318178,20.151302,0.0,6.999926,0.0,0.0,30.439072,0.106059,0.212119,0.0,0.0,0.0,0.424238,9.757473,0.318178,0.424238,0.0,1853.07134,0.0,0.0,0.0,0.0,0.0,7997.733721,0.0,45.923757,0.0,0.106059,217447.506653,0.106059,0.0,0.318178,0.106059,8.27264,0.106059,0.0,0.424238,0.318178,0.0,1353.319041,0.0,17398.95262,0.212119,0.106059,0.106059,37.757177,18997.056955,0.0,0.0,334.2995,0.0,291.133289,0.0,0.0,0.212119,0.106059,0.212119,0.742416,0.106059,0.106059,0.0,0.318178,0.0,0.212119,0.0,0.0,0.0,0.0,5630.485993,0.0,0.0,0.0,0.318178,0.636357,0.106059,0.0,4.03026,1.166654,0.0,0.0,50.590375,32.454203,1733.542299,0.0
TCGA-TM-A84J,144.368043,0.0,0.0,10423.945781,143.087752,0.0,0.243865,0.0,0.060966,0.0,0.0,11.33972,0.426764,0.0,5.66986,0.0,0.060966,10.486192,0.0,3.170244,0.0,0.121932,10.608125,0.0,0.121932,0.0,0.0,0.060966,0.0,7.376914,0.426764,0.48773,0.0,3314.856093,0.0,0.0,0.121932,0.0,0.060966,2496.201499,0.0,6.889184,0.121932,0.0,217080.580657,0.182899,0.060966,0.0,0.0,14.997694,0.243865,0.0,0.670629,1.707055,0.121932,544.062675,0.0,19669.841016,0.243865,0.0,0.121932,54.625746,3433.435419,0.0,0.0,327.510611,0.0,141.258765,0.0,0.0,0.0,0.060966,0.0,0.548696,0.0,0.0,0.0,0.0,0.182899,0.304831,0.0,0.121932,0.0,0.060966,2364.453466,0.0,0.0,0.060966,103.520666,0.48773,0.121932,0.0,1.402223,0.121932,0.0,0.0,36.518774,39.810951,3312.783242,0.0
TCGA-DH-A7UR,0.0,0.0,0.0,6686.653825,333.852277,0.143407,1.003851,0.0,0.430222,0.0,0.0,41.874942,0.860444,0.0,27.821023,0.0,0.143407,33.270502,0.430222,4.158813,0.143407,0.0,15.344585,0.0,0.0,0.0,0.0,0.286815,0.573629,19.503398,0.143407,0.286815,0.0,1358.641095,0.0,0.0,0.286815,0.0,0.0,9619.620647,0.0,39.437017,0.0,0.0,228202.658657,0.0,0.143407,0.0,0.0,46.607384,0.143407,0.0,1.003851,2.15111,0.143407,1652.052503,0.0,10971.234783,0.573629,0.0,0.286815,431.942894,28244.218103,0.0,0.0,443.98911,0.0,395.947653,0.0,0.0,0.0,0.0,0.0,0.143407,0.286815,0.430222,0.0,0.143407,0.286815,0.286815,0.0,0.0,0.143407,0.0,4479.471527,0.286815,0.0,0.0,2.294517,1.864295,0.143407,0.0,0.143407,0.860444,0.0,0.0,45.460125,62.095376,1318.343634,0.143407
TCGA-VM-A8CD,0.0,0.0,0.0,7448.959857,623.880914,0.0,1.782517,0.0,0.0,0.0,0.0,17.825169,1.960769,0.178252,18.359924,0.0,0.0,30.837542,0.534755,3.030279,0.178252,0.0,20.320693,0.0,0.178252,0.0,0.0,0.0,0.178252,35.650338,0.178252,1.06951,0.0,2308.715884,0.356503,0.0,0.178252,0.0,0.713007,5545.766567,0.178252,50.445228,0.0,0.178252,169379.746508,0.0,0.178252,0.0,0.0,10.51685,0.178252,0.0,9.982095,1.247762,0.356503,1402.306042,0.0,11205.970719,0.713007,0.0,0.178252,1184.482477,48919.750198,0.178252,0.0,288.945989,0.0,408.196369,0.0,0.0,0.356503,0.0,0.0,4.099789,0.0,0.0,0.0,0.534755,0.0,0.0,0.0,0.178252,0.178252,0.0,12411.308644,0.356503,0.0,0.0,1.604265,0.713007,0.534755,0.0,0.534755,4.634544,0.0,0.0,85.382559,59.714316,2187.504735,0.0
TCGA-HT-7603,0.0,0.0,0.0,17487.246439,344.935232,0.0,1.17949,0.262109,0.393163,0.0,0.0,24.245068,1.572653,0.0,17.954455,0.0,0.262109,76.666835,0.655272,7.732211,0.0,0.131054,67.361972,0.393163,0.0,0.131054,0.0,0.262109,0.786327,29.880408,0.393163,0.262109,0.0,2409.304444,0.131054,0.0,0.0,0.0,0.655272,7473.378261,0.0,111.134148,0.0,0.0,189050.19358,0.0,0.0,0.655272,0.0,10.353299,0.131054,0.0,3.800578,1.310544,0.131054,1537.92361,0.0,19692.105989,1.048435,0.0,0.917381,134.592889,23738.280131,0.131054,0.0,827.215495,0.0,448.468223,0.0,0.131054,0.655272,0.393163,0.0,0.786327,0.131054,0.393163,0.0,0.262109,0.0,0.0,0.0,0.0,0.0,0.0,11758.464608,0.0,0.0,0.0,0.393163,0.393163,0.262109,0.0,6.290612,0.786327,0.0,0.0,113.362073,120.045848,2255.053393,0.131054
TCGA-QH-A6CZ,0.0,0.138461,0.0,7455.974319,222.091084,0.0,1.384608,0.276922,0.0,0.0,0.0,9.276872,0.692304,0.0,33.369047,0.138461,0.276922,23.676793,0.138461,5.676892,0.0,0.0,15.092225,0.0,0.0,0.0,0.0,0.0,0.553843,18.692205,0.0,0.138461,0.0,1267.193021,0.276922,0.0,0.0,0.0,0.0,6409.903158,0.0,44.58437,0.0,0.0,257935.533217,0.276922,0.0,0.0,0.0,62.584271,0.276922,0.138461,0.138461,1.107686,0.0,1320.223498,0.0,18651.774195,0.415382,0.138461,0.138461,1843.743691,23985.00636,0.0,0.0,337.013528,0.0,225.414143,0.0,0.0,0.0,0.138461,0.138461,0.276922,0.0,0.553843,0.0,0.0,0.138461,0.0,0.0,0.0,0.0,0.0,4817.742696,0.0,0.0,0.0,0.276922,0.415382,0.0,0.0,0.276922,0.553843,0.0,0.0,30.184449,51.230487,1206.270279,0.0
TCGA-QH-A6X3,0.0,0.229145,0.0,7547.920369,255.267484,0.0,0.229145,0.229145,0.0,0.0,0.0,15.409998,1.203011,0.0,12.431114,0.114572,0.286431,2.406022,0.286431,6.530631,0.0,0.0,11.743679,0.0,0.057286,0.0,0.0,0.114572,0.401004,36.605907,0.171859,0.057286,0.0,1756.797113,0.057286,0.0,0.0,0.0,0.45829,4362.003435,0.0,32.424012,0.0,0.0,239082.059044,0.171859,0.057286,0.114572,0.0,3.895464,0.057286,0.0,0.401004,0.744721,0.0,684.742423,0.0,8319.451445,0.114572,0.0,0.572862,35.8039,24128.448582,0.0,0.0,45.370702,0.0,390.692155,0.0,0.114572,0.171859,0.171859,0.0,0.802007,0.0,0.171859,0.0,0.0,0.057286,0.91658,0.0,0.229145,0.0,0.0,5346.123747,0.0,0.0,0.0,1.031152,0.572862,0.057286,0.0,0.343717,1.203011,0.0,0.0,40.730516,4.812044,1691.433513,0.057286
TCGA-HT-7858,0.0,0.0,0.0,21890.545337,294.623065,0.0,0.0,0.0,0.0,0.0,0.0,22.464686,3.615007,0.0,22.206471,0.129107,0.645537,7.359121,5.293403,7.746443,0.0,0.0,32.793277,0.129107,0.0,0.0,0.0,0.0,0.774644,15.105565,0.645537,0.387322,0.0,2065.589136,0.129107,0.0,0.129107,0.129107,0.387322,9099.488864,0.258215,76.17336,0.0,0.0,166100.918083,0.129107,0.0,0.258215,0.0,27.628982,0.0,0.0,2.065718,1.678396,0.258215,1910.014731,0.0,36737.12057,0.258215,0.0,0.903752,74.624072,32669.979562,0.0,0.0,174.165869,0.0,448.389966,0.0,0.0,0.258215,0.387322,0.387322,2.840363,0.0,1.161967,0.129107,0.0,0.774644,0.645537,0.0,0.0,0.0,0.0,11880.46205,0.0,0.0,0.0,0.774644,3.615007,0.387322,0.0,3.4859,2.96947,0.0,0.0,175.844266,20.78629,1919.697785,0.51643
TCGA-CS-5396,1.093335,0.0,0.0,5048.293531,217.755948,0.0,0.0,0.0,0.0,0.0,0.0,15.671139,0.364445,0.364445,28.062273,0.0,0.911113,1.640003,1.093335,3.462228,0.0,0.0,13.484469,0.0,0.182223,0.0,0.0,0.0,0.364445,41.546741,0.0,0.182223,0.0,683.881231,0.0,0.0,0.0,0.0,0.0,3128.94341,0.0,5.284454,0.0,0.182223,279114.653517,0.0,0.0,0.182223,0.0,45.73786,0.0,0.182223,0.182223,0.182223,0.0,808.8859,0.0,12438.329056,0.364445,0.0,0.72889,112.249091,17483.707026,0.0,0.0,186.231446,0.0,172.20031,0.0,0.0,0.0,0.0,0.0,0.546668,0.0,0.546668,0.0,0.182223,0.364445,0.182223,0.0,0.364445,0.0,0.182223,1452.67817,0.0,0.0,0.0,0.911113,0.546668,0.0,0.0,0.0,4.555564,0.0,0.0,17.311142,2.004448,670.032317,0.0
TCGA-DU-A7TJ,9.991796,0.185033,0.0,13244.865235,445.190005,0.0,0.0,0.185033,0.0,0.0,0.0,14.617627,1.480266,0.0,9.621729,0.0,0.0,2.220399,0.185033,8.326496,0.0,0.0,15.35776,0.185033,0.370067,0.0,0.0,0.0,0.0,3.515632,0.185033,0.370067,0.0,1350.187642,0.185033,0.0,0.370067,0.0,0.185033,3425.890667,0.0,27.754988,0.0,0.0,199828.141115,0.370067,0.0,0.0,0.0,4.810865,0.0,0.0,7.586363,0.740133,0.370067,641.695319,0.0,9662.251403,0.5551,0.0,0.5551,2.220399,33141.675891,0.0,0.0,544.552862,0.0,336.945552,0.0,0.0,0.0,0.0,0.0,1.1102,0.0,0.0,0.0,0.0,0.0,0.0,0.0,0.0,0.0,0.0,8369.979169,0.0,0.0,0.0,0.370067,1.295233,0.185033,0.0,0.370067,2.775499,0.0,0.0,40.707316,11.842128,1263.777113,0.0
TCGA-DU-A6S2,0.0,0.0,0.0,8901.529882,553.50013,0.0,1.053884,0.0,0.0,0.0,0.0,44.473925,0.210777,0.0,15.808267,0.0,0.0,47.635579,1.264661,12.014283,0.0,0.0,18.126813,0.0,0.0,0.0,0.210777,0.0,1.264661,10.749622,0.210777,0.210777,0.0,1215.971914,0.421554,0.0,0.421554,0.210777,0.210777,5167.195611,0.0,54.380439,0.0,0.210777,213934.966475,0.210777,0.0,0.0,0.0,8.220299,0.0,0.0,2.107769,1.264661,0.0,2833.473816,0.0,13228.358008,0.632331,0.0,1.264661,48.689463,27137.946945,0.0,0.0,444.317697,0.0,412.490386,0.0,0.0,0.421554,0.0,0.0,1.896992,0.210777,0.632331,0.0,0.210777,0.0,0.632331,0.0,0.210777,0.0,0.0,7517.147227,0.0,0.0,0.0,0.632331,1.475438,0.0,0.0,1.896992,0.843108,0.0,0.0,193.703968,115.716516,1154.003507,0.0
TCGA-HT-A74K,0.220628,0.441255,0.0,13611.835873,313.732343,0.0,0.0,0.441255,0.0,0.0,0.0,24.93091,0.441255,0.220628,16.767692,0.0,0.0,3.750668,0.661883,6.618826,0.0,0.0,16.767692,0.0,0.220628,0.0,0.220628,0.0,0.0,28.019696,0.0,0.220628,0.0,1361.933721,0.441255,0.0,0.0,0.0,0.220628,6371.943592,0.0,30.887854,0.220628,0.0,204364.63023,0.0,0.0,0.220628,0.0,38.609817,0.220628,0.0,2.64753,4.633178,0.0,2494.856069,0.0,25963.667941,0.0,0.0,0.441255,996.133282,28849.034733,0.0,0.0,107.88686,0.0,369.551107,0.0,0.0,0.220628,0.0,0.0,1.103138,0.0,0.220628,0.0,0.0,0.0,0.220628,0.0,0.0,0.0,0.0,8556.156104,0.0,0.0,0.0,1.323765,0.661883,0.441255,0.0,0.88251,4.853806,0.0,0.0,190.401555,9.266356,1233.087245,0.441255
TCGA-HT-8106,6.949019,0.248179,0.0,16062.159963,531.848096,0.496358,0.248179,1.489075,0.0,0.0,0.0,27.796074,3.22633,0.496358,32.015121,0.0,0.992717,40.701394,6.204481,19.606159,0.0,0.0,37.226885,0.0,0.0,0.0,0.496358,0.248179,1.240896,70.234723,5.708122,1.985434,0.0,1970.54311,0.0,0.0,0.496358,0.0,2.233613,8421.962274,0.0,67.752931,0.0,0.0,70373.206967,0.496358,0.248179,0.0,0.0,94.556288,0.0,0.0,6.949019,1.985434,0.0,2228.153154,0.0,35339.73007,1.489075,0.0,0.248179,168.26552,41304.717937,0.248179,0.0,1689.604219,0.248179,711.033503,0.0,0.248179,0.496358,0.496358,0.248179,1.737255,0.248179,0.744538,0.0,0.0,0.248179,0.0,0.0,0.248179,0.0,0.0,23621.451223,0.0,0.0,0.0,28.292433,4.963585,0.248179,0.0,8.438094,83.884581,0.0,0.0,288.13609,86.614552,1914.702783,0.496358
TCGA-FG-6690,0.483274,0.0,0.0,8991.794009,361.48887,0.0,0.0,0.0,0.0,0.0,0.0,28.51316,0.483274,0.0,25.130242,0.0,1.449822,14.981491,0.0,3.382917,0.0,0.0,35.762268,0.0,0.0,0.0,0.0,0.483274,0.483274,17.39786,1.933096,0.0,0.0,2421.685466,0.483274,0.0,0.0,0.0,0.0,6280.144209,0.0,79.256918,0.0,0.0,229205.691033,0.0,0.0,0.483274,0.0,24.163695,0.0,0.0,3.382917,0.966548,0.483274,1057.403273,0.0,14251.747035,0.483274,0.0,0.483274,508.404133,22711.939765,0.0,0.0,226.655455,0.0,252.752245,0.0,0.0,0.483274,0.0,0.0,1.449822,0.483274,0.0,0.0,0.0,0.0,0.0,0.0,0.483274,0.0,0.0,6337.653802,0.0,0.0,0.0,0.966548,0.966548,0.0,0.0,1.449822,2.416369,0.0,0.0,55.093224,21.747325,2239.007935,0.0
TCGA-HT-7609,0.0,0.0,0.0,14987.450365,250.793125,0.0,0.0,0.0,0.0,0.0,0.0,12.240301,1.064374,0.0,11.175927,0.0,0.532187,3.725309,1.463514,10.2446,0.133047,0.0,24.879742,0.133047,0.0,0.133047,0.0,0.133047,0.798281,19.291779,1.064374,0.39914,0.0,2873.277627,0.0,0.0,0.0,0.0,0.39914,6853.770312,0.0,81.823752,0.0,0.0,221308.634535,0.0,0.0,0.39914,0.0,6.120151,0.266094,0.0,3.858356,0.39914,0.133047,1441.428496,0.0,22170.112245,0.532187,0.0,0.532187,36.321763,26914.692419,0.266094,0.0,97.390221,0.0,396.612364,0.0,0.133047,0.39914,0.532187,0.133047,2.128748,0.0,0.133047,0.0,0.0,0.0,0.39914,0.0,0.0,0.0,0.0,9485.83418,0.133047,0.0,0.0,0.532187,1.596561,0.665234,0.0,8.648039,1.064374,0.0,0.0,116.415907,9.047179,2722.535658,0.133047
TCGA-QH-A65Z,0.0,0.0,0.0,4653.416674,110.97769,0.0,0.318596,0.0,0.0,0.0,0.0,14.867825,0.212397,0.0,21.876942,0.0,0.0,6.371925,0.0,2.761167,0.0,0.0,2.761167,0.0,0.0,0.0,0.0,0.0,0.424795,27.505475,0.106199,0.318596,0.0,728.417202,0.0,0.0,0.0,0.0,0.318596,3351.844837,0.0,11.469465,0.106199,0.0,284631.756378,0.0,0.0,0.0,0.0,22.089339,0.0,0.0,1.061987,0.424795,0.106199,1085.775984,0.0,5567.575484,0.106199,0.106199,0.106199,266.240257,19297.374225,0.0,0.0,92.817704,0.0,168.431212,0.0,0.0,0.106199,0.0,0.0,0.530994,0.106199,0.212397,0.0,0.318596,0.0,0.106199,0.0,0.0,0.0,0.106199,2803.222112,0.0,0.0,0.0,0.424795,0.318596,0.0,0.0,0.84959,0.0,0.0,0.0,15.505017,13.062446,691.778635,0.0
TCGA-HW-8319,0.287511,0.191674,0.0,11449.5389,201.257495,0.191674,0.862532,0.0,0.191674,0.0,0.287511,11.692102,2.012575,0.0,20.509097,0.670858,0.191674,38.334761,0.479185,6.80442,0.0,0.0,41.976563,0.095837,0.0,0.0,0.0,0.0,0.479185,16.483947,0.575021,0.479185,0.0,3232.003699,0.191674,0.0,0.0,0.0,0.575021,10400.412329,0.0,77.532054,0.095837,0.287511,200012.765475,0.287511,0.0,0.095837,0.0,9.487853,0.0,0.0,2.587596,0.862532,0.095837,1131.258797,0.0,17301.915185,0.575021,0.191674,0.479185,177.29827,25517.246138,0.191674,0.0,498.73524,0.0,421.778208,0.0,0.191674,0.191674,0.287511,0.0,1.054206,0.0,0.383348,0.0,0.191674,0.095837,0.479185,0.0,0.0,0.0,0.0,18089.694524,0.095837,0.0,0.0,0.095837,1.341717,0.191674,0.0,1.24588,1.437554,0.0,0.0,49.547679,92.865958,3097.161177,0.0
TCGA-E1-A7YJ,33.308606,0.145452,0.0,9025.032363,279.55957,0.58181,0.0,0.290905,0.0,0.0,0.0,9.890765,2.181786,0.0,18.036101,0.145452,0.0,2.036334,0.58181,12.799814,0.145452,0.0,11.927099,0.290905,0.290905,0.145452,0.0,0.727262,0.0,40.72668,0.58181,1.890882,0.0,1442.160841,0.145452,0.0,0.145452,0.0,0.436357,2689.415427,0.0,36.217655,0.290905,0.0,181694.957164,0.290905,0.145452,0.290905,0.0,6.109002,0.0,0.0,7.854431,1.599977,0.0,1001.730884,0.0,8077.118878,0.145452,0.0,0.872715,10.327123,73523.148754,0.0,0.0,89.889602,0.0,628.209044,0.145452,0.0,0.145452,0.145452,0.145452,1.599977,0.0,0.0,0.0,0.0,0.0,0.0,0.0,0.0,0.0,0.0,9625.459993,0.0,0.0,0.0,0.0,2.036334,0.436357,0.0,1.163619,0.727262,0.0,0.0,70.253524,4.21812,1308.344606,0.145452
TCGA-HT-7873,0.0,0.0,0.0,6035.192056,244.985476,0.0,0.718432,0.269412,0.0,0.0,0.0,13.021589,0.718432,0.0,8.800798,0.44902,0.628628,10.327467,0.179608,7.902757,0.089804,0.0,22.091799,0.0,0.0,0.0,0.0,0.089804,0.359216,18.58944,0.44902,0.179608,0.0,2084.621647,0.0,0.0,0.0,0.0,0.44902,10131.694062,0.0,35.742016,0.0,0.089804,251342.076776,0.179608,0.089804,0.0,0.0,7.094521,0.179608,0.0,1.885885,0.44902,0.0,918.605731,0.0,13693.951715,0.44902,0.0,0.359216,164.610842,22916.828688,0.0,0.0,338.651111,0.0,265.281194,0.0,0.0,0.089804,0.089804,0.0,1.616473,0.0,0.44902,0.0,0.089804,0.179608,0.628628,0.0,0.269412,0.0,0.0,8449.484408,0.0,0.0,0.0,0.538824,0.987845,0.089804,0.0,0.987845,0.359216,0.0,0.0,45.171442,22.181603,2023.375278,0.0
TCGA-DB-A75L,0.0,0.0,0.102202,4954.763763,408.604487,0.0,0.408809,0.102202,0.102202,0.0,0.0,12.570873,3.577078,0.0,16.147951,0.0,0.102202,21.564669,0.408809,5.51892,0.0,0.0,14.308311,0.102202,0.0,0.0,0.0,0.0,0.613213,25.652758,1.022022,0.0,0.0,1837.493764,0.0,0.0,0.0,0.102202,1.124224,6344.611791,0.0,29.332038,0.0,0.0,267009.745902,0.102202,0.102202,0.306607,0.0,8.27838,0.0,0.0,0.817618,0.102202,0.204404,652.765597,0.0,6617.798333,0.306607,0.0,1.124224,31.682689,18460.480904,0.0,0.0,345.852322,0.0,257.95841,0.0,0.102202,0.204404,0.0,0.102202,0.306607,0.0,0.306607,0.204404,0.102202,0.0,0.613213,0.0,0.306607,0.0,0.0,5291.009076,0.102202,0.0,0.0,1.022022,1.533033,0.0,0.0,0.408809,1.226427,0.0,0.0,29.332038,32.091498,1809.592558,0.0
TCGA-DH-A66B,0.0,0.149878,0.0,6234.336783,246.549765,0.0,0.149878,0.0,0.0,0.0,0.0,8.69294,0.299757,0.149878,13.93868,0.299757,0.0,2.697809,0.0,4.196592,0.149878,0.0,4.796105,0.149878,0.0,0.0,0.0,0.599513,0.299757,14.088558,0.599513,0.599513,0.0,1988.584971,0.0,0.0,0.0,0.0,0.0,4806.446445,0.0,21.73235,0.0,0.0,226035.175532,0.299757,0.449635,0.299757,0.149878,12.589775,0.0,0.0,0.149878,0.299757,0.149878,856.104715,0.0,7347.63262,0.0,0.0,0.149878,16.936245,17299.250414,0.0,0.0,107.162968,0.0,291.962882,0.0,0.0,0.149878,0.0,0.149878,0.449635,0.0,0.149878,0.0,0.149878,0.299757,3.4472,0.0,0.299757,0.0,0.0,11080.500971,0.0,0.0,0.0,0.299757,0.599513,0.0,0.0,0.449635,5.845253,0.0,0.0,29.52602,5.695375,1952.764063,0.0
TCGA-CS-6665,0.0,0.681487,0.0,11874.911691,337.563248,0.227162,0.0,1.590136,0.0,0.0,0.0,11.130955,5.451896,0.227162,67.240055,0.227162,0.908649,92.000751,2.271623,18.627312,0.227162,0.0,45.886794,0.227162,0.454325,0.0,0.0,0.227162,2.271623,24.533533,2.725948,0.681487,0.0,2286.843347,0.0,0.0,0.0,0.0,1.362974,10636.422575,0.0,82.459932,0.0,0.0,158432.33447,0.681487,0.0,0.227162,0.0,17.945825,0.908649,0.0,6.81487,2.271623,0.454325,1467.695924,0.0,33657.509147,1.590136,0.0,1.135812,28.849618,25488.523985,0.454325,0.227162,3278.406992,0.0,625.377941,0.227162,0.0,0.227162,0.227162,0.227162,1.817299,0.681487,0.454325,0.0,0.0,0.0,0.227162,0.0,0.0,0.227162,0.0,15841.393432,0.454325,0.0,0.0,0.908649,4.770409,0.0,0.0,2.725948,0.681487,0.0,0.0,109.037927,197.176917,2219.148968,1.362974
TCGA-CS-6669,0.0,0.0,0.274824,12219.215955,595.268359,0.0,7.420243,0.274824,0.274824,0.0,0.0,20.886609,6.320947,0.274824,37.925685,0.0,1.099295,396.845572,0.549648,5.221652,0.0,0.0,128.61754,0.0,0.0,0.0,0.0,0.274824,3.023062,28.306852,0.0,0.274824,0.0,2974.69285,0.549648,0.549648,0.0,0.0,0.0,5805.378027,0.0,281.144751,0.274824,0.274824,126152.920209,0.274824,0.0,0.0,0.274824,20.062138,0.0,0.0,6.046124,3.297886,0.0,2036.719208,0.0,8229.323975,0.549648,0.549648,0.824471,15.390133,27255.101073,0.274824,0.0,2537.723002,0.0,727.733432,0.0,0.0,1.099295,0.0,0.0,0.549648,1.374119,0.824471,0.0,1.374119,1.099295,0.274824,0.0,0.0,0.0,0.0,11870.189725,0.824471,0.274824,0.0,0.274824,0.824471,0.0,0.0,1.374119,8.519538,0.0,0.0,194.025605,527.112055,2911.208551,0.549648
TCGA-S9-A6TY,0.0,0.0,0.0,5749.315829,247.523604,0.0,0.966889,0.193378,0.0,0.0,0.0,11.409291,1.063578,0.0,16.437114,0.290067,0.0,30.07025,0.096689,4.157623,0.096689,0.0,13.826514,0.0,0.0,0.0,0.0,0.0,0.8702,11.699358,0.096689,0.096689,0.0,1142.7662,0.096689,0.0,0.0,0.0,0.096689,4190.980704,0.0,28.619917,0.0,0.096689,273756.657998,0.096689,0.0,0.290067,0.0,16.243736,0.0,0.0,1.643711,1.450334,0.0,821.952404,0.0,7817.491565,0.483445,0.0,0.193378,658.258084,16926.360181,0.0,0.0,409.090768,0.0,317.623062,0.0,0.0,0.193378,0.0,0.0,0.386756,0.096689,0.096689,0.096689,0.580133,0.096689,0.773511,0.0,0.193378,0.0,0.0,5123.545219,0.0,0.0,0.0,0.386756,0.676822,0.0,0.0,0.193378,1.063578,0.0,0.0,25.042427,63.427923,1103.897259,0.096689
TCGA-DH-5143,0.0,0.0,0.165317,5275.601928,240.040549,0.0,0.661269,0.0,0.165317,0.0,0.0,11.076251,1.487855,0.330634,13.225375,0.661269,0.165317,8.100542,0.0,8.431176,0.0,0.0,12.729423,0.0,0.0,0.0,0.0,0.0,0.495952,25.624163,0.0,0.330634,0.0,1170.280335,0.330634,0.0,0.0,0.0,0.0,1970.084864,0.0,21.491234,0.330634,0.0,274893.048049,0.0,0.0,0.165317,0.0,8.100542,0.0,0.0,0.330634,0.165317,0.165317,535.958306,0.0,7897.532443,0.165317,0.0,0.165317,7.60459,26480.010342,0.0,0.0,327.328021,0.0,195.40491,0.0,0.0,0.330634,0.0,0.0,0.661269,0.0,0.330634,0.0,0.165317,0.0,0.0,0.0,0.165317,0.165317,0.0,3122.014992,0.330634,0.0,0.0,0.165317,0.0,0.0,0.0,0.661269,1.653172,0.0,0.0,13.556009,15.539815,1086.960475,0.0
TCGA-P5-A733,0.098466,0.590794,0.492328,7376.651121,421.629827,0.0,0.787725,0.0,0.196931,0.0,0.0,14.572913,1.969313,0.0,38.696993,0.196931,0.393863,28.653498,0.295397,6.3018,0.098466,0.0,29.933551,0.393863,0.098466,0.0,0.0,0.196931,1.280053,63.116469,0.492328,0.492328,0.0,3325.184318,0.196931,0.0,0.0,0.0,0.492328,4604.745177,0.0,100.238011,0.0,0.0,215617.771392,0.393863,0.0,0.295397,0.098466,17.625348,0.393863,0.0,0.886191,1.870847,0.196931,1387.479189,0.0,11554.547793,0.689259,0.098466,1.083122,112.152352,23329.067802,0.098466,0.0,529.055829,0.0,487.897196,0.098466,0.295397,0.590794,0.0,0.0,2.264709,0.0,0.590794,0.0,0.196931,0.295397,0.098466,0.0,0.098466,0.0,0.098466,11215.235232,0.098466,0.0,0.0,0.787725,1.772381,0.295397,0.0,3.84016,0.984656,0.0,0.0,67.941285,45.589587,3232.922023,0.0
TCGA-P5-A780,0.0,0.188475,0.0,9711.52564,272.628366,0.0,0.282712,0.376949,0.0,0.0,0.0,23.65355,1.225084,0.0,19.130162,0.0,0.0,21.297619,0.471186,6.125421,0.094237,0.0,16.208807,0.0,0.188475,0.0,0.0,0.094237,0.942373,24.878634,0.188475,0.376949,0.0,1761.105742,0.0,0.188475,0.0,0.0,0.094237,10977.791578,0.0,44.479982,0.0,0.0,190018.201925,0.094237,0.188475,0.376949,0.0,20.072534,0.094237,0.0,1.978982,1.884745,0.0,2382.506174,0.0,13596.173591,0.471186,0.0,0.659661,174.056202,18410.848969,0.094237,0.0,293.831748,0.0,536.963855,0.0,0.094237,0.565424,0.188475,0.188475,0.659661,0.0,0.376949,0.0,0.094237,0.094237,0.848135,0.0,0.094237,0.0,0.0,7926.295161,0.0,0.0,0.0,1.507796,0.659661,0.094237,0.0,2.921355,1.696271,0.0,0.0,74.918614,46.741676,1625.309864,0.0
TCGA-HW-7493,0.0,0.0,0.0,20115.392347,574.650258,0.0,1.755551,0.585184,0.0,0.0,0.0,17.262915,2.925918,0.0,28.088811,0.0,2.340734,73.440537,0.0,10.825896,0.0,0.0,115.281162,0.877775,0.0,0.0,0.585184,0.0,1.170367,49.448011,0.292592,0.877775,0.0,5855.34672,1.170367,0.0,0.0,0.0,0.292592,8811.694074,0.0,257.773359,0.0,0.585184,120726.587318,0.585184,0.292592,0.877775,0.292592,7.899978,0.585184,0.0,6.437019,2.048142,0.292592,3040.321196,0.0,40591.257767,0.585184,0.0,0.292592,38.036932,45032.215818,0.0,0.0,1131.159825,0.585184,770.101567,0.0,0.292592,1.170367,0.292592,0.0,4.388877,0.0,0.585184,0.0,0.0,0.585184,0.292592,0.0,0.0,0.0,0.0,22444.715514,0.292592,0.0,0.292592,2.633326,1.462959,0.0,0.0,12.288855,0.877775,0.0,0.0,112.647836,77.24423,5489.606994,0.0
TCGA-P5-A5ET,0.0,0.0,0.0,4716.865185,169.796558,0.0,1.134498,0.567249,0.0,0.0,0.189083,23.635378,0.0,0.0,20.799133,0.0,0.0,14.937559,0.0,2.458079,0.0,0.0,5.294325,0.0,0.0,0.0,0.0,0.0,0.189083,20.042801,0.0,0.0,0.0,883.774067,0.378166,0.0,0.0,0.0,0.0,2716.366762,0.0,29.118786,0.0,0.0,280300.082327,0.0,0.0,0.0,0.0,12.668563,0.189083,0.0,0.945415,0.189083,0.0,669.353915,0.0,6881.109509,0.378166,0.0,0.189083,76.578626,19310.104105,0.0,0.0,161.287822,0.0,164.502233,0.0,0.0,0.189083,0.0,0.0,0.0,0.378166,0.189083,0.0,0.0,0.0,0.189083,0.0,0.0,0.0,0.0,3035.917077,0.0,0.0,0.0,0.378166,0.378166,0.0,0.0,0.189083,0.756332,0.0,0.0,24.202627,46.514425,850.306371,0.189083
TCGA-FG-8186,0.349863,0.0,0.174932,10744.306497,208.868479,0.174932,0.524795,0.174932,0.0,0.0,0.0,11.895357,0.874659,0.0,13.294811,0.0,0.0,21.866466,0.0,4.898088,0.0,0.0,37.085526,0.0,0.174932,0.0,0.0,0.0,0.874659,20.117148,0.0,0.174932,0.0,2777.216053,0.174932,0.0,0.174932,0.0,0.349863,5524.168917,0.0,55.453357,0.174932,0.0,223641.812601,0.174932,0.349863,0.174932,0.0,18.542763,0.174932,0.0,3.673566,0.524795,0.0,971.920659,0.0,17720.408724,0.0,0.0,0.874659,785.093578,29631.859685,0.0,0.0,354.761537,0.0,370.855255,0.0,0.174932,0.0,0.174932,0.0,0.349863,0.0,0.524795,0.0,0.0,0.0,0.524795,0.0,0.0,0.0,0.0,13277.842658,0.0,0.0,0.174932,0.349863,1.399454,0.174932,0.0,1.749317,1.924249,0.0,0.0,76.270232,54.578698,2639.719717,0.0
TCGA-TQ-A7RQ,0.0,0.326742,0.0,7072.552339,122.31049,0.108914,0.54457,0.0,0.108914,0.0,0.0,15.03014,0.435656,0.0,13.832086,0.0,0.0,16.990593,0.0,1.960453,0.0,0.0,8.05964,0.0,0.108914,0.0,0.0,0.108914,0.54457,15.683625,0.108914,0.108914,0.0,953.542599,0.0,0.0,0.0,0.0,0.435656,5714.720748,0.0,27.773085,0.0,0.0,270675.727881,0.108914,0.0,0.217828,0.0,19.277789,0.217828,0.0,0.217828,0.980227,0.0,1665.622725,0.0,12277.228542,0.326742,0.0,0.0,326.633267,22660.877231,0.0,0.0,209.76848,0.0,176.76752,0.0,0.0,0.108914,0.0,0.0,0.217828,0.0,0.217828,0.0,0.326742,0.108914,0.326742,0.0,0.217828,0.0,0.0,1359.68313,0.0,0.0,0.0,0.217828,0.217828,0.0,0.0,1.524797,0.326742,0.0,0.0,12.307289,21.347156,905.29367,0.0
TCGA-TQ-A7RJ,0.0,0.0,0.0,9521.31601,260.253062,0.0,0.313181,0.0,0.0,0.0,0.0,24.897856,2.192264,0.0,24.428085,0.15659,0.782951,15.97221,0.313181,8.612466,0.15659,0.0,16.1288,0.0,0.0,0.0,0.0,0.0,0.313181,19.886967,0.469771,0.15659,0.0,2270.089438,0.313181,0.0,0.0,0.0,0.469771,6408.9274,0.0,40.400295,0.0,0.0,232102.199592,0.313181,0.0,0.0,0.0,8.925647,0.15659,0.0,0.469771,1.565903,0.15659,1173.017864,0.0,14211.508384,0.15659,0.0,0.313181,90.978959,37327.367034,0.0,0.0,203.254197,0.0,353.267695,0.0,0.0,0.313181,0.0,0.0,1.565903,0.0,0.15659,0.0,0.0,0.15659,0.313181,0.0,0.0,0.15659,0.0,10293.775912,0.0,0.0,0.0,1.096132,0.626361,0.0,0.0,4.227938,1.565903,0.0,0.0,40.556885,30.065336,2159.223513,0.15659
TCGA-DU-8166,0.0,0.2579,0.0,16154.002812,166.345567,0.0,0.429834,0.085967,0.171933,0.0,0.0,14.098539,1.805301,0.085967,11.089704,0.085967,0.085967,20.288141,0.343867,4.900102,0.0,0.0,34.300714,0.085967,0.085967,0.0,0.0,0.0,0.343867,15.731906,0.343867,0.687734,0.0,2063.544694,0.085967,0.0,0.0,0.0,0.0,8327.422406,0.0,75.82263,0.0,0.0,220052.919382,0.085967,0.0,0.171933,0.085967,9.628271,0.2579,0.0,1.977234,0.687734,0.2579,1120.661916,0.085967,17461.556336,0.5158,0.0,0.171933,71.524295,26768.655268,0.085967,0.0,295.209652,0.0,296.499152,0.0,0.085967,0.171933,0.5158,0.0,0.945634,0.0,0.2579,0.0,0.0,0.085967,0.5158,0.0,0.085967,0.085967,0.085967,13293.804698,0.0,0.0,0.0,0.171933,0.687734,0.171933,0.0,1.977234,0.687734,0.0,0.0,78.659532,76.338431,1984.283396,0.0
TCGA-WY-A85C,0.413447,0.137816,0.0,10075.841341,308.431466,0.0,0.0,0.0,0.0,0.0,0.137816,17.778221,1.791604,0.137816,9.095834,0.551263,0.137816,7.166415,0.689078,10.749622,0.0,0.137816,7.028599,0.0,0.137816,0.0,0.0,0.0,0.275631,19.156378,1.791604,0.275631,0.0,2333.357084,0.0,0.0,0.0,0.0,1.240341,9911.013801,0.0,27.011871,0.137816,0.0,208197.992605,0.0,0.0,0.137816,0.0,11.852147,0.0,0.0,0.275631,1.653788,0.0,1505.498363,0.0,12111.930027,0.137816,0.137816,0.413447,57.469134,19955.846616,0.0,0.0,238.00766,0.0,336.95931,0.0,0.0,0.275631,0.275631,0.137816,0.826894,0.0,0.275631,0.275631,0.137816,0.137816,1.378157,0.0,0.275631,0.0,0.0,21335.794905,0.0,0.0,0.137816,0.275631,0.689078,0.0,0.0,1.929419,1.240341,0.0,0.0,40.242175,15.573171,2270.099692,0.0
TCGA-HT-7467,0.0,0.195677,0.195677,11360.638942,506.413131,0.0,0.978387,0.391355,0.0,0.0,0.0,24.655353,1.761097,0.0,34.634901,0.195677,0.0,96.664639,0.0,9.979548,0.0,0.0,44.810126,0.0,0.0,0.0,0.0,0.195677,2.348129,15.654193,0.195677,0.0,0.0,1927.618144,0.78271,0.0,0.195677,0.0,0.587032,10170.137593,0.0,54.593997,0.0,0.0,169817.659964,0.391355,0.195677,0.391355,0.587032,18.785031,0.391355,0.0,9.392516,0.978387,0.0,2361.23928,0.0,16947.424611,0.195677,0.0,0.391355,123.08109,25401.471338,0.195677,0.195677,458.472166,0.0,580.183514,0.0,0.0,0.587032,0.0,0.195677,0.587032,0.195677,0.587032,0.0,0.195677,0.78271,0.0,0.0,0.0,0.0,0.0,14229.661095,1.174064,0.0,0.0,1.174064,1.174064,0.195677,0.0,0.78271,3.717871,0.0,0.195677,167.695538,174.34857,1812.168474,0.391355
TCGA-E1-A7YU,0.108003,0.0,0.0,5907.87023,407.49519,0.0,0.324009,0.0,0.108003,0.0,0.108003,15.228418,0.972027,0.0,21.708596,0.108003,0.540015,43.525195,0.0,3.780104,0.0,0.0,19.224528,0.0,0.0,0.108003,0.0,0.108003,0.432012,29.052798,0.756021,0.216006,0.0,1349.281051,0.0,0.0,0.0,0.0,0.756021,5108.972292,0.0,57.133569,0.0,0.108003,251758.045276,0.108003,0.0,0.216006,0.108003,7.236199,0.216006,0.0,1.404039,0.432012,0.324009,868.88386,0.0,4336.535081,0.216006,0.108003,0.756021,58.429604,15922.121221,0.0,0.0,487.201379,0.108003,344.961473,0.0,0.108003,0.216006,0.0,0.108003,0.756021,0.0,0.108003,0.0,0.432012,0.0,1.620044,0.0,0.216006,0.0,0.0,2882.491153,0.108003,0.0,0.0,0.432012,0.540015,0.0,0.0,0.540015,0.864024,0.0,0.0,65.449797,61.021676,1339.452781,0.0
TCGA-E1-A7YE,0.112039,0.336118,0.224079,11306.003573,256.23401,0.112039,0.0,0.112039,0.0,0.0,0.0,19.270769,0.224079,0.0,9.971503,0.0,0.0,6.498283,0.336118,5.377889,0.0,0.0,10.867818,0.0,0.0,0.112039,0.0,0.784276,0.112039,98.818713,1.456512,1.456512,0.0,1814.36535,0.112039,0.0,0.112039,0.0,0.336118,3342.246064,0.0,70.584795,0.0,0.112039,211683.128049,0.0,0.0,0.224079,0.0,8.627031,0.336118,0.0,2.240787,2.464866,0.448157,1398.251178,0.0,6166.086023,0.336118,0.0,0.448157,319.648286,13398.898765,0.0,0.0,98.818713,0.0,172.988767,0.224079,0.112039,0.336118,0.0,0.0,0.560197,0.0,0.112039,0.0,0.0,0.0,0.336118,0.0,0.112039,0.224079,0.0,9627.429924,0.0,0.0,0.0,0.560197,1.232433,0.224079,0.0,2.800984,7.842755,0.0,0.0,125.035923,14.565116,1720.924526,0.0
TCGA-TM-A84B,9.718148,0.092554,0.0,14095.479229,162.246791,0.092554,0.555323,0.0,0.0,0.0,0.0,15.734144,0.462769,0.0,8.144733,0.0,1.203199,0.092554,0.74043,3.794705,0.0,0.0,17.215005,0.185108,0.185108,0.0,0.0,0.0,0.277661,47.942862,0.0,0.832984,0.370215,1451.983835,0.092554,0.0,0.092554,0.0,0.185108,4153.536369,0.0,28.414013,0.0,0.0,225089.147809,0.092554,0.0,0.0,0.0,12.494761,0.277661,0.0,1.94363,1.110645,0.0,542.550309,0.0,16669.585196,0.0,0.0,0.0,3135.722356,51831.232239,0.0,0.0,3.887259,0.0,286.268868,0.0,0.0,0.370215,0.0,0.092554,0.647877,0.0,0.092554,0.0,0.0,0.0,0.0,0.0,0.0,0.0,0.0,10168.42198,0.0,0.0,0.0,0.092554,0.277661,0.092554,0.0,0.832984,1.018092,0.0,0.0,22.490571,1.018092,1426.253882,0.647877
TCGA-CS-5395,4.125338,0.206267,0.0,5833.84625,274.128687,0.0,0.825068,0.206267,0.0,0.0,0.0,9.488277,0.206267,0.0,17.738952,0.206267,0.0,11.963479,0.412534,3.094003,0.0,0.0,27.846029,0.0,0.0,0.0,0.0,0.0,0.618801,22.689357,0.0,0.0,0.0,790.002162,0.618801,0.0,0.206267,0.0,0.618801,1746.255431,0.0,31.352566,0.0,0.0,252255.940899,0.0,0.206267,0.206267,0.0,7.838142,0.0,0.0,4.125338,0.412534,0.206267,396.857483,0.0,9490.133017,0.0,0.0,0.618801,21.86429,42886.185234,0.0,0.206267,324.25154,0.206267,209.979687,0.0,0.0,0.0,0.206267,0.0,0.206267,0.412534,0.412534,0.0,0.206267,0.0,0.0,0.0,0.0,0.0,0.0,4469.597087,0.0,0.0,0.0,0.206267,1.031334,0.206267,0.0,0.0,1.443868,0.0,0.0,25.16456,29.908698,720.077688,0.206267
TCGA-TQ-A7RW,0.35357,0.0,0.0,11269.148891,142.488572,0.0,0.0,0.176785,0.0,0.0,0.0,9.723166,0.0,0.0,9.89995,0.0,0.176785,5.48033,0.0,6.717823,0.0,0.0,13.082077,0.0,0.0,0.0,0.0,0.176785,0.0,41.72122,0.176785,0.35357,0.0,1443.978479,0.176785,0.0,0.0,0.0,0.176785,6641.098866,0.0,48.792613,0.0,0.176785,225560.823351,0.35357,0.0,0.176785,0.0,6.010684,0.176785,0.0,0.707139,1.237494,0.0,983.80757,0.0,13444.839775,0.176785,0.0,0.176785,438.426375,16667.980767,0.0,0.0,133.826115,0.0,304.953829,0.0,0.0,0.176785,0.0,0.0,2.474988,0.0,0.35357,0.0,0.0,0.0,0.176785,0.0,0.0,0.0,0.0,7731.507688,0.0,0.0,0.0,1.591063,0.176785,0.35357,0.0,1.944633,5.303545,0.0,0.0,46.84798,23.865952,1304.14168,0.0
TCGA-HT-7470,0.0,0.0,0.0,8199.07864,369.744991,0.0,1.587456,0.132288,0.132288,1.058304,1.852032,22.092098,3.174912,0.0,30.029379,0.132288,3.836352,84.002887,0.264576,9.921601,0.0,0.132288,58.339013,0.132288,0.66144,0.0,0.0,0.0,1.32288,16.006849,0.264576,0.396864,0.0,2533.183125,0.0,0.0,0.0,0.0,0.0,8698.201306,0.0,96.041096,0.132288,0.264576,194659.559449,0.264576,0.132288,0.396864,0.0,9.921601,0.396864,0.0,3.174912,0.529152,0.0,1803.747031,0.0,14545.331397,0.132288,0.529152,0.926016,77.388486,18947.876407,0.396864,0.132288,946.917584,2.64576,414.722915,0.0,0.0,0.529152,0.132288,0.0,1.719744,0.793728,0.132288,0.0,1.058304,0.396864,0.264576,0.0,0.0,0.132288,0.0,10927.915734,0.264576,0.0,0.0,0.793728,1.32288,0.529152,0.0,2.381184,1.190592,0.0,0.0,100.538888,132.949451,2438.861773,0.264576
TCGA-TM-A84T,0.0,0.0,0.0,7424.377072,440.52691,0.0,0.0,0.102999,0.0,0.0,0.0,16.17085,1.853983,0.0,20.084814,0.205998,0.308997,5.458949,0.0,7.209933,0.0,0.0,11.226896,0.0,0.0,0.0,0.0,0.0,0.514995,12.359885,0.411996,0.308997,0.0,1532.316774,0.0,0.0,0.0,0.0,0.205998,6027.401042,0.0,29.457727,0.205998,0.0,251147.203349,0.205998,0.102999,0.0,0.0,7.003935,0.0,0.0,0.720993,0.514995,0.205998,1138.036434,0.0,8439.329649,0.205998,0.0,0.926991,25.131767,18227.946772,0.102999,0.0,63.859407,0.102999,300.55121,0.0,0.102999,0.411996,0.205998,0.0,0.617994,0.0,0.514995,0.0,0.102999,0.0,0.308997,0.0,0.205998,0.102999,0.0,4143.033536,0.0,0.0,0.0,0.514995,1.132989,0.0,0.0,2.059981,0.926991,0.0,0.0,64.271403,10.505902,1479.787262,0.205998
TCGA-HT-7606,0.0,1.134851,0.0,14584.653544,136.636083,0.0,0.0,0.45394,0.0,0.0,0.0,16.568827,0.22697,0.0,10.894571,0.680911,0.0,1.134851,0.0,8.397899,0.0,0.0,33.818565,0.0,0.0,0.0,0.0,0.0,0.22697,17.249738,0.680911,0.907881,0.0,2882.522021,0.0,0.0,0.0,0.0,0.0,10573.6355,0.0,32.002804,0.0,0.0,232140.619865,0.22697,0.0,0.0,0.0,13.618214,0.0,0.0,0.45394,0.907881,0.0,769.202136,0.0,20913.491656,0.680911,0.0,0.45394,220.842041,13435.7302,0.0,0.0,15.207006,0.0,252.390904,0.0,0.0,0.0,0.0,0.0,1.134851,0.22697,0.22697,0.0,0.0,0.0,0.907881,0.0,0.0,0.0,0.0,23298.040974,0.0,0.0,0.22697,0.22697,0.680911,0.45394,0.0,2.269702,0.0,0.0,0.0,60.601054,2.723643,2737.034098,0.0
TCGA-FG-8187,0.0,0.0,0.0,20290.350159,246.451222,0.150092,0.0,0.150092,0.0,0.0,0.0,17.560775,1.050645,0.150092,23.564459,0.0,0.150092,28.217314,0.300184,3.752302,0.0,0.0,32.569985,0.0,0.0,0.0,0.0,0.0,0.450276,25.815841,0.150092,0.600368,0.0,2484.024197,0.150092,0.0,0.0,0.0,0.0,7874.731936,0.0,66.941075,0.0,0.0,180157.644731,0.300184,0.0,0.300184,0.0,19.36188,0.0,0.0,7.204421,0.75046,0.300184,2429.240582,0.0,27737.619804,1.050645,0.0,0.75046,59.136286,32746.493248,0.0,0.0,326.600402,0.0,353.767071,0.0,0.300184,0.75046,0.0,0.0,1.200737,0.0,0.450276,0.0,0.0,0.150092,0.0,0.0,0.0,0.0,0.0,25886.834161,0.150092,0.0,0.0,0.450276,1.500921,0.150092,0.0,1.350829,0.75046,0.0,0.0,110.167599,81.049732,2322.224917,1.050645
TCGA-S9-A6WQ,0.0,0.0,0.0,21353.691191,350.618859,0.0,0.159155,0.795776,0.0,0.0,0.0,16.392983,0.795776,0.0,42.016967,0.477466,0.31831,24.032432,0.477466,10.663397,0.0,0.0,13.050725,0.0,0.0,0.0,0.159155,0.0,0.795776,28.966243,0.159155,1.273241,0.0,1622.587048,0.0,0.0,0.0,0.0,0.31831,7045.003992,0.0,58.250795,0.0,0.0,190739.842398,0.159155,0.159155,0.0,0.159155,10.185931,0.159155,0.0,4.29719,0.795776,0.0,2627.970313,0.0,15784.692328,0.477466,0.0,1.114086,143.876282,21373.426433,0.0,0.0,200.694681,0.159155,347.594911,0.0,0.0,0.159155,0.0,0.159155,0.954931,0.0,0.159155,0.159155,0.0,0.159155,0.31831,0.0,0.0,0.0,0.0,11393.441788,0.477466,0.0,0.0,0.954931,0.636621,0.0,0.0,1.114086,3.023948,0.0,0.0,166.635472,35.173295,1546.510873,0.159155
TCGA-TQ-A8XE,0.0,0.0,0.0,16864.273802,611.446508,0.112233,0.112233,0.112233,0.0,0.0,0.0,23.344507,0.224466,0.0,34.006661,0.3367,0.112233,11.56002,0.112233,9.539823,0.112233,0.0,11.784487,0.112233,0.112233,0.112233,0.0,0.0,0.224466,12.570119,0.112233,0.224466,0.0,2813.68648,0.0,0.112233,0.0,0.0,0.561166,7365.191926,0.0,42.873085,0.0,0.0,220001.887763,0.224466,0.0,0.448933,0.0,11.672253,0.3367,0.0,1.122332,3.703696,0.0,2586.077538,0.0,16993.00529,0.112233,0.0,0.561166,172.165738,22733.509322,0.0,0.0,69.360121,0.112233,350.728769,0.0,0.0,0.0,0.112233,0.0,0.897866,0.112233,0.224466,0.0,0.561166,0.224466,0.112233,0.0,0.0,0.0,0.112233,8786.288783,0.0,0.0,0.0,0.785632,0.673399,0.0,0.0,0.561166,0.673399,0.0,0.0,103.25455,22.671108,2681.139064,0.0
TCGA-DB-A4XE,0.0,0.0,0.0,5926.36307,100.632461,0.0,0.158726,0.0,0.0,0.0,0.0,28.57073,0.952358,0.0,16.824986,0.0,0.158726,10.475934,0.158726,4.126883,0.0,0.0,5.396693,0.0,0.158726,0.0,0.0,0.158726,0.634905,15.555175,0.0,0.476179,0.0,1098.862028,0.158726,0.0,0.0,0.0,0.158726,3707.369693,0.0,24.443847,0.158726,0.0,264642.896031,0.0,0.0,0.0,0.0,8.253766,0.0,0.0,3.015799,0.317453,0.0,832.20188,0.0,7929.488708,0.476179,0.0,0.0,53.490756,15492.002259,0.158726,0.0,153.647038,0.0,251.263699,0.0,0.0,0.0,0.0,0.0,0.634905,0.0,0.0,0.0,0.158726,0.158726,0.158726,0.0,0.0,0.0,0.0,4158.469777,0.0,0.0,0.0,0.158726,0.793631,0.158726,0.0,1.587263,0.0,0.0,0.0,24.285121,32.221435,1051.720323,0.0
TCGA-P5-A72Z,0.0,0.0,0.0,16230.308104,591.544789,0.0,0.0,0.230892,0.0,0.0,0.0,31.170393,0.0,0.0,18.240452,0.230892,0.0,0.692675,0.461784,3.925161,0.0,0.0,11.775482,0.0,0.0,0.0,0.0,0.0,0.230892,14.546183,0.0,0.461784,0.0,801.425434,0.0,0.0,0.0,0.0,0.461784,4127.883579,0.0,31.401285,0.0,0.0,220522.909892,0.230892,0.0,0.230892,0.0,32.09396,0.0,0.0,0.923567,6.695862,0.230892,7555.703224,0.0,23421.894961,0.461784,0.0,0.692675,46.17836,6868.338339,0.0,0.0,11.54459,0.0,314.936414,0.0,0.0,0.0,0.0,0.0,0.461784,0.0,0.230892,0.0,0.230892,0.230892,0.0,0.0,0.0,0.0,0.0,359.267639,0.0,0.0,0.0,0.0,0.461784,0.230892,0.0,0.0,0.230892,0.0,0.0,63.726136,2.078026,734.697704,0.0
TCGA-DB-A64V,0.0,0.0,0.0,5800.673064,207.305283,0.0,0.4471,0.596133,0.0,0.0,0.0,16.095594,0.4471,0.0,34.873786,0.0,0.4471,6.706497,0.4471,5.067131,0.0,0.0,7.153597,0.149033,0.0,0.0,0.0,0.0,0.4471,54.248111,0.0,0.149033,0.0,1164.098898,0.0,0.0,0.0,0.0,0.0,4474.276932,0.0,25.48469,0.149033,0.0,240998.576583,0.0,0.0,0.0,0.0,30.998921,0.0,0.0,2.980665,1.490333,0.0,1268.273156,0.0,6933.027875,0.149033,0.0,0.596133,174.81603,27199.615613,0.0,0.0,103.429092,0.0,232.342873,0.0,0.0,0.0,0.0,0.0,1.490333,0.0,0.298067,0.0,0.0,0.0,0.298067,0.0,0.0,0.0,0.0,7814.410653,0.0,0.0,0.0,1.937433,0.4471,0.149033,0.0,0.8942,1.788399,0.0,0.0,76.752136,10.730396,1128.479946,0.298067
TCGA-DU-A5TU,3.042562,0.0,0.0,7472.68388,182.553707,0.152128,0.456384,0.152128,0.152128,0.0,0.0,11.257479,5.476611,0.0,19.92878,0.0,0.0,16.581962,0.456384,10.34471,0.152128,0.0,4.411715,0.0,0.0,0.0,0.152128,0.0,0.0,26.318159,0.152128,0.76064,0.0,1242.12585,0.0,0.0,0.0,0.0,0.456384,3609.695306,0.0,18.863883,0.0,0.0,208837.181565,0.0,0.0,0.152128,0.152128,12.170247,0.152128,0.0,1.369153,0.304256,0.0,1832.382837,0.0,8668.106407,0.152128,0.0,0.456384,255.57519,13534.531859,0.0,0.0,256.792215,0.0,168.253667,0.0,0.0,0.0,0.152128,0.0,0.304256,0.152128,0.0,0.152128,0.0,0.0,2.129793,0.0,0.0,0.0,0.0,5090.814384,0.0,0.0,0.0,0.456384,1.064897,0.0,0.0,0.76064,2.129793,0.0,0.0,36.358613,35.902229,1205.310852,0.0
TCGA-E1-A7YV,24.47025,0.286761,0.860282,4875.219408,296.223848,0.0,0.286761,0.0,0.095587,0.0,0.0,30.874573,1.433804,0.0,12.904233,0.0,0.0,19.786491,2.294086,5.066106,0.0,0.0,10.323387,0.0,0.0,0.0,0.0,0.095587,0.955869,13.477755,0.955869,0.191174,0.0,941.531109,0.095587,0.0,0.095587,0.0,0.095587,4624.781691,0.0,19.882078,0.0,0.0,237981.116423,0.0,0.0,0.382348,0.0,7.74254,0.095587,0.0,0.286761,0.860282,0.382348,806.849147,0.0,6423.631838,0.382348,0.0,0.477935,10.132213,18839.511769,0.0,0.0,413.317819,0.095587,224.629249,0.095587,0.0,0.191174,0.191174,0.0,0.477935,0.0,0.191174,0.0,0.191174,0.191174,1.24263,0.0,0.0,0.0,0.0,2824.688915,0.095587,0.0,0.0,0.095587,0.669108,0.191174,0.0,0.477935,0.382348,0.0,0.0,68.822579,20.837947,943.920782,0.0
TCGA-QH-A6CV,7.02767,0.109807,0.0,5580.519035,190.515742,0.0,0.219615,0.109807,0.0,0.0,0.0,29.428368,0.439229,0.0,12.188615,0.0,0.219615,2.415762,0.329422,5.819789,0.219615,0.0,6.478633,0.0,0.0,0.0,0.0,0.109807,0.0,18.886863,0.329422,0.768651,0.0,723.850012,0.109807,0.0,0.0,0.0,0.0,2868.93648,0.0,12.957267,0.0,0.0,230366.144902,0.0,0.0,0.109807,0.0,10.32189,0.219615,0.0,1.537303,0.439229,0.109807,807.083979,0.0,6664.646944,0.0,0.0,0.219615,3.404028,67561.603842,0.0,0.109807,44.362167,0.0,145.714346,0.0,0.109807,0.329422,0.219615,0.109807,0.768651,0.0,0.0,0.109807,0.0,0.0,0.0,0.0,0.0,0.0,0.0,3743.881398,0.0,0.0,0.0,0.219615,1.207881,0.0,0.0,0.0,2.305954,0.0,0.0,27.342029,5.490367,696.837406,0.219615
TCGA-HT-7607,0.412496,0.412496,0.0,11413.149965,457.870736,0.0,2.887473,0.412496,0.0,0.0,0.0,17.943583,2.681225,0.0,26.399754,0.0,0.206248,94.46162,0.824992,8.868667,0.0,0.0,83.530472,0.0,0.206248,0.0,0.0,0.0,2.268729,35.062173,0.0,0.206248,0.0,3140.539504,0.412496,0.0,0.0,0.0,0.824992,5159.089456,0.0,132.411267,0.0,0.0,166341.344696,1.237488,0.206248,0.618744,0.0,23.306033,1.03124,0.0,3.506217,1.856233,0.0,2045.155954,0.0,16411.365919,0.412496,0.206248,1.443737,42.487104,35452.601098,0.412496,0.0,1069.396291,0.206248,474.370582,0.0,0.206248,0.824992,0.0,0.0,1.03124,0.618744,0.206248,0.0,0.412496,0.206248,0.0,0.0,0.0,0.0,0.0,12782.224716,0.618744,0.0,0.0,1.443737,1.237488,0.412496,0.0,2.474977,4.124962,0.0,0.0,166.029704,153.861067,2941.716355,0.0
TCGA-HT-A61B,0.138459,0.138459,0.0,4739.720371,297.68634,0.0,0.138459,0.0,0.0,0.138459,0.0,13.568959,0.830753,0.0,15.64584,0.138459,0.0,9.276737,0.415376,9.830572,0.0,0.0,4.846057,0.0,0.0,0.0,0.0,0.138459,0.138459,26.584082,0.692294,0.830753,0.0,1607.921614,0.0,0.0,0.0,0.0,0.415376,4993.792201,0.0,20.768814,0.0,0.276918,268324.082673,0.138459,0.276918,0.138459,0.0,10.10749,0.0,0.0,2.21534,0.415376,0.0,637.325686,0.0,3636.619407,0.138459,0.0,0.276918,14.815088,11110.900346,0.0,0.138459,230.53384,0.0,370.792567,0.0,0.0,0.0,0.138459,0.0,0.276918,0.138459,0.553835,0.138459,0.553835,0.0,0.138459,0.0,0.0,0.0,0.0,2589.87116,0.0,0.0,0.0,0.830753,0.276918,0.415376,0.0,0.692294,1.523046,0.0,0.0,25.476412,26.168706,1592.414232,0.0
TCGA-S9-A6UB,0.0,0.345761,0.0,10819.552022,173.744883,0.0,0.0,0.0,0.0,0.0,0.0,9.335546,0.17288,0.0,17.460929,0.0,0.0,6.050817,0.17288,1.901685,0.0,0.0,5.013534,0.0,0.17288,0.0,0.0,0.0,0.17288,12.793156,0.0,0.0,0.0,867.687134,0.17288,0.0,0.0,0.0,0.17288,5799.621495,0.0,16.769407,0.0,0.0,259898.315159,0.0,0.0,0.518641,0.0,18.671092,0.0,0.0,1.037283,0.691522,0.0,1220.536196,0.0,16984.469974,0.518641,0.0,0.518641,576.902165,11926.505741,0.0,0.0,110.297747,0.0,237.883542,0.0,0.0,0.345761,0.0,0.0,0.518641,0.17288,0.345761,0.0,0.345761,0.0,0.864402,0.0,0.0,0.0,0.0,5729.950662,0.0,0.0,0.0,0.691522,0.0,0.0,0.0,0.17288,0.17288,0.0,0.0,26.623594,8.644024,804.758639,0.0
TCGA-S9-A6WL,0.0,0.0,0.0,16408.094742,326.51391,0.0,2.522425,0.0,0.280269,0.0,0.0,41.479879,1.681617,0.0,41.479879,0.280269,0.0,46.244459,0.280269,3.082964,0.0,0.0,15.13455,0.0,0.0,0.0,0.0,0.0,0.840808,23.262364,0.280269,0.280269,0.0,1398.264291,0.0,0.0,0.0,0.0,0.0,5720.019226,0.0,25.224251,0.0,0.0,196680.488622,0.0,0.0,0.0,0.0,26.625598,0.0,0.0,1.961886,3.082964,0.0,894.339818,0.0,14512.352175,0.560539,0.0,0.560539,384.529687,22290.67025,0.280269,0.0,717.209525,0.0,319.507174,0.0,0.0,0.0,0.280269,0.0,0.0,0.0,0.560539,0.0,0.0,0.280269,2.802695,0.0,0.0,0.0,0.0,3110.430368,0.0,0.0,0.0,0.560539,0.280269,0.0,0.0,0.840808,2.522425,0.0,0.0,54.932812,86.60326,1340.809054,0.0
TCGA-DU-5871,0.0,0.431366,0.0,13581.871857,232.829624,0.0,0.107841,0.107841,0.0,0.0,0.0,7.441058,1.294097,0.0,23.725112,0.107841,0.0,7.872424,0.862731,3.01956,0.107841,0.0,21.24476,0.0,0.431366,0.107841,0.0,0.215683,0.323524,13.911543,0.323524,0.647049,0.0,1902.646159,0.0,0.0,0.107841,0.0,0.431366,5692.409312,0.0,45.832603,0.0,0.107841,211959.182023,0.0,0.107841,0.107841,0.0,10.891983,0.107841,0.0,0.647049,1.50978,0.107841,1134.060364,0.0,17380.801531,0.431366,0.0,0.107841,21.891808,38373.212191,0.0,0.107841,168.987504,0.0,389.631048,0.107841,0.107841,0.539207,0.0,0.0,2.156828,0.107841,0.323524,0.0,0.0,0.107841,0.539207,0.0,0.107841,0.215683,0.0,21728.104822,0.107841,0.0,0.0,0.215683,1.078414,0.539207,0.0,5.823437,1.186256,0.0,0.0,46.156127,19.73498,1836.108003,0.0
TCGA-FG-6691,0.0,0.197723,0.0,12855.126935,239.93627,0.0,0.0,0.0,0.0,0.0,0.0,20.859725,0.197723,0.0,7.11801,0.395445,0.098861,4.448757,0.098861,7.612317,0.0,0.0,25.407343,0.197723,0.0,0.0,0.0,0.098861,0.395445,17.795026,0.494306,0.296584,0.0,1899.816771,0.098861,0.0,0.098861,0.098861,0.098861,5046.273988,0.0,41.71945,0.098861,0.0,239340.729869,0.296584,0.0,0.0,0.0,17.992749,0.098861,0.0,1.384058,0.889751,0.098861,1095.975892,0.0,13735.288704,0.197723,0.0,0.593168,14.92805,40644.729617,0.0,0.0,72.36644,0.0,261.98233,0.0,0.0,0.395445,0.197723,0.0,0.395445,0.0,0.197723,0.0,0.098861,0.0,1.087474,0.0,0.098861,0.395445,0.0,9077.144009,0.0,0.0,0.0,0.593168,0.692029,0.0,0.0,2.076086,4.251034,0.0,0.0,58.624725,7.513456,1837.237595,0.0
TCGA-TQ-A7RO,0.0,0.0,0.0,7472.213457,112.657166,0.0,0.0,0.0,0.0,0.0,0.0,12.992059,0.355947,0.0,12.992059,0.0,0.0,7.652856,0.0,1.06784,0.0,0.0,8.186777,0.177973,0.0,0.0,0.0,0.0,0.177973,39.510096,0.0,0.0,0.0,892.714605,0.0,0.0,0.0,0.0,0.177973,4999.806899,0.0,29.721559,0.0,0.0,263854.651255,0.355947,0.0,0.0,0.177973,20.822889,0.0,0.0,0.177973,1.423787,0.0,648.891039,0.0,6617.763134,0.0,0.0,0.0,252.010343,30475.098228,0.0,0.0,139.175204,0.0,193.101146,0.0,0.355947,0.0,0.355947,0.0,0.355947,0.0,0.0,0.0,0.355947,0.355947,1.957707,0.0,0.0,0.0,0.0,3657.353496,0.0,0.0,0.0,0.53392,0.177973,0.0,0.0,0.53392,1.245814,0.0,0.0,27.585878,19.399101,845.729626,0.0
TCGA-QH-A6CY,0.0,0.120315,0.0,6240.475599,277.204746,0.0,1.082831,0.120315,0.120315,0.0,0.0,13.475231,1.32346,0.0,39.703805,0.0,0.240629,41.267894,0.360944,3.729751,0.0,0.0,22.980081,0.0,0.0,0.120315,0.0,0.0,0.0,28.394236,0.240629,0.360944,0.0,1212.770765,0.240629,0.0,0.0,0.0,0.240629,5027.945463,0.0,56.427529,0.0,0.120315,236961.210345,0.0,0.120315,0.120315,0.0,28.273922,0.360944,0.0,4.090695,0.360944,0.120315,1252.113626,0.0,10389.523201,0.240629,0.120315,0.721887,83.257676,26442.012112,0.120315,0.0,596.519589,0.120315,349.995055,0.0,0.0,0.721887,0.0,0.0,1.082831,0.240629,0.240629,0.0,0.360944,0.240629,0.120315,0.0,0.120315,0.0,0.0,5641.790348,0.0,0.0,0.0,0.721887,1.082831,0.0,0.0,1.32346,0.962516,0.0,0.0,50.050857,69.541816,1196.648614,0.0
TCGA-HT-8013,0.0,0.0,0.0,18067.832553,500.120664,0.118009,0.118009,0.472035,0.0,0.0,0.118009,17.937315,0.944069,0.0,42.955149,0.236017,1.534112,28.676102,0.354026,10.856796,0.0,0.0,50.389694,0.236017,0.590043,0.0,0.118009,0.0,0.354026,34.340518,0.354026,0.472035,0.0,4100.446604,0.590043,0.0,0.118009,0.118009,1.062078,12036.764415,0.0,98.419215,0.0,0.118009,166399.39674,0.472035,0.118009,0.236017,0.0,14.161038,0.472035,0.0,2.478182,2.714199,0.354026,2505.559683,0.0,36244.941117,1.062078,0.118009,0.708052,92.518783,35136.13183,0.0,0.0,273.072019,0.118009,564.789405,0.0,0.236017,0.590043,0.472035,0.236017,2.950216,0.118009,0.354026,0.0,0.236017,0.472035,0.590043,0.0,0.0,0.0,0.0,23376.805754,0.0,0.0,0.0,0.236017,2.360173,0.354026,0.0,5.074372,0.944069,0.0,0.0,105.499734,42.83714,3855.106618,0.236017
TCGA-DU-6397,0.336869,0.168435,0.0,14406.551703,183.088455,0.0,0.084217,0.168435,0.084217,0.0,0.0,15.159118,0.084217,0.0,21.391199,0.0,0.168435,2.863389,0.505304,1.010608,0.0,0.168435,19.201549,0.0,0.252652,0.0,0.0,0.0,0.589521,41.856008,0.336869,0.084217,0.0,1216.01389,0.084217,0.084217,0.0,0.0,0.336869,3932.611995,0.0,44.214093,0.0,0.0,209494.458585,0.0,0.0,0.336869,0.0,26.023152,0.084217,0.0,0.842173,2.021216,0.0,1735.718974,0.0,23590.871584,0.421087,0.0,0.084217,67.963378,30505.366243,0.0,0.0,92.470618,0.0,272.864118,0.0,0.084217,0.252652,0.168435,0.0,1.347477,0.0,0.336869,0.0,0.0,0.252652,0.252652,0.0,0.0,0.084217,0.0,6692.582021,0.168435,0.0,0.0,0.421087,1.094825,0.252652,0.0,1.179042,1.010608,0.0,0.0,65.099989,8.590167,1130.280658,0.168435
TCGA-S9-A6UA,1.58976,0.681326,0.0,7934.947016,376.318933,0.454217,0.227109,0.227109,0.0,0.0,0.0,30.65966,0.454217,0.0,15.216276,0.227109,0.454217,36.791592,2.952412,6.813258,0.0,0.0,24.300619,0.0,0.0,0.0,0.0,0.454217,0.227109,51.326541,2.952412,0.908434,0.0,1111.696547,0.0,0.0,0.0,0.0,0.0,4907.816623,0.0,28.161465,0.0,0.0,118344.923442,0.227109,0.454217,0.0,0.0,55.868713,0.0,0.0,5.677715,2.271086,0.908434,1273.624971,0.0,12109.430003,1.135543,0.0,2.725303,7.267475,27670.456352,0.0,0.0,1746.237946,0.0,376.091825,0.0,0.0,0.0,0.454217,0.0,2.043977,0.0,0.0,0.227109,0.0,0.0,0.908434,0.0,0.0,0.0,0.227109,17719.466386,0.0,0.227109,0.0,57.685582,0.681326,1.135543,0.0,0.227109,19.531339,0.0,0.0,100.154888,77.671138,1026.076608,0.0
TCGA-QH-A6X8,0.0,0.0,0.322194,13015.497839,313.01118,0.0,0.322194,0.483291,0.0,0.0,0.0,15.948588,0.644387,0.0,22.231365,0.0,0.0,6.443874,0.161097,4.832906,0.0,0.0,15.465298,0.0,0.161097,0.0,0.0,0.0,0.483291,18.203944,0.161097,0.483291,0.0,1351.924769,0.161097,0.0,0.0,0.0,0.161097,6271.178195,0.0,38.502147,0.0,0.0,213100.846951,0.161097,0.0,0.161097,0.0,27.708658,0.0,0.0,1.288775,1.127678,0.0,2156.764634,0.0,16533.047569,0.483291,0.0,0.644387,503.266561,21730.676352,0.0,0.0,80.548425,0.0,349.741262,0.0,0.0,0.322194,0.0,0.161097,0.805484,0.0,0.322194,0.0,0.161097,0.161097,0.322194,0.0,0.0,0.0,0.0,9500.525659,0.0,0.0,0.0,0.0,1.449872,0.966581,0.0,0.483291,0.805484,0.0,0.0,78.937457,18.526138,1361.429483,0.0
TCGA-DU-A7TA,0.0,0.0,0.0,6497.800372,107.718825,0.0,0.119555,0.239109,0.0,0.0,0.119555,22.237183,0.597774,0.0,23.074066,0.358664,0.0,3.347533,0.358664,5.977737,0.0,0.0,11.357701,0.239109,0.0,0.0,0.0,0.0,0.239109,18.052766,0.717328,0.717328,0.0,2473.109448,0.0,0.119555,0.239109,0.0,0.239109,6471.378773,0.0,28.693139,0.0,0.0,237031.747404,0.0,0.0,0.239109,0.0,24.508723,0.0,0.0,1.315102,0.836883,0.358664,1102.892519,0.0,11778.772553,0.239109,0.0,0.478219,97.437117,32725.839809,0.0,0.0,85.003423,0.0,465.426621,0.0,0.0,0.239109,0.239109,0.119555,0.478219,0.0,0.239109,0.0,0.119555,0.119555,0.239109,0.0,0.239109,0.119555,0.119555,9206.552222,0.0,0.0,0.0,0.239109,1.195547,0.0,0.0,3.108423,6.097292,0.0,0.0,38.855292,3.945307,2411.897419,0.0
TCGA-HT-A617,0.641932,0.0,0.0,5074.259783,285.017881,0.0,0.427955,0.0,0.0,0.0,0.0,18.83001,0.0,0.0,31.026721,0.0,0.0,12.196711,0.0,3.423638,0.0,0.0,6.633299,0.0,0.0,0.0,0.0,0.0,0.427955,71.896402,0.0,1.497842,0.0,1055.336478,0.0,0.0,0.0,0.0,0.0,3583.265342,0.0,14.76444,0.0,0.0,220951.98112,0.213977,0.213977,0.213977,0.213977,53.922302,0.0,0.0,7.917163,1.283864,0.0,916.037199,0.0,5243.515897,0.85591,0.0,0.213977,277.100718,41322.029336,0.0,0.0,118.115518,0.0,286.943678,0.0,0.0,0.213977,0.0,0.0,1.069887,0.0,0.0,0.0,0.0,0.0,0.0,0.0,0.0,0.0,0.213977,6683.797696,0.213977,0.0,0.0,2.781706,0.85591,0.0,0.0,0.213977,5.349435,0.0,0.0,36.376156,24.393422,1009.117363,0.0
TCGA-DU-7018,0.0,0.131802,0.0,12612.899727,173.582897,0.0,0.131802,0.0,0.0,0.0,0.0,28.996384,0.922612,0.0,5.27207,0.131802,0.0,3.558647,0.0,3.295044,0.131802,0.0,9.753329,0.0,0.395405,0.0,0.0,0.131802,0.0,11.598554,0.131802,0.131802,0.0,783.56137,0.0,0.0,0.0,0.0,0.131802,4237.953288,0.0,12.916571,0.0,0.0,259440.003385,0.0,0.0,0.131802,0.0,14.498192,0.0,0.0,0.659009,1.186216,0.131802,1230.10568,0.0,13170.81651,0.395405,0.0,0.131802,178.723165,16833.059779,0.0,0.131802,57.201957,0.0,210.355584,0.0,0.0,0.263603,0.131802,0.131802,0.0,0.0,0.527207,0.0,0.0,0.0,1.186216,0.0,0.131802,0.0,0.0,3027.486068,0.0,0.0,0.0,0.659009,0.527207,0.131802,0.0,0.395405,1.054414,0.0,0.0,37.695299,6.06288,751.006339,0.0
TCGA-P5-A5EV,0.07636,0.07636,0.07636,8783.180801,223.504401,0.0,0.07636,0.0,0.0,0.0,0.0,19.089887,0.305438,0.0,20.846157,0.0,18.784449,1.527191,0.229079,5.268809,0.152719,0.0,3.665258,0.0,0.152719,0.0,0.0,0.0,0.381798,36.270786,0.07636,0.229079,0.0,956.937872,0.152719,0.0,0.0,0.0,0.07636,3051.327591,0.0,24.740494,0.0,0.0,265002.074307,0.07636,0.0,0.07636,0.0,16.799101,0.152719,0.0,2.138067,0.916315,0.229079,895.773873,0.0,9061.893156,0.229079,0.0,0.687236,82.010156,25707.893111,0.0,0.0,14.890112,0.0,224.726154,0.0,0.07636,0.229079,0.152719,0.0,1.069034,0.0,0.305438,0.07636,0.0,0.0,0.152719,0.0,0.0,0.0,0.07636,4307.594896,0.0,0.0,0.0,0.687236,0.687236,0.0,0.0,1.450831,2.519865,0.0,0.0,34.285438,5.268809,922.652434,0.0
TCGA-TM-A7C4,0.0,0.0,0.0,9255.668014,304.881199,0.0,3.336151,0.107618,0.215236,0.0,0.0,13.667459,5.918978,0.107618,38.742404,0.322853,0.215236,162.180009,0.322853,3.336151,0.0,0.0,31.532012,0.215236,0.215236,0.0,0.0,0.0,1.399031,29.810128,0.215236,0.322853,0.0,2205.303749,0.215236,0.215236,0.0,0.0,0.107618,6106.986719,0.0,145.714487,0.0,0.0,205267.374246,0.538089,0.0,0.0,0.0,12.806517,0.215236,0.0,1.399031,0.753325,0.322853,1475.547516,0.0,11801.259214,0.322853,0.107618,0.215236,125.697579,22703.371794,0.0,0.0,1432.177547,0.215236,470.182124,0.0,0.215236,0.860942,0.0,0.0,1.183796,0.107618,0.107618,0.0,0.107618,0.322853,0.215236,0.0,0.0,0.0,0.107618,7497.408564,0.215236,0.107618,0.0,0.322853,0.322853,0.215236,0.0,0.96856,2.582827,0.0,0.0,66.184941,255.484633,2080.574731,0.322853
TCGA-HT-8564,10.270609,0.0,0.221668,6020.128621,240.731256,0.073889,0.812782,0.221668,0.0,0.0,0.073889,18.915654,3.620574,0.073889,22.314561,0.0,0.295557,54.382506,0.665003,5.246138,0.221668,0.0,28.004035,0.0,0.073889,0.0,0.073889,0.0,0.443336,18.028983,0.0,0.221668,0.0,1816.198361,0.443336,0.0,0.0,0.0,0.665003,4551.727073,0.0,45.589682,0.0,0.0,189999.101506,0.073889,0.073889,0.443336,0.0,6.05892,0.221668,0.0,3.251128,0.665003,0.073889,1061.93665,0.0,23661.931743,0.221668,0.0,0.221668,243.465159,13389.549278,0.073889,0.0,878.026246,0.221668,329.398385,0.0,0.0,0.147779,0.443336,0.0,1.03445,0.147779,0.0,0.0,0.073889,0.147779,0.0,0.0,0.147779,0.0,0.0,11385.081046,0.0,0.0,0.0,2.660014,1.403896,0.073889,0.0,3.546685,1.108339,0.0,0.0,39.382983,70.712035,1756.791385,0.0
TCGA-RY-A847,0.0,0.0,0.0,14363.482832,243.278549,0.0,0.881444,0.352578,0.352578,0.0,0.0,19.039191,0.528866,0.0,16.571148,0.176289,0.528866,29.087653,0.176289,3.349487,0.0,0.0,15.513415,0.0,0.0,0.0,0.0,0.0,0.352578,20.802079,0.0,0.0,0.0,1470.601198,0.176289,0.0,0.0,0.176289,0.176289,4345.342714,0.0,56.764995,0.0,0.176289,219344.69926,0.528866,0.0,0.0,0.176289,38.607248,0.352578,0.0,1.762888,0.881444,0.0,2246.977088,0.0,21075.502732,0.0,0.0,0.176289,364.036379,38928.622426,0.176289,0.0,363.507513,0.0,280.299197,0.0,0.0,0.176289,0.352578,0.0,2.468043,0.176289,0.352578,0.0,0.0,0.0,0.352578,0.0,0.0,0.0,0.0,11494.558846,0.0,0.0,0.176289,0.176289,0.176289,0.0,0.0,0.528866,3.349487,0.0,0.0,108.241325,72.102121,1367.11967,0.176289
TCGA-FG-A713,0.0,0.319617,0.0,11606.254778,634.43989,0.0,5.43349,0.0,0.0,0.0,0.0,31.002856,1.598085,0.0,51.138732,0.0,0.0,130.403766,0.639234,6.392341,0.319617,0.0,40.910985,0.0,0.0,0.0,0.0,0.0,1.278468,30.363622,0.319617,0.0,0.0,2050.663142,0.319617,0.0,0.0,0.0,0.319617,7513.238539,0.0,137.754959,0.0,0.0,170344.074172,0.319617,0.0,0.319617,0.0,18.857407,0.0,0.0,3.515788,2.23732,0.319617,3146.949703,0.0,11579.726561,0.319617,0.0,1.278468,56.252605,25675.159105,0.0,0.0,1113.545883,0.0,668.3193,0.0,0.0,0.958851,0.319617,0.0,1.278468,0.319617,0.0,0.0,0.319617,0.319617,0.319617,0.0,0.319617,0.0,0.0,10921.635008,0.319617,0.0,0.0,0.0,1.278468,0.0,0.0,0.958851,5.113873,0.0,0.0,186.336754,243.54821,1957.334956,0.639234
TCGA-DU-7012,27.529986,0.581619,0.0,27392.336427,435.245207,0.581619,0.193873,0.0,0.193873,0.0,0.0,18.999568,3.10197,0.0,18.224075,0.0,0.193873,20.744426,2.908097,7.367179,0.193873,0.0,64.947503,0.0,0.0,0.0,0.0,0.193873,0.387746,23.070904,1.550985,0.969366,0.0,3082.58298,0.581619,0.0,0.0,0.0,0.0,4851.093794,0.0,56.223212,0.0,0.387746,81006.403242,0.193873,0.193873,0.0,0.0,63.784264,0.387746,0.0,24.621889,3.877463,0.0,1077.934677,0.0,31761.849333,0.969366,0.0,2.714224,182.628501,63371.895994,0.0,0.0,178.944911,0.0,337.533143,0.387746,0.0,0.193873,0.387746,0.193873,1.938731,0.0,0.581619,0.0,0.0,0.0,0.0,0.0,0.193873,0.0,0.0,22992.385438,0.0,0.0,0.193873,5.040702,1.550985,0.0,0.0,3.489717,20.35668,0.0,0.0,168.475762,51.376383,2918.760173,0.0
TCGA-FG-A6IZ,0.0,0.083702,0.0,10875.547215,136.183939,0.0,0.083702,0.0,0.0,0.0,0.083702,14.647934,0.418512,0.0,7.198413,0.0,0.0,4.101422,0.0,1.757752,0.0,0.0,3.431802,0.0,0.083702,0.0,0.0,0.0,0.083702,19.670083,0.167405,0.251107,0.0,646.685378,0.0,0.0,0.0,0.0,0.167405,5312.596546,0.0,11.634645,0.0,0.0,265780.408045,0.0,0.0,0.0,0.0,12.973885,0.0,0.0,0.418512,0.753322,0.0,1748.126341,0.0,8658.686974,0.418512,0.0,0.083702,221.141958,11859.637299,0.0,0.0,88.055011,0.0,165.56351,0.0,0.0,0.167405,0.0,0.0,0.167405,0.0,0.083702,0.0,0.167405,0.0,0.083702,0.0,0.083702,0.0,0.0,2035.309557,0.083702,0.0,0.0,0.66962,0.66962,0.0,0.0,0.083702,0.837025,0.0,0.0,16.238282,7.282116,629.442666,0.0
TCGA-FG-A4MW,69.490411,0.0,0.0,5272.618723,650.560033,0.0,1.622344,0.0,0.0,0.0,0.0,30.82454,0.540781,0.0,41.099387,0.270391,0.540781,44.884857,0.0,11.35641,0.270391,0.0,25.957508,0.270391,0.540781,0.0,0.0,0.0,0.811172,47.859155,0.0,0.811172,0.270391,2459.203451,0.540781,0.270391,0.0,0.0,0.270391,3910.931139,0.0,64.623378,0.0,0.270391,194294.647995,0.540781,0.0,0.0,0.0,21.360866,0.270391,0.0,5.948595,1.081563,0.270391,1165.654324,0.0,10169.664759,1.081563,0.0,0.540781,30.013368,29314.948929,0.0,0.0,472.913341,0.0,728.162165,0.0,0.270391,1.622344,0.0,0.0,1.081563,0.0,0.270391,0.0,0.270391,0.270391,0.0,0.0,0.270391,0.0,0.270391,5213.132768,0.0,0.0,0.270391,2.163126,2.974298,0.540781,0.0,1.622344,1.892735,0.0,0.0,72.735099,35.691573,2414.048203,0.270391
TCGA-DH-A66G,0.132943,0.0,0.0,4928.592377,244.482005,0.132943,0.531772,0.132943,0.0,0.0,0.0,11.034261,1.196486,0.132943,9.438946,0.132943,0.265886,24.993266,0.797657,6.514202,0.0,0.0,10.901318,0.132943,0.531772,0.0,0.0,0.132943,1.196486,32.836898,0.398829,0.664715,0.0,1114.1945,0.0,0.0,0.0,0.0,0.0,3760.954828,0.0,38.952272,0.0,0.0,244841.881695,0.132943,0.132943,0.0,0.0,2.924744,0.132943,0.0,0.531772,0.398829,0.0,724.671784,0.0,4007.696863,0.0,0.0,0.0,87.742318,20564.672337,0.0,0.0,374.101339,0.0,262.030469,0.0,0.0,0.132943,0.132943,0.132943,0.398829,0.0,0.0,0.0,0.0,0.132943,0.132943,0.0,0.531772,0.0,0.0,2783.824464,0.0,0.0,0.0,0.132943,0.398829,0.132943,0.0,1.462372,7.045974,0.0,0.0,27.386239,32.703955,1053.306649,0.0
TCGA-DU-5855,3.173207,0.297488,0.0,18158.282359,337.549931,0.0,0.0,0.0,0.0,0.0,0.0,7.437205,0.793302,0.0,12.296178,0.198325,0.0,9.023808,0.297488,4.958136,0.0,0.0,14.477758,0.0,0.099163,0.0,0.0,0.0,0.099163,21.121661,0.991627,0.594976,0.0,2007.450294,0.0,0.297488,0.198325,0.0,0.198325,4878.707124,0.0,41.152533,0.0,0.0,171228.350545,0.0,0.0,0.099163,0.0,14.775247,0.099163,0.0,3.768184,2.677394,0.198325,1196.497493,0.0,28084.868224,0.495814,0.0,0.495814,50.374667,33937.849164,0.0,0.0,124.449225,0.0,269.821787,0.0,0.0,0.198325,0.297488,0.099163,3.470696,0.099163,0.099163,0.0,0.0,0.099163,0.594976,0.0,0.099163,0.495814,0.0,21424.900991,0.099163,0.0,0.0,0.396651,1.685766,1.189953,0.0,1.983255,2.379906,0.0,0.0,52.853735,19.832546,1757.461053,0.0
TCGA-DU-A7TD,151.207738,0.29824,0.0,10182.812243,592.901348,0.0,0.0,0.0,0.0,0.0,0.0,59.349783,0.0,0.0,46.227218,0.0,0.0,20.578568,0.59648,5.368322,0.0,0.0,21.771528,0.0,0.0,0.0,0.0,0.29824,1.19296,29.227531,0.29824,1.19296,0.0,2660.600065,0.29824,0.0,0.0,0.0,0.0,2980.015228,0.0,45.332497,0.0,0.0,186121.217309,0.29824,0.0,0.59648,0.0,50.402579,0.29824,0.0,5.368322,1.789441,0.0,932.895079,0.0,12094.82962,0.29824,0.0,1.491201,45.332497,24625.984528,0.0,0.0,685.057544,0.0,313.152121,0.0,0.0,0.29824,0.0,0.0,1.789441,0.0,0.0,0.0,0.0,0.0,0.0,0.0,0.0,0.0,0.0,4997.311365,0.29824,0.0,0.0,0.89472,0.89472,0.29824,0.0,0.29824,1.19296,0.0,0.0,102.296359,22.069769,2626.898932,0.59648
TCGA-HT-7468,0.0,0.184714,0.092357,8199.816025,165.96537,0.0,0.184714,0.092357,0.092357,0.0,0.0,15.054177,0.092357,0.0,6.742055,0.092357,0.0,2.863064,0.0,5.07963,0.0,0.0,13.299395,0.092357,0.0,0.0,0.0,0.0,0.277071,16.624244,0.277071,0.369428,0.0,1101.63324,0.184714,0.0,0.0,0.0,0.184714,4542.297618,0.0,19.025524,0.092357,0.0,275635.877335,0.092357,0.0,0.0,0.0,21.796231,0.0,0.0,0.646498,0.646498,0.0,1233.149482,0.0,10141.435374,0.0,0.0,0.0,98.360111,24014.367041,0.0,0.0,123.019406,0.0,134.471663,0.0,0.0,0.0,0.092357,0.0,1.015926,0.092357,0.277071,0.0,0.092357,0.0,0.646498,0.0,0.0,0.0,0.0,3004.370329,0.0,0.0,0.0,0.0,0.738855,0.184714,0.0,0.923569,0.369428,0.0,0.0,34.818556,6.28027,1059.610845,0.092357
TCGA-DU-A7TB,0.0,0.253784,0.0,10417.591922,427.118985,0.0,2.030274,0.253784,0.507569,0.0,0.0,23.094372,1.015137,0.253784,57.862821,0.0,0.253784,77.150429,0.0,4.568117,0.253784,0.0,27.154921,0.0,0.0,0.253784,0.0,0.0,1.268922,33.753313,0.507569,0.253784,0.0,1472.71032,0.507569,0.0,0.0,0.0,0.0,16076.981916,0.0,55.578763,0.0,0.0,195092.369873,0.507569,0.0,0.507569,0.0,28.931411,0.0,0.0,14.973274,1.77649,0.253784,2422.878757,0.0,17993.053416,0.507569,0.0,0.253784,284.74599,15403.692156,0.761353,0.0,1551.383454,0.0,370.778869,0.0,0.0,0.253784,0.0,0.253784,0.761353,0.0,0.761353,0.0,1.015137,0.0,0.761353,0.0,0.0,0.0,0.0,6096.406567,0.507569,0.0,0.0,0.761353,1.268922,0.253784,0.0,0.0,2.030274,0.0,0.0,147.95625,132.729191,1402.412068,0.253784
TCGA-HT-A616,0.0,0.0,0.0,4890.690467,220.003753,0.0,1.640071,0.0,0.0,0.0,0.0,19.446551,1.874366,0.0,20.383734,0.0,0.234296,27.8812,0.0,3.045845,0.234296,0.0,10.777607,0.0,0.0,0.0,0.0,0.0,0.702887,33.972891,0.0,0.0,0.0,1054.331087,0.0,0.0,0.0,0.0,0.0,3616.824219,0.0,39.59599,0.0,0.0,249218.564943,0.0,0.0,0.234296,0.0,17.572185,0.234296,0.0,1.171479,0.702887,0.0,1070.497497,0.0,7489.733744,0.702887,0.0,1.171479,49.202117,22055.434854,0.0,0.0,521.542444,0.0,249.75932,0.0,0.0,1.171479,0.0,0.0,0.0,0.0,0.0,0.0,0.0,0.0,1.171479,0.0,0.0,0.0,0.0,3212.195377,0.0,0.0,0.234296,0.0,0.234296,0.0,0.0,0.702887,0.468592,0.0,0.0,32.33282,74.506063,1011.22066,0.0
TCGA-FG-8185,0.292531,0.146265,0.0,14020.564333,157.089061,0.0,0.0,0.146265,0.0,0.0,0.0,13.748949,1.90145,0.0,8.337129,0.0,0.292531,3.364105,0.0,4.534228,0.0,0.0,29.984411,0.0,0.0,0.0,0.0,0.0,0.292531,7.167006,0.438796,0.0,0.0,2306.020606,0.146265,0.0,0.0,0.0,0.0,7149.161182,0.0,39.345398,0.146265,0.0,218059.654644,0.0,0.146265,0.146265,0.0,6.581944,0.292531,0.0,1.170123,0.146265,0.292531,1437.496544,0.0,16697.95284,0.438796,0.0,0.877593,41.685645,14966.901598,0.0,0.0,112.916904,0.0,326.318151,0.0,0.0,0.585062,0.146265,0.0,0.146265,0.146265,0.146265,0.0,0.0,0.0,1.316389,0.0,0.146265,0.0,0.0,9495.112248,0.0,0.0,0.0,0.292531,0.585062,0.0,0.0,1.316389,2.486512,0.0,0.0,66.989562,10.969906,2212.264472,0.0
TCGA-DB-A4XB,0.0,0.0,0.0,2486.228429,285.61778,0.0,0.554813,0.0,0.0,0.0,0.0,8.100271,0.110963,0.0,9.76471,0.0,1.331551,8.877009,0.110963,3.106953,0.0,0.0,12.982626,0.221925,0.0,0.110963,0.0,0.110963,0.221925,31.180496,0.221925,0.554813,0.0,1670.320296,0.0,0.110963,0.0,0.0,0.221925,4873.700128,0.0,80.669824,0.0,0.110963,278420.07873,0.110963,0.0,0.0,0.0,2.330215,0.332888,0.0,7.545458,0.110963,0.0,1221.809392,0.0,4677.851107,0.332888,0.0,0.221925,188.414526,21343.104849,0.0,0.0,194.406508,0.0,339.8785,0.0,0.0,0.0,0.0,0.0,0.998664,0.0,0.554813,0.0,0.0,0.0,0.221925,0.110963,0.110963,0.0,0.0,4282.935148,0.110963,0.0,0.0,0.110963,0.887701,0.221925,0.0,1.442514,2.219252,0.0,0.0,20.75001,18.086907,1580.773463,0.221925
TCGA-HT-7681,0.0,0.419727,0.0,5407.898809,265.267279,0.139909,1.25918,0.0,0.0,0.0,0.0,13.99089,1.399089,0.0,13.850981,0.0,0.839453,43.37176,0.0,2.798178,0.0,0.0,29.520778,0.139909,0.559636,0.0,0.0,0.0,0.279818,12.591801,0.0,0.279818,0.0,1525.146946,0.419727,0.139909,0.0,0.0,0.139909,4399.295531,0.0,58.202103,0.139909,0.0,245231.764693,0.0,0.139909,0.0,0.0,11.47253,0.0,0.0,2.378451,0.699545,0.0,774.535684,0.0,10840.98122,0.0,0.0,0.419727,197.271553,29423.821561,0.0,0.0,539.488728,0.0,338.299726,0.0,0.0,0.419727,0.0,0.139909,0.559636,0.0,0.279818,0.0,0.419727,0.0,0.559636,0.0,0.0,0.139909,0.0,5060.644913,0.139909,0.0,0.0,0.979362,1.119271,0.559636,0.0,1.399089,0.839453,0.0,0.0,48.968116,78.768712,1451.834681,0.0
TCGA-HT-7601,0.156273,0.93764,0.312547,14920.827211,310.04641,0.312547,0.312547,0.46882,0.0,0.0,0.156273,12.189325,3.906835,0.0,10.15777,0.156273,2.500374,18.127713,0.46882,15.627339,0.0,0.0,53.91432,0.156273,0.156273,0.0,0.156273,0.156273,0.781367,32.192319,0.93764,0.781367,0.0,2119.536018,0.156273,0.0,0.0,0.0,0.93764,7789.290959,0.0,76.417689,0.0,0.0,176337.958088,0.312547,0.0,1.093914,0.0,12.033051,0.625094,0.0,7.188576,0.46882,0.0,1328.480107,0.0,19045.038304,0.93764,0.0,0.781367,94.389129,23024.227689,0.156273,0.0,270.821789,0.0,354.7406,0.0,0.0,0.156273,0.781367,0.156273,1.875281,0.0,0.625094,0.0,0.156273,0.0,0.312547,0.0,0.156273,0.156273,0.0,16339.164519,0.0,0.0,0.0,2.344101,0.781367,0.0,0.0,2.969194,7.81367,0.0,0.0,192.997639,36.880521,2019.364774,0.312547
TCGA-DU-7015,0.097982,0.195964,0.0,12575.421764,241.623995,0.097982,0.0,0.0,0.0,0.0,0.0,18.812574,1.37175,0.0,9.504269,0.293946,0.097982,4.99709,0.097982,4.605161,0.097982,0.0,14.403377,0.195964,0.097982,0.0,0.097982,0.293946,0.0,23.319753,0.391929,0.195964,0.0,2293.958224,0.097982,0.0,0.097982,0.0,0.0,5165.227309,0.0,34.195772,0.0,0.195964,226340.738825,0.097982,0.293946,0.195964,0.097982,11.855841,0.293946,0.0,0.783857,0.293946,0.097982,1287.191577,0.0,18110.629692,0.391929,0.0,0.097982,167.353522,31242.884046,0.0,0.0,63.492437,0.0,227.122636,0.0,0.0,0.195964,0.195964,0.0,0.881839,0.0,0.293946,0.0,0.0,0.0,0.195964,0.0,0.097982,0.0,0.0,13539.076263,0.0,0.0,0.097982,0.587893,0.685875,0.293946,0.0,2.7435,2.057625,0.0,0.0,60.650954,7.25068,2166.189494,0.0
TCGA-HT-8107,0.0,0.0,0.0,9038.439849,824.090412,0.0,4.773876,2.386938,0.0,0.0,0.0,22.675913,1.193469,0.0,56.988149,0.596735,0.298367,197.220769,0.298367,6.265713,0.0,0.0,104.726913,0.0,0.298367,0.0,0.0,0.0,2.386938,29.836727,0.298367,0.298367,0.0,3226.24534,0.895102,0.0,0.0,0.0,1.193469,6611.818805,0.0,176.335059,0.0,0.0,128586.150865,0.0,0.0,1.193469,0.0,13.724895,0.298367,0.0,11.934691,3.28204,0.0,2367.245957,0.0,13607.93466,0.596735,0.298367,1.193469,15.813466,35149.156784,0.298367,0.0,2005.62482,0.0,1099.483407,0.0,0.298367,1.491836,0.0,0.0,0.298367,1.193469,1.193469,0.0,0.596735,0.596735,0.0,0.0,0.298367,0.0,0.0,12611.387963,0.895102,0.0,0.0,2.983673,1.491836,0.298367,0.0,2.088571,8.951018,0.0,0.0,139.337517,396.530108,3049.910281,0.596735
TCGA-TM-A84H,0.0,0.100042,0.0,7441.592726,118.249144,0.0,0.100042,0.0,0.0,0.0,0.100042,7.703201,1.400582,0.0,18.207567,0.100042,0.100042,4.601913,0.100042,6.002495,0.0,0.0,8.803659,0.0,0.0,0.0,0.0,0.0,0.100042,12.205072,0.0,0.500208,0.0,2191.010584,0.0,0.0,0.0,0.0,0.800333,7846.561031,0.0,36.014968,0.0,0.100042,233969.737823,0.0,0.0,0.100042,0.0,2.300956,0.0,0.0,0.700291,0.500208,0.100042,882.966961,0.0,14700.109365,0.300125,0.0,0.700291,125.652221,28025.447376,0.0,0.0,146.560911,0.0,176.273259,0.0,0.0,0.0,0.100042,0.100042,1.100457,0.100042,0.400166,0.0,0.200083,0.0,0.500208,0.0,0.0,0.0,0.100042,12880.653199,0.0,0.0,0.0,0.100042,0.700291,0.100042,0.0,6.702786,0.500208,0.0,0.0,27.211309,10.80449,2047.550962,0.100042
TCGA-HT-7860,36.948457,0.269697,0.0,7988.148445,172.740777,0.134848,0.0,0.404545,0.0,0.0,0.0,26.969676,1.213635,0.0,6.607571,0.0,0.943939,5.528784,0.943939,2.696968,0.0,0.0,33.846944,0.0,0.0,0.269697,0.0,0.134848,0.0,18.609077,0.269697,0.269697,0.0,2042.009047,0.0,0.0,0.134848,0.0,0.0,6397.342084,0.134848,40.724211,0.0,0.0,163612.890211,0.0,0.0,0.0,0.134848,31.284825,0.0,0.0,7.821206,1.348484,0.0,956.209876,0.0,18043.522585,0.539394,0.0,0.269697,217.240743,52701.983997,0.0,0.0,224.387707,0.0,312.578549,0.0,0.0,0.80909,0.0,0.134848,0.80909,0.0,0.269697,0.0,0.0,0.0,0.0,0.0,0.134848,0.539394,0.0,15411.821564,0.269697,0.0,0.0,0.674242,1.078787,0.269697,0.0,1.348484,4.719693,0.0,0.0,42.072695,27.239373,1919.162171,0.134848
TCGA-EZ-7264,0.102021,0.102021,0.102021,15727.910134,246.481869,0.0,0.204041,0.102021,0.102021,0.0,0.0,16.221282,0.102021,0.0,6.121238,0.102021,0.306062,6.4273,0.204041,1.836372,0.0,0.0,12.956621,0.0,0.204041,0.0,0.0,0.0,0.510103,16.935426,0.204041,0.204041,0.0,1488.481155,0.204041,0.0,0.0,0.0,0.0,4511.250734,0.0,17.44553,0.0,0.102021,230161.219139,0.102021,0.204041,0.102021,0.0,10.610147,0.102021,0.0,1.938392,1.836372,0.0,2537.865471,0.0,22287.531302,0.306062,0.0,0.102021,61.722488,18420.540918,0.0,0.0,45.297165,0.0,169.252244,0.0,0.0,0.0,0.0,0.0,0.102021,0.0,0.612124,0.0,0.204041,0.306062,0.306062,0.0,0.102021,0.0,0.0,6074.410999,0.0,0.0,0.0,0.816165,0.408083,0.306062,0.0,0.510103,0.204041,0.0,0.0,36.829451,16.017241,1412.577798,0.0
TCGA-DU-6403,32.252536,0.14271,0.0,16232.016179,337.081811,0.428131,0.713552,0.14271,0.0,0.0,0.0,16.839819,1.141683,0.0,53.230955,0.0,0.428131,26.544122,0.428131,5.137572,0.0,0.0,24.974309,0.0,0.570841,0.14271,0.0,0.14271,0.856262,27.828515,0.14271,0.285421,0.0,1307.369376,0.0,0.14271,0.0,0.0,0.428131,4775.087799,0.0,32.966087,0.14271,0.0,175134.693582,0.0,0.0,0.0,0.0,10.703275,0.285421,0.0,7.991779,0.998972,0.998972,1061.479469,0.0,28130.633044,0.570841,0.0,0.14271,17.838792,27606.457985,0.0,0.14271,296.123944,0.0,326.806666,0.0,0.14271,0.285421,0.0,0.14271,2.283365,0.14271,0.14271,0.0,0.0,0.0,0.14271,0.0,0.14271,0.0,0.0,9714.435193,0.0,0.0,0.0,19.408606,4.852151,0.285421,0.0,0.998972,1.427103,0.0,0.0,83.628256,53.230955,1201.478308,0.285421
TCGA-DU-7007,1.068038,0.356013,0.178006,10907.339327,523.694693,0.178006,0.178006,0.356013,0.0,0.0,0.0,10.324369,7.298261,0.178006,12.994464,0.356013,0.0,9.078324,0.712025,16.910604,0.0,0.0,63.904281,0.534019,0.356013,0.0,0.0,0.534019,0.178006,9.612343,5.696203,1.602057,0.0,5065.882822,0.356013,0.0,0.178006,0.0,0.712025,4208.960235,0.0,67.286402,0.0,0.178006,80677.107689,0.712025,0.178006,0.178006,0.178006,6.408229,0.0,0.0,6.408229,0.890032,0.178006,1833.64345,0.0,17021.679572,1.246044,0.0,1.424051,1481.012863,24269.030259,0.0,0.0,505.182032,0.0,443.591834,0.0,0.0,0.178006,0.178006,0.0,1.246044,0.0,0.178006,0.0,0.0,0.178006,3.560127,0.0,0.0,0.178006,0.0,41301.034199,0.0,0.0,0.0,1.780064,0.890032,0.356013,0.0,9.078324,27.234972,0.0,0.0,74.050643,24.564877,4890.546563,0.0
TCGA-S9-A7R2,4.812012,0.0,0.0,10646.576695,651.760301,0.0,0.534668,0.267334,0.0,0.0,0.0,28.07007,2.406006,0.0,46.248783,0.0,0.267334,37.961429,1.069336,10.69336,0.0,0.0,14.436036,0.0,0.0,0.267334,0.0,0.0,0.0,48.387455,0.267334,0.0,0.0,2554.643739,0.267334,0.267334,0.0,0.0,0.802002,5726.027024,0.0,106.131599,0.0,0.0,148687.96481,0.534668,0.0,0.0,0.0,28.337404,0.0,0.0,16.307374,1.33667,0.267334,2755.411575,0.0,8324.513539,0.0,0.0,2.940674,44.912113,63002.604635,0.0,0.0,349.940211,0.0,621.818892,0.0,0.0,0.802002,0.267334,0.0,1.604004,0.0,0.802002,0.0,0.267334,0.0,0.267334,0.0,0.0,0.0,0.0,20674.007837,0.267334,0.0,0.0,1.604004,3.475342,0.0,0.0,1.604004,3.475342,0.0,0.0,135.271006,47.050785,2452.522149,0.534668
TCGA-S9-A6U6,0.0,0.341941,0.0,9877.86341,318.346613,0.0,0.683881,0.0,0.0,0.0,0.0,14.247521,1.595722,0.0,24.619717,0.11398,1.253782,43.540425,0.22796,3.989306,0.11398,0.0,14.589462,0.0,0.0,0.0,0.0,0.22796,0.11398,20.40245,0.455921,0.22796,0.0,1800.658714,0.0,0.11398,0.0,0.0,0.0,6274.266378,0.0,46.95983,0.0,0.11398,247408.432891,0.22796,0.0,0.22796,0.0,4.787167,0.341941,0.0,1.025822,0.569901,0.11398,793.187998,0.0,12234.289429,0.455921,0.11398,0.455921,85.029206,19986.536662,0.0,0.0,364.850522,0.0,330.314531,0.0,0.0,0.683881,0.0,0.0,0.455921,0.0,0.341941,0.0,0.0,0.22796,0.683881,0.0,0.0,0.0,0.0,4079.008318,0.0,0.0,0.0,0.455921,0.683881,0.0,0.0,0.341941,1.025822,0.0,0.0,33.282209,89.474433,1723.95006,0.11398
TCGA-DU-6405,11.374472,0.758298,0.0,20274.048952,229.006042,0.0,0.0,0.189575,0.0,0.0,0.0,8.151705,0.189575,0.0,16.492985,0.189575,0.0,5.308087,0.189575,3.033193,0.189575,0.0,30.142352,0.0,0.189575,0.0,0.0,0.0,0.758298,44.360442,0.189575,0.947873,0.0,2539.350935,0.0,0.189575,0.0,0.0,0.189575,4409.503751,0.0,51.753849,0.0,0.0,150444.836653,0.0,0.379149,0.379149,0.0,13.838941,0.189575,0.0,4.928938,0.379149,0.189575,846.639886,0.0,42567.82503,0.568724,0.0,0.379149,77.156837,61138.16761,0.0,0.0,537.822964,0.0,358.485451,0.0,0.0,0.379149,0.0,0.189575,3.601916,0.0,0.0,0.0,0.0,0.0,0.0,0.0,0.0,0.0,0.0,26725.839199,0.0,0.0,0.0,1.137447,2.843618,0.568724,0.0,1.327022,0.947873,0.0,0.0,70.711303,12.891069,2320.581918,0.0
TCGA-HT-8012,0.0,0.77598,0.0,10121.440884,295.980977,0.0,0.554271,0.332563,0.0,0.221709,0.0,20.397191,0.886834,0.0,15.408748,0.110854,0.221709,17.736688,0.110854,3.658192,0.0,0.0,19.399502,0.110854,0.221709,0.0,0.0,0.0,0.554271,15.076185,0.443417,0.221709,0.0,1605.83537,0.0,0.0,0.0,0.0,0.221709,8461.730325,0.0,53.542626,0.0,0.0,239370.901855,0.221709,0.110854,0.221709,0.0,30.484932,0.0,0.0,0.554271,1.662814,0.110854,1003.120549,0.0,16057.356014,0.665126,0.0,0.110854,401.292561,29132.287977,0.0,0.0,341.985511,0.221709,363.047828,0.110854,0.0,0.221709,0.0,0.0,0.77598,0.221709,1.55196,0.0,0.332563,0.0,0.997689,0.0,0.0,0.0,0.0,5557.3477,0.110854,0.0,0.0,0.221709,0.886834,0.554271,0.0,1.108543,0.886834,0.0,0.0,37.025336,38.909859,1543.4244,0.0
TCGA-HW-A5KK,8.087215,0.0,0.0,8046.442181,485.906848,0.336967,1.010902,0.336967,0.0,0.0,0.0,34.033697,1.684837,0.0,53.914768,0.0,0.0,18.196234,0.673935,14.152627,0.0,0.0,12.130823,0.0,0.0,0.0,0.0,0.336967,0.673935,40.099109,0.0,1.010902,0.0,1911.952466,0.0,0.0,0.0,0.0,0.336967,4395.064507,0.0,50.208128,0.336967,0.0,190895.682674,0.0,0.0,0.336967,0.0,20.555005,0.0,0.0,9.772052,0.336967,0.0,2700.45595,0.0,9874.826757,0.673935,0.336967,0.336967,11.119921,32030.089832,0.0,0.0,199.82161,0.0,372.348868,0.0,0.0,0.0,0.0,0.0,1.347869,0.0,0.336967,0.0,0.0,0.0,0.336967,0.0,0.336967,0.0,0.0,11137.443234,0.336967,0.0,0.0,0.673935,0.673935,0.336967,0.0,1.010902,1.010902,0.0,0.0,74.469774,38.414272,1848.265646,0.336967
TCGA-S9-A7IY,0.0,0.0,0.0,12262.740379,286.562038,0.0,0.42297,0.0,0.0,0.0,0.0,14.592458,0.211485,0.0,16.707307,0.211485,0.211485,3.806728,0.42297,1.268909,0.0,0.0,7.613456,0.0,0.0,0.0,0.0,0.0,0.42297,42.085495,0.211485,0.0,0.0,1045.58134,0.211485,0.0,0.0,0.0,0.0,3459.469977,0.0,24.955218,0.0,0.211485,252508.951098,0.0,0.42297,0.0,0.0,3.383758,0.0,0.0,1.057424,1.057424,0.0,797.298069,0.0,7607.534784,0.42297,0.0,1.268909,60.273196,38666.630009,0.0,0.211485,134.292911,0.0,259.914941,0.0,0.0,0.211485,0.0,0.0,0.634455,0.0,0.0,0.0,0.0,0.0,0.211485,0.0,0.0,0.0,0.0,6229.710668,0.211485,0.0,0.0,0.0,0.0,0.211485,0.0,0.42297,4.864153,0.0,0.0,35.529463,6.767517,1023.798396,0.0
TCGA-S9-A7R8,0.0,0.141954,0.0,12445.656541,376.603404,0.0,0.141954,0.0,0.0,0.0,0.141954,7.665505,0.851723,0.0,25.267775,0.0,0.283908,4.400567,0.0,9.36895,0.141954,0.0,6.671828,0.0,0.0,0.0,0.0,0.141954,0.425861,19.163762,0.141954,0.425861,0.0,1757.955729,0.0,0.0,0.0,0.141954,0.0,5002.025681,0.0,22.85456,0.283908,0.0,255964.827258,0.709769,0.0,0.141954,0.0,6.387921,0.141954,0.0,0.425861,1.277584,0.0,1049.60632,0.0,7671.7506,0.141954,0.0,0.709769,22.144791,8018.969569,0.0,0.0,63.737251,0.0,308.749492,0.0,0.0,0.141954,0.0,0.0,0.709769,0.0,0.283908,0.0,0.141954,0.0,0.851723,0.0,0.283908,0.0,0.0,9981.196801,0.0,0.0,0.0,0.425861,0.851723,0.283908,0.0,1.13563,0.567815,0.0,0.0,48.974057,5.394244,1727.293711,0.141954
TCGA-TM-A7C5,0.0,0.0,0.0,10953.202104,185.073461,0.0,0.622245,0.088892,0.0,0.0,0.0,30.756685,0.977814,0.0,9.955921,0.444461,0.088892,9.867029,0.533353,4.266823,0.0,0.0,9.955921,0.177784,0.088892,0.0,0.0,0.0,0.355569,20.889656,0.444461,0.177784,0.0,1324.226392,0.0,0.0,0.088892,0.0,0.088892,7564.899938,0.0,17.511754,0.0,0.0,249795.481381,0.088892,0.0,0.266676,0.0,62.402291,0.0,0.088892,0.088892,3.555686,0.0,1276.313522,0.0,12292.006809,0.355569,0.0,0.177784,826.963692,22779.147359,0.088892,0.088892,176.539814,0.0,325.167493,0.0,0.0,0.177784,0.088892,0.0,0.444461,0.0,0.355569,0.0,0.177784,0.177784,1.333382,0.0,0.0,0.0,0.0,4518.476989,0.088892,0.0,0.0,0.355569,0.533353,0.0,0.0,0.088892,0.355569,0.0,0.0,71.558183,29.067734,1247.33468,0.0
TCGA-HT-8111,0.269721,0.404582,0.134861,14961.447368,191.906793,0.134861,0.134861,0.134861,0.0,0.0,0.0,19.419943,1.348607,0.0,25.623535,0.674304,0.539443,18.8805,1.078886,7.012757,0.134861,0.0,44.369174,0.134861,0.269721,0.0,0.0,0.404582,0.674304,28.590471,0.539443,0.809164,0.0,2125.135097,0.134861,0.0,0.404582,0.134861,0.539443,9947.460964,0.0,115.980212,0.134861,0.0,152088.22372,0.0,0.134861,0.269721,0.0,12.407185,0.539443,0.0,9.709971,1.483468,0.404582,3018.991895,0.0,22880.468366,1.078886,0.134861,0.809164,77.140327,39033.140402,0.0,0.0,356.302001,0.134861,433.037746,0.134861,0.0,0.269721,0.269721,0.134861,2.832075,0.0,0.674304,0.0,0.134861,0.134861,0.539443,0.0,0.0,0.0,0.0,17145.651457,0.269721,0.0,0.0,0.404582,1.483468,0.134861,0.0,8.496225,4.180682,0.0,0.0,210.922153,65.002863,1855.143952,0.134861
TCGA-HT-8108,0.059335,0.23734,0.0,6577.706797,285.876321,0.059335,0.11867,0.0,0.0,0.178005,0.11867,15.961131,0.830691,0.0,12.994378,0.11867,0.47468,13.884404,0.35601,6.111511,0.059335,0.0,18.512539,0.11867,0.0,0.0,0.0,0.0,0.47468,14.952435,0.23734,0.47468,0.0,1671.468653,0.178005,0.0,0.11867,0.0,0.0,6480.278628,0.0,28.243489,0.059335,0.0,255376.260826,0.11867,0.11867,0.059335,0.0,12.757038,0.11867,0.0,0.712021,0.11867,0.059335,734.805389,0.0,13159.092368,0.35601,0.11867,0.47468,251.699326,23687.505496,0.0,0.0,180.081908,0.0,303.617504,0.059335,0.0,0.23734,0.11867,0.0,0.534016,0.059335,0.296675,0.0,0.178005,0.0,0.296675,0.0,0.0,0.0,0.0,5103.40855,0.059335,0.0,0.0,1.127366,1.483377,0.11867,0.0,0.593351,1.305371,0.0,0.0,53.164214,29.133515,1592.315682,0.0
TCGA-DU-A6S8,0.0,0.337869,0.0,6674.611856,267.480016,0.0,0.337869,0.337869,0.0,0.0,0.0,9.347723,0.337869,0.0,16.780852,0.112623,0.0,15.204127,0.225246,2.365086,0.0,0.112623,10.811824,0.0,0.112623,0.0,0.0,0.0,0.112623,15.204127,0.450493,0.112623,0.0,956.283291,0.225246,0.0,0.0,0.0,0.225246,3143.763019,0.0,21.285778,0.0,0.0,255386.315475,0.112623,0.0,0.0,0.0,26.241197,0.225246,0.0,1.126232,2.027217,0.0,1564.561004,0.0,15879.753599,0.225246,0.0,0.225246,132.557465,16492.310991,0.0,0.0,278.742333,0.0,161.163749,0.0,0.0,0.0,0.112623,0.0,0.0,0.112623,0.112623,0.0,0.225246,0.0,0.112623,0.0,0.0,0.112623,0.0,5723.734476,0.0,0.0,0.0,0.225246,0.225246,0.225246,0.0,0.563116,1.013608,0.0,0.0,29.282023,26.916936,898.507608,0.0
TCGA-DU-6401,0.061889,0.123777,0.0,12501.452063,347.752509,0.061889,0.0,0.0,0.0,0.0,0.0,16.338612,0.742664,0.0,23.270145,0.495109,0.556998,2.413659,0.185666,3.465766,0.123777,0.0,9.40708,0.0,0.061889,0.123777,0.0,0.061889,0.123777,7.240976,0.556998,0.061889,0.0,2778.801864,0.123777,0.0,0.0,0.0,0.123777,4840.994667,0.0,18.628494,0.0,0.0,229603.609794,0.123777,0.185666,0.061889,0.061889,5.322427,0.0,0.0,0.123777,0.556998,0.061889,989.414374,0.0,12330.391744,0.556998,0.0,0.495109,15.348393,24934.702798,0.061889,0.0,71.357651,0.0,447.021957,0.0,0.0,0.371332,0.309443,0.185666,0.556998,0.247555,0.185666,0.0,0.0,0.061889,2.537436,0.0,0.371332,0.0,0.0,9385.2331,0.123777,0.0,0.0,0.433221,1.732883,0.061889,0.0,0.556998,1.175885,0.0,0.0,55.761703,3.837098,2718.274732,0.0
TCGA-FG-A70Z,68.857624,0.147132,0.0,14387.418005,241.884474,0.294263,0.441395,0.0,0.0,0.0,0.0,35.311602,3.678292,0.0,26.630833,0.0,0.0,55.910037,0.588527,3.53116,0.0,0.147132,18.538591,0.147132,0.147132,0.0,0.0,0.147132,0.294263,37.665709,0.0,0.0,0.0,1537.673139,0.0,0.0,0.0,0.0,0.294263,3847.051915,0.0,35.752997,0.0,0.0,183836.467263,0.0,0.0,0.294263,0.0,20.745566,0.0,0.0,3.089765,1.912712,0.147132,1037.719706,0.0,19550.415625,1.177053,0.0,0.0,525.260081,31516.929044,0.0,0.0,602.651342,0.0,312.507678,0.147132,0.147132,0.0,0.294263,0.0,0.88279,0.147132,0.294263,0.0,0.147132,0.0,0.0,0.0,0.0,0.0,0.147132,12284.612101,0.0,0.0,0.0,2.501238,1.324185,0.441395,0.0,1.324185,4.708214,0.0,0.0,61.059645,131.829981,1467.049935,0.0
TCGA-P5-A736,0.0,0.932626,0.0,4310.598084,1790.642216,0.0,0.0,0.0,0.0,0.0,0.0,8.393635,0.0,0.0,67.149083,0.0,0.932626,6.528383,2.797878,54.092317,0.0,0.0,62.485952,0.0,0.0,0.0,0.0,0.932626,3.730505,70.879588,2.797878,3.730505,0.0,5388.713918,2.797878,0.0,0.0,0.0,0.0,1692.71647,0.0,51.294438,0.0,0.0,169701.58761,0.932626,1.865252,0.0,0.0,39.170298,0.0,0.0,3.730505,0.0,0.932626,423.412274,0.0,14910.82695,0.0,0.0,2.797878,56.890195,115448.858979,0.0,0.0,360.926322,0.0,1046.406545,0.0,0.932626,0.0,0.0,0.0,0.932626,0.0,4.663131,0.0,0.932626,0.932626,0.0,0.0,0.932626,0.0,0.0,12579.261565,0.0,0.0,0.0,0.932626,5.595757,0.0,0.0,13.056766,5.595757,0.0,0.0,33.574542,4.663131,5501.561682,0.0
TCGA-DU-A6S6,0.0,0.197515,0.049379,7492.625908,250.498169,0.0,1.431982,0.0,0.0,0.0,0.049379,6.517989,0.39503,0.049379,16.838138,0.148136,0.543166,36.787135,0.0,2.66645,0.049379,0.0,15.406156,0.0,0.049379,0.0,0.0,0.0,0.790059,24.886867,0.0,0.098757,0.0,1214.222351,0.098757,0.0,0.0,0.0,0.148136,5039.195581,0.0,44.095183,0.0,0.0,271772.144929,0.049379,0.098757,0.049379,0.049379,18.270121,0.098757,0.0,1.234468,0.345651,0.0,659.847632,0.0,11226.594185,0.197515,0.0,0.148136,286.742139,18650.287421,0.098757,0.0,552.350192,0.246894,260.472668,0.0,0.0,0.246894,0.049379,0.0,0.345651,0.197515,0.049379,0.0,0.148136,0.049379,0.39503,0.0,0.049379,0.0,0.0,7018.985371,0.098757,0.0,0.0,1.283846,0.345651,0.049379,0.0,0.493787,0.888817,0.0,0.0,21.677251,52.094534,1168.300155,0.049379
TCGA-P5-A781,0.0,0.165616,0.0,6477.739633,175.718604,0.0,0.331232,0.165616,0.0,0.165616,0.0,11.427506,0.82808,0.0,17.555299,0.165616,0.0,25.670484,0.331232,3.477937,0.0,0.0,9.60573,0.0,0.0,0.0,0.0,0.0,0.496848,19.542691,0.165616,0.0,0.0,975.478394,0.331232,0.0,0.0,0.0,0.165616,3196.22369,0.0,39.913462,0.0,0.0,266781.085259,0.0,0.331232,0.0,0.0,16.064755,0.0,0.0,1.324928,0.331232,0.0,938.711636,0.0,9643.324357,0.165616,0.0,0.331232,69.393115,29144.445826,0.0,0.0,352.430904,0.0,215.963298,0.0,0.0,0.165616,0.165616,0.165616,0.993696,0.0,0.496848,0.0,0.0,0.0,0.662464,0.0,0.0,0.0,0.0,6373.070304,0.0,0.0,0.0,0.82808,0.331232,0.0,0.165616,0.496848,1.324928,0.0,0.0,29.976501,54.487673,964.216505,0.0
TCGA-HT-7686,3.572276,0.324752,0.162376,13096.612687,210.114769,0.0,0.0,0.162376,0.0,0.0,0.0,7.306928,4.059404,0.162376,7.956433,0.162376,0.162376,11.853461,1.461386,8.118809,0.0,0.0,30.851473,0.0,0.0,0.0,0.0,0.649505,0.0,28.091078,1.461386,0.974257,0.0,1515.94396,0.162376,0.0,0.0,0.0,0.0,8574.760994,0.0,61.702946,0.0,0.0,161900.898898,0.324752,0.0,0.324752,0.0,9.255442,0.811881,0.0,5.845542,0.487129,0.162376,1312.811366,0.0,15828.916566,0.974257,0.0,0.487129,101.322733,33179.785011,0.0,0.0,476.086942,0.0,326.863238,0.0,0.0,0.0,0.324752,0.0,1.786138,0.0,0.324752,0.0,0.0,0.162376,0.974257,0.0,0.0,0.324752,0.0,13177.313645,0.162376,0.0,0.0,3.247523,0.324752,0.487129,0.0,3.085147,6.170295,0.0,0.0,115.774212,56.994037,1398.708362,0.324752
TCGA-S9-A6WD,0.0,0.167026,0.0,11820.270556,193.416232,0.0,0.167026,0.167026,0.0,0.0,0.0,16.869637,1.002157,0.0,23.717707,0.501078,0.0,7.516175,0.0,3.674574,0.334052,0.0,8.518331,0.0,0.167026,0.0,0.0,0.0,0.334052,22.548524,0.0,0.334052,0.0,1978.591262,0.0,0.0,0.167026,0.0,0.0,6230.74189,0.0,30.89983,0.0,0.0,237879.416504,0.167026,0.334052,0.167026,0.0,23.216629,0.167026,0.0,1.336209,1.503235,0.0,1205.761465,0.0,12653.062724,0.0,0.0,0.334052,376.810897,26272.538503,0.0,0.0,57.791033,0.0,313.842055,0.0,0.0,0.167026,0.334052,0.0,0.501078,0.0,0.0,0.0,0.0,0.0,0.334052,0.0,0.167026,0.0,0.0,13597.929411,0.0,0.0,0.0,0.501078,1.503235,0.0,0.0,1.670261,0.167026,0.0,0.0,42.758683,13.529115,1895.913339,0.334052
TCGA-HT-7695,0.0,0.0,0.0,20496.191549,184.248368,0.0,0.616903,0.0,0.0,0.0,0.0,15.216941,1.028172,0.0,15.833844,0.0,0.0,57.783249,0.205634,2.056343,0.0,0.0,38.659256,0.205634,0.205634,0.0,0.0,0.0,0.822537,15.422575,0.205634,0.0,0.0,1449.92773,0.205634,0.0,0.0,0.0,0.205634,6889.367286,0.0,74.645265,0.0,0.0,196707.13619,0.0,0.205634,0.0,0.205634,22.414143,0.0,0.0,1.028172,1.43944,0.205634,1427.102318,0.0,16834.049592,0.411269,0.0,1.028172,41.949405,23712.518258,0.205634,0.0,488.587191,0.0,304.750092,0.0,0.0,0.616903,0.616903,0.205634,1.43944,0.205634,0.205634,0.0,0.0,0.0,0.0,0.0,0.0,0.0,0.0,9580.298256,0.0,0.0,0.0,0.616903,0.822537,0.0,0.0,0.616903,0.616903,0.0,0.0,107.341125,170.676502,1314.825969,0.411269
TCGA-E1-5303,0.36982,0.18491,0.0,5450.40952,312.128215,0.0,0.0,0.18491,0.0,0.0,0.0,14.792806,0.92455,0.0,18.860828,0.55473,0.36982,4.437842,0.0,6.102033,0.0,0.0,12.204065,0.0,0.18491,0.0,0.0,0.18491,0.55473,44.193509,1.10946,0.18491,0.0,1041.043751,0.36982,0.0,0.0,0.0,0.18491,2287.707511,0.0,20.894839,0.0,0.0,267505.529736,0.0,0.18491,0.0,0.18491,14.422986,0.0,0.0,1.479281,0.18491,0.18491,594.855728,0.0,9174.498533,0.18491,0.0,1.10946,29.030883,19804.424307,0.0,0.0,195.634865,0.0,198.778336,0.0,0.0,0.36982,0.0,0.0,1.10946,0.0,0.18491,0.0,0.36982,0.0,0.36982,0.0,0.0,0.0,0.18491,3810.44202,0.0,0.0,0.18491,1.10946,0.92455,0.0,0.0,1.479281,0.73964,0.0,0.0,27.181782,6.656763,1011.273228,0.36982
TCGA-P5-A72U,22.116373,0.0,0.0,8159.835914,548.264893,0.221164,0.0,0.442327,0.0,0.0,0.0,24.991502,0.442327,0.0,25.433829,0.0,0.0,5.086766,4.202111,7.298403,0.0,0.0,18.35659,0.221164,0.0,0.0,0.221164,0.0,0.663491,23.885683,0.221164,0.442327,0.0,1781.252702,0.442327,0.0,0.0,0.0,0.0,4445.833353,0.0,24.328011,0.0,0.0,133242.744668,0.0,0.221164,0.0,0.0,23.443356,0.0,0.0,3.317456,2.653965,0.0,1503.028727,0.0,10774.654725,0.221164,0.0,0.663491,66.570284,115673.276587,0.0,0.0,163.882326,0.0,278.223976,0.0,0.0,0.221164,0.221164,0.0,1.548146,0.0,0.221164,0.442327,0.221164,0.663491,0.0,0.0,0.663491,0.0,0.0,14084.369983,0.0,0.0,0.0,25.654993,1.105819,0.221164,0.0,0.884655,12.385169,0.0,0.0,85.811528,16.808444,1690.133245,0.0
TCGA-R8-A6ML,0.0,0.080825,0.0,6023.963949,158.821016,0.0,0.0,0.0,0.0,0.0,0.0,14.22519,0.0,0.0,7.51672,0.0,0.080825,2.263098,0.080825,2.263098,0.0,0.0,7.920845,0.080825,0.0,0.0,0.080825,0.0,0.48495,25.540683,0.242475,0.242475,0.0,1007.321285,0.0,0.0,0.080825,0.0,0.0,5354.814233,0.0,24.570783,0.0,0.0,276093.161418,0.0,0.080825,0.16165,0.0,21.74191,0.16165,0.0,0.6466,0.565775,0.0,775.030394,0.0,12195.271773,0.3233,0.0,0.242475,134.169408,19217.181314,0.0,0.0,113.397397,0.0,175.22848,0.0,0.080825,0.080825,0.0,0.0,0.565775,0.0,0.16165,0.0,0.080825,0.0,0.404125,0.0,0.080825,0.0,0.0,4190.93503,0.080825,0.0,0.0,0.242475,0.48495,0.080825,0.0,0.242475,0.080825,0.0,0.0,30.875129,3.960422,980.568228,0.080825
TCGA-HT-7854,0.0,0.199783,0.199783,14762.773533,296.87771,0.199783,0.199783,0.199783,0.0,0.0,0.0,14.783951,1.198699,0.0,31.166166,0.0,0.399566,21.77636,1.198699,7.791542,0.0,0.0,59.335585,0.0,0.0,0.0,0.199783,0.0,0.399566,37.559226,0.399566,0.0,0.0,1423.654481,0.199783,0.0,0.0,0.0,0.0,4823.363756,0.0,77.116283,0.0,0.0,153142.348666,0.998916,0.199783,0.199783,0.0,14.983734,0.0,0.0,5.593927,1.598265,0.0,1830.412904,0.0,28744.395085,0.799132,0.199783,0.199783,13.984818,70412.560125,0.199783,0.0,370.198113,0.0,379.787702,0.0,0.0,0.0,0.0,0.199783,1.398482,0.0,0.0,0.0,0.0,0.0,0.0,0.0,0.0,0.399566,0.0,11731.264539,0.599349,0.0,0.0,0.199783,1.198699,0.199783,0.199783,5.394144,1.198699,0.0,0.0,130.857941,63.730814,1334.151645,0.399566
TCGA-FG-8189,0.0,0.0,0.0,5046.616244,571.278187,0.0,12.00047,0.558161,0.0,0.0,0.0,15.349438,1.395403,0.0,41.583024,0.0,0.279081,96.841002,0.837242,6.977017,0.0,0.0,24.280021,0.0,0.0,0.0,0.0,0.0,1.116323,42.141185,0.0,0.279081,0.0,1467.406305,1.395403,0.0,0.0,0.0,0.279081,2585.124497,0.0,125.028152,0.0,0.0,221316.295271,0.558161,0.0,0.279081,0.0,20.651972,0.558161,0.0,1.395403,0.837242,0.0,1854.770312,0.0,3921.921035,0.558161,0.0,1.116323,44.931992,29222.818866,0.0,0.279081,1148.97523,0.0,555.928748,0.0,0.0,0.279081,0.0,0.0,0.0,0.558161,0.558161,0.0,0.279081,0.279081,0.0,0.0,0.0,0.0,0.0,3342.828589,0.279081,0.0,0.0,0.558161,0.279081,0.558161,0.0,1.116323,7.535179,0.0,0.0,76.468111,174.983597,1415.776376,0.0
TCGA-HT-7610,0.0,0.955877,0.0,8476.720245,437.15457,0.159313,1.911755,0.0,0.0,0.0,0.0,18.161669,1.274503,0.159313,15.771976,0.159313,1.433816,76.6295,0.318626,5.894577,0.159313,0.0,69.938359,0.159313,0.0,0.159313,0.0,0.0,1.593129,13.860221,0.159313,0.477939,0.0,2098.469385,0.477939,0.0,0.0,0.0,0.477939,6835.31954,0.0,111.041084,0.159313,0.0,222697.753497,0.0,0.0,0.318626,0.0,19.436173,0.0,0.159313,1.433816,1.433816,0.0,1260.961523,0.0,12241.921084,0.159313,0.159313,0.637252,243.748722,25510.613743,0.318626,0.0,879.566465,0.0,386.174445,0.0,0.159313,0.637252,0.159313,0.159313,0.318626,0.318626,0.477939,0.0,0.0,0.159313,0.0,0.0,0.159313,0.159313,0.0,4816.665913,0.0,0.0,0.0,0.955877,1.752442,0.0,0.0,1.433816,2.549006,0.0,0.0,103.07544,120.121919,2029.964843,0.0
TCGA-S9-A6U2,0.0,0.126809,0.0,8463.586908,146.463942,0.126809,0.0,0.0,0.0,0.0,0.0,19.274908,0.253617,0.0,8.876603,0.0,0.380426,4.945536,0.0,2.282555,0.0,0.0,7.481708,0.253617,0.0,0.0,0.0,0.0,0.380426,23.586401,0.126809,0.380426,0.0,1079.141252,0.0,0.0,0.0,0.0,0.0,4319.862032,0.0,26.629808,0.0,0.126809,266411.950443,0.0,0.0,0.126809,0.0,9.383837,0.0,0.0,0.760852,1.141277,0.0,914.924105,0.0,10304.721084,0.253617,0.0,0.126809,145.829899,23814.910156,0.0,0.0,95.106456,0.126809,145.195856,0.0,0.0,0.126809,0.0,0.0,1.394895,0.0,0.380426,0.0,0.253617,0.126809,0.380426,0.0,0.126809,0.0,0.0,5672.65626,0.0,0.0,0.0,2.536172,0.253617,0.126809,0.0,0.507234,1.394895,0.0,0.0,34.365133,12.934478,1027.149723,0.0
TCGA-DU-7302,4.293201,0.402488,0.0,12078.92084,184.07099,0.0,0.402488,0.0,0.0,0.0,0.0,13.28209,1.878275,0.0,9.123052,0.134163,0.0,35.687233,0.53665,4.159038,0.0,0.0,32.601495,0.268325,0.0,0.0,0.0,0.0,0.134163,10.196352,0.134163,0.670813,0.0,1641.210221,0.0,0.0,0.0,0.0,0.134163,6546.863106,0.0,48.298511,0.0,0.134163,238983.847636,0.0,0.0,0.0,0.0,15.294528,0.0,0.0,0.939138,0.53665,0.268325,2206.973607,0.0,19930.782868,0.53665,0.268325,0.134163,557.579472,16043.423581,0.134163,0.134163,336.077136,0.0,245.785754,0.0,0.0,0.402488,0.0,0.134163,0.268325,0.134163,0.402488,0.0,0.402488,0.402488,0.53665,0.0,0.0,0.0,0.0,6794.527135,0.0,0.0,0.0,0.134163,0.804975,0.268325,0.0,1.60995,0.402488,0.0,0.0,53.933337,85.729856,1559.639403,0.0
TCGA-P5-A77X,0.0,0.10467,0.0,7482.123938,201.489705,0.0,1.0467,0.0,0.10467,0.0,0.0,9.106288,1.0467,0.0,24.597445,0.10467,0.0,44.48474,0.0,1.46538,0.0,0.0,16.851866,0.10467,0.0,0.0,0.10467,0.0,0.83736,15.805166,0.31401,0.10467,0.0,1401.949667,0.10467,0.0,0.10467,0.0,0.0,5149.762849,0.0,32.761703,0.0,0.0,260417.227087,0.10467,0.0,0.20934,0.0,17.793896,0.0,0.0,0.83736,0.52335,0.10467,692.601235,0.0,12193.214915,0.52335,0.0,0.31401,253.092003,16935.288206,0.0,0.0,509.324106,0.0,243.881046,0.0,0.0,0.41868,0.0,0.0,0.62802,0.31401,0.0,0.0,0.20934,0.0,0.52335,0.0,0.0,0.0,0.0,4249.39171,0.10467,0.0,0.0,0.52335,0.73269,0.0,0.0,0.62802,1.0467,0.0,0.0,27.214194,80.281872,1352.545438,0.10467
TCGA-DB-A75P,6.438449,0.0,0.0,13020.5031,612.352472,0.139966,3.359191,0.279933,0.0,0.0,0.0,55.846545,3.499157,0.0,30.372683,0.419899,0.139966,97.276564,0.699831,5.738617,0.139966,0.0,20.435077,0.0,0.0,0.0,0.0,0.0,0.419899,30.792581,0.559865,1.539629,0.0,2896.742117,0.139966,0.139966,0.279933,0.0,0.419899,3249.737073,0.0,82.300172,0.139966,0.0,152943.812777,0.0,0.279933,0.0,0.139966,20.854976,0.419899,0.0,8.25801,3.079258,0.0,3315.241292,0.0,13406.250166,0.419899,0.0,1.11973,36.1113,61650.947054,0.139966,0.0,458.669497,0.139966,452.650947,0.0,0.0,0.139966,0.0,0.0,1.539629,0.0,0.279933,0.0,0.0,0.559865,0.279933,0.0,0.139966,0.139966,0.139966,19809.427513,0.139966,0.0,0.139966,4.198988,0.419899,0.139966,0.0,2.659359,12.456999,0.0,0.0,166.000007,189.23441,2794.426767,0.279933
TCGA-TM-A84O,4.356297,0.114639,0.229279,13952.876784,254.270203,0.0,0.458558,0.114639,0.0,0.0,0.0,16.966632,0.687836,0.0,24.762112,0.0,0.114639,13.52745,0.0,5.84661,0.0,0.0,18.227666,0.343918,0.0,0.0,0.0,0.343918,0.114639,31.755116,1.031755,0.458558,0.0,1253.123351,0.114639,0.0,0.0,0.0,0.114639,5385.186112,0.0,38.862759,0.0,0.114639,210616.319791,0.0,0.0,0.0,0.0,28.774491,0.0,0.0,2.063509,1.94887,0.0,1344.376318,0.0,13996.09584,0.343918,0.114639,0.687836,104.551139,34326.477438,0.0,0.0,269.975802,0.0,298.979572,0.0,0.229279,0.0,0.0,0.0,1.261033,0.114639,0.0,0.0,0.114639,0.229279,0.114639,0.0,0.343918,0.0,0.0,8178.719166,0.0,0.0,0.0,2.980625,0.917115,0.343918,0.0,3.209903,4.585576,0.0,0.0,89.533376,32.557591,1225.839172,0.0
TCGA-HT-7882,35.493905,0.0,0.0,7990.010684,330.536987,0.277296,0.0,1.109185,0.0,0.0,0.0,16.637768,0.277296,0.277296,11.369141,0.0,2.218369,20.519914,6.377811,5.268626,0.0,0.0,58.509483,0.0,0.0,0.0,0.0,0.277296,0.831888,38.544162,1.386481,1.663777,0.0,1070.085765,0.0,0.0,0.0,0.0,0.554592,3305.369867,0.0,31.611759,0.0,0.0,33434.426259,0.0,0.0,0.277296,0.0,47.140342,0.277296,0.0,2.495665,3.882146,0.831888,1880.345056,0.554592,20164.974559,1.941073,0.0,2.495665,85.9618,41749.705304,0.0,0.0,2165.128182,0.0,493.032519,0.0,0.0,0.277296,0.554592,0.554592,1.109185,0.0,0.554592,0.277296,0.0,0.0,0.0,0.0,0.277296,0.277296,0.0,10423.006927,0.0,0.0,0.0,56.291114,0.831888,0.277296,0.0,0.0,17.19236,0.0,0.0,152.512871,94.835276,1012.962762,0.0
TCGA-DB-A64Q,0.0,0.0,0.0,5343.38536,123.884262,0.0,0.259715,0.0,0.0,0.0,0.0,9.479613,0.389573,0.0,21.556381,0.129858,0.0,4.025589,0.259715,1.818008,0.0,0.0,3.895732,0.0,0.0,0.0,0.0,0.129858,0.0,42.0739,0.129858,0.519431,0.0,692.920781,0.0,0.0,0.0,0.0,0.389573,3644.067268,0.0,14.284349,0.0,0.0,282397.292934,0.129858,0.0,0.0,0.0,23.89382,0.0,0.0,1.947866,0.0,0.0,957.960382,0.0,7945.08473,0.0,0.0,0.0,77.784773,19533.587439,0.0,0.0,75.057761,0.0,153.491822,0.0,0.0,0.259715,0.0,0.0,0.259715,0.0,0.519431,0.0,0.0,0.0,0.909004,0.0,0.0,0.0,0.129858,5288.974976,0.0,0.0,0.0,0.389573,0.259715,0.0,0.0,0.129858,1.168719,0.0,0.0,19.998088,9.479613,692.661065,0.0
TCGA-HW-A5KJ,0.0,0.215488,0.0,5779.180942,198.033755,0.215488,0.646465,0.0,0.0,0.0,0.0,55.811472,0.430977,0.215488,7.973067,0.646465,0.0,9.481486,0.861953,2.801348,0.0,0.0,7.326602,0.0,0.0,0.0,0.0,0.0,0.215488,7.326602,0.0,0.0,0.0,973.145201,0.0,0.0,0.0,0.0,0.0,2812.337912,0.0,12.282834,0.0,0.0,271990.420252,0.0,0.215488,0.0,0.215488,12.282834,0.0,0.0,0.215488,0.861953,0.0,2044.984046,0.0,7099.693295,0.0,0.0,0.430977,508.983384,17398.310529,0.0,0.0,165.279533,0.0,233.804815,0.0,0.0,0.0,0.0,0.0,0.0,0.0,0.861953,0.0,0.0,0.215488,5.818184,0.0,0.215488,0.0,0.0,2979.772328,0.0,0.0,0.0,0.861953,0.430977,0.215488,0.0,0.0,0.646465,0.0,0.0,30.383851,21.333343,964.094692,0.0
TCGA-F6-A8O3,0.0,0.0,0.21993,7555.579015,209.923014,0.21993,0.109965,0.0,0.0,0.0,0.0,13.635649,1.759439,0.0,9.786877,0.329895,1.539509,10.006807,0.109965,2.749123,0.0,0.0,13.525684,0.109965,0.0,0.0,0.0,0.0,0.0,13.195789,0.43986,0.0,0.0,1248.54159,0.109965,0.0,0.0,0.0,0.0,5234.769585,0.0,19.683719,0.0,0.0,268668.357927,0.109965,0.0,0.109965,0.0,54.762525,0.329895,0.0,1.319579,1.209614,0.0,447.887079,0.0,11266.564839,0.0,0.0,0.659789,237.964066,25537.810885,0.0,0.0,160.768699,0.0,316.698941,0.0,0.109965,0.21993,0.0,0.0,0.549825,0.0,0.43986,0.0,0.329895,0.109965,1.099649,0.0,0.109965,0.0,0.0,3888.359225,0.0,0.0,0.0,0.43986,0.109965,0.0,0.0,0.329895,1.649474,0.0,0.0,26.391578,22.762736,1211.373451,0.109965
TCGA-S9-A7R1,0.0,0.0,0.097477,6994.197171,242.523728,0.0,0.194955,0.097477,0.194955,0.0,0.0,14.231698,0.194955,0.097477,16.3762,0.0,0.38991,16.76611,0.487387,4.09405,0.0,0.0,6.725939,0.0,0.194955,0.0,0.0,0.097477,0.38991,20.47025,0.0,0.292432,0.0,1326.959612,0.292432,0.0,0.0,0.0,0.292432,3489.885259,0.0,23.784481,0.097477,0.0,252402.866225,0.097477,0.0,0.097477,0.097477,5.94612,0.097477,0.0,0.097477,1.072251,0.194955,1436.036804,0.0,5904.497509,0.0,0.0,0.292432,315.144379,20159.102584,0.0,0.0,240.671658,0.0,251.589125,0.0,0.097477,0.194955,0.0,0.0,1.072251,0.0,0.779819,0.0,0.194955,0.194955,0.487387,0.0,0.38991,0.0,0.0,4640.313331,0.0,0.0,0.0,0.682342,0.194955,0.097477,0.0,0.487387,0.487387,0.0,0.0,32.362491,26.708803,1310.583412,0.097477
TCGA-HT-8558,0.183603,0.183603,0.0,13060.590048,833.189817,0.0,4.039263,1.28522,0.0,0.0,0.0,20.747124,5.14088,0.0,51.408803,0.0,0.367206,164.324567,0.550809,11.199775,0.0,0.0,85.74254,0.0,0.367206,0.0,0.0,0.0,1.28522,23.317564,0.550809,0.550809,0.0,3031.650564,0.734411,0.367206,0.183603,0.0,1.468823,10421.849623,0.0,165.976993,0.0,0.0,112769.249017,0.918014,0.183603,0.183603,0.0,14.321024,0.367206,0.0,9.180143,1.652426,0.0,2793.517644,0.0,16534.723525,0.734411,0.0,1.468823,11.383378,27350.952109,0.550809,0.0,1336.996088,0.0,1023.035183,0.0,0.0,0.734411,0.183603,0.0,0.734411,0.550809,1.101617,0.183603,0.918014,0.918014,0.0,0.0,0.550809,0.0,0.0,23365.668247,0.550809,0.0,0.0,0.734411,1.28522,0.367206,0.0,0.734411,2.386837,0.0,0.0,176.075151,279.259963,2926.813326,0.550809
TCGA-CS-5394,0.0,0.0,0.0,2639.915698,120.697019,0.0,0.0,0.0,0.0,0.0,0.0,10.859416,0.0,0.0,15.667401,0.0,0.0,0.248689,0.082896,1.409237,0.0,0.0,6.631704,0.082896,0.082896,0.0,0.0,0.0,0.248689,23.874136,0.0,0.165793,0.0,528.215249,0.165793,0.0,0.0,0.0,0.0,1996.225897,0.0,4.4764,0.0,0.0,302180.819387,0.082896,0.0,0.0,0.165793,17.822705,0.0,0.0,0.165793,0.082896,0.082896,394.917992,0.0,4205.080814,0.165793,0.0,0.165793,79.580452,15890.060932,0.0,0.0,24.122824,0.0,168.44529,0.0,0.0,0.082896,0.0,0.0,0.331585,0.0,0.165793,0.0,0.165793,0.082896,4.144815,0.0,0.082896,0.0,0.0,1160.962738,0.082896,0.0,0.0,0.0,0.082896,0.0,0.0,0.082896,1.57503,0.0,0.0,8.040941,0.828963,511.967574,0.0
TCGA-DU-A7T6,0.736884,0.0,0.0,15261.12112,340.194955,0.0,0.982513,0.0,0.245628,0.0,0.0,41.511153,0.736884,0.0,51.581907,0.0,0.0,34.14231,0.736884,4.912563,0.245628,0.0,19.895878,0.0,0.491256,0.245628,0.245628,0.0,1.719397,50.353766,0.0,0.245628,0.0,1093.536419,0.245628,0.0,0.0,0.0,0.245628,5977.360456,0.245628,71.477785,0.0,0.0,186082.710359,0.245628,0.0,0.0,0.0,34.14231,0.0,0.0,0.736884,1.228141,0.245628,2232.759669,0.0,17547.182093,0.0,0.491256,0.245628,109.795772,14118.213448,0.0,0.0,941.492608,0.0,361.318974,0.0,0.0,0.736884,0.0,0.0,0.245628,0.982513,0.491256,0.0,1.965025,0.245628,0.736884,0.0,0.0,0.0,0.0,4744.061633,0.0,0.0,0.0,36.352963,1.228141,0.0,0.0,1.473769,2.456281,0.0,0.0,72.951554,62.389544,1023.532403,0.245628
TCGA-IK-8125,0.0,0.180645,0.0,10471.240128,179.92194,0.0,0.361289,0.0,0.0,0.0,0.0,17.703163,1.98709,0.0,20.77412,0.0,0.180645,41.18695,0.180645,3.070957,0.0,0.0,31.97408,0.0,0.0,0.0,0.0,0.0,0.541934,22.038631,0.0,0.0,0.0,1813.129027,0.0,0.0,0.0,0.0,0.361289,7700.695156,0.0,50.219176,0.180645,0.0,226139.659167,0.361289,0.0,0.180645,0.0,17.883807,0.180645,0.0,0.903223,0.722578,0.0,1347.788749,0.0,17014.726502,0.361289,0.0,0.541934,261.934551,19271.879754,0.361289,0.0,618.52683,0.0,266.811953,0.0,0.0,0.180645,0.0,0.0,0.903223,0.180645,0.361289,0.0,0.180645,0.180645,0.541934,0.0,0.180645,0.0,0.0,5019.93051,0.541934,0.0,0.0,0.722578,1.445156,0.0,0.0,1.083867,1.625801,0.0,0.0,66.115894,159.870398,1673.490814,0.0
TCGA-FG-A60K,0.0,0.0,0.0,3463.136599,152.615002,0.0,0.108314,0.0,0.0,0.0,0.0,22.529397,0.0,0.0,11.373013,0.0,0.108314,3.68269,0.216629,7.148751,0.0,0.0,5.632349,0.108314,0.0,0.0,0.0,0.0,0.108314,26.645345,0.0,0.433258,0.0,685.630209,0.108314,0.0,0.0,0.0,0.216629,2972.472326,0.0,10.181554,0.0,0.0,281208.143251,0.216629,0.0,0.108314,0.0,6.932122,0.0,0.108314,0.216629,0.216629,0.0,667.541703,0.0,5762.759816,0.108314,0.0,0.108314,128.677518,19722.320849,0.0,0.0,46.141938,0.0,154.239718,0.0,0.0,0.433258,0.0,0.0,0.433258,0.0,0.108314,0.0,0.216629,0.108314,0.108314,0.0,0.108314,0.108314,0.0,1948.684532,0.0,0.0,0.0,0.108314,1.083144,0.216629,0.0,0.216629,0.108314,0.0,0.0,55.348663,3.899319,649.236568,0.108314
TCGA-IK-7675,0.077593,0.0,0.465556,10547.166154,194.912686,0.0,0.077593,0.775926,0.077593,0.0,0.0,14.277044,0.853519,0.0,6.440188,0.310371,0.387963,4.267595,0.0,10.397412,0.077593,0.0,12.492413,0.310371,0.0,0.0,0.0,0.0,0.387963,18.622231,1.629445,0.155185,0.0,3513.549458,0.077593,0.0,0.0,0.0,0.077593,5732.698667,0.0,28.166125,0.077593,0.0,239893.366001,0.155185,0.0,0.310371,0.077593,6.129818,0.0,0.0,0.465556,0.155185,0.077593,1252.345043,0.0,17886.808182,0.698334,0.0,1.008704,46.865948,14040.696714,0.077593,0.0,140.597845,0.0,261.099199,0.077593,0.0,0.310371,0.387963,0.155185,0.698334,0.0,0.077593,0.077593,0.0,0.077593,2.095001,0.0,0.310371,0.0,0.0,4127.384751,0.077593,0.0,0.0,1.163889,0.775926,0.0,0.0,0.620741,1.086297,0.0,0.0,67.040032,14.432229,3467.769806,0.077593
TCGA-FG-A6J3,0.721537,0.180384,0.0,9840.502435,285.367896,0.0,0.541153,0.180384,0.180384,0.0,0.0,14.791509,0.180384,0.0,23.810722,0.721537,0.0,10.462287,0.180384,9.74075,0.0,0.0,10.823055,0.180384,0.0,0.180384,0.0,0.541153,0.721537,27.779176,3.607685,0.721537,0.0,2308.918504,0.0,0.0,0.0,0.0,0.0,4792.990123,0.0,28.500713,0.0,0.180384,179404.23048,0.0,0.0,0.180384,0.0,20.74419,0.0,0.0,1.443074,0.541153,0.180384,1120.186243,0.0,12296.253726,0.721537,0.0,0.360769,131.500124,17428.005486,0.0,0.180384,664.174839,0.0,429.675303,0.0,0.0,0.360769,0.901921,0.0,0.901921,0.180384,0.0,0.0,0.180384,0.0,0.541153,0.180384,0.0,0.0,0.0,7551.426199,0.0,0.0,0.0,0.541153,1.984227,0.360769,0.0,2.705764,7.21537,0.0,0.0,55.197583,21.285342,2200.327181,0.0
TCGA-VM-A8C8,0.0,0.0,0.0,11264.420211,293.393315,0.108223,0.0,0.32467,0.108223,0.108223,0.216447,9.956542,0.216447,0.0,17.315725,0.32467,0.32467,7.25096,0.0,6.709843,0.0,0.0,23.159782,0.216447,0.108223,0.0,0.0,0.108223,0.432893,30.086072,1.082233,0.432893,0.0,2380.695737,0.432893,0.0,0.0,0.0,0.108223,5635.510916,0.0,45.886671,0.0,0.108223,216835.949523,0.216447,0.108223,0.541116,0.0,9.090756,0.0,0.0,2.164466,0.432893,0.0,789.921729,0.0,19238.852677,0.216447,0.0,0.432893,16.774609,36911.065138,0.0,0.0,174.347706,0.32467,325.968523,0.0,0.0,0.32467,0.108223,0.108223,1.298679,0.108223,0.64934,0.0,0.32467,0.216447,0.541116,0.108223,0.0,0.0,0.0,13409.622089,0.0,0.0,0.0,0.64934,1.298679,0.32467,0.0,1.623349,1.839796,0.0,0.0,76.730306,15.367706,2267.277739,0.0
TCGA-QH-A65S,0.0,0.0,0.0,6080.588482,275.342285,0.0,0.226061,0.0,0.0,0.0,0.0,28.257624,0.226061,0.0,40.464917,0.0,0.226061,7.686074,0.0,10.172745,0.0,0.0,9.268501,0.0,0.0,0.0,0.0,0.0,0.0,37.978246,0.226061,1.582427,0.0,1127.818274,0.0,0.0,0.0,0.0,0.678183,5433.149809,0.0,23.736404,0.0,0.0,252579.977552,0.0,0.226061,0.0,0.0,6.103647,0.226061,0.0,2.486671,0.904244,0.0,1119.454017,0.0,8815.474327,0.0,0.0,0.678183,17.632757,22996.732288,0.0,0.0,118.682019,0.226061,312.642348,0.0,0.0,1.356366,0.226061,0.0,1.356366,0.0,0.452122,0.226061,0.0,0.0,0.452122,0.0,0.0,0.0,0.0,5956.933121,0.0,0.0,0.0,0.904244,1.130305,0.226061,0.0,1.356366,0.452122,0.0,0.0,112.352312,19.893367,1095.265492,0.452122
TCGA-DH-A7UU,0.107937,0.0,0.0,9458.641179,301.792297,0.0,0.107937,0.215874,0.0,0.0,0.215874,19.536626,1.619057,0.0,23.962049,0.215874,0.0,10.685779,0.107937,8.527036,0.0,0.0,7.339727,0.215874,0.107937,0.0,0.0,0.107937,0.0,14.031831,0.971434,0.107937,0.0,979.529718,0.107937,0.0,0.0,0.0,0.431749,3647.844225,0.0,17.701694,0.0,0.0,245248.984041,0.215874,0.0,0.107937,0.0,2.914303,0.0,0.0,0.431749,0.863497,0.215874,1143.054514,0.0,4101.28823,0.107937,0.0,0.647623,85.810041,15572.309801,0.0,0.0,119.054686,0.0,314.744756,0.0,0.0,0.215874,0.323811,0.0,0.323811,0.0,0.215874,0.0,0.0,0.0,0.647623,0.0,0.431749,0.0,0.0,4722.898329,0.0,0.0,0.107937,0.431749,0.971434,0.107937,0.0,0.647623,0.431749,0.0,0.0,37.454194,16.73026,953.085114,0.107937
TCGA-E1-A7Z6,0.0,0.352189,0.0,28502.436386,247.119415,0.117396,0.0,0.0,0.0,0.0,0.117396,23.831469,0.469586,0.117396,13.852775,0.0,0.117396,7.043784,0.0,3.874081,0.117396,0.0,12.561414,0.117396,0.234793,0.0,0.0,0.352189,0.117396,33.340577,0.352189,0.704378,0.0,2603.617288,0.234793,0.0,0.0,0.0,0.234793,3577.4204,0.0,58.815595,0.234793,0.0,179490.872958,0.117396,0.117396,0.117396,0.117396,3.287099,0.234793,0.0,1.29136,1.64355,0.0,1856.624015,0.0,20075.957817,0.234793,0.0,0.352189,255.571956,50436.896561,0.0,0.0,76.659847,0.117396,259.446037,0.0,0.0,0.234793,0.0,0.0,1.760946,0.0,0.0,0.0,0.234793,0.0,0.117396,0.0,0.117396,0.0,0.117396,27322.133013,0.0,0.0,0.0,0.821775,0.352189,0.0,0.0,3.874081,0.704378,0.0,0.0,85.34718,12.913604,2438.205765,0.0
TCGA-CS-4943,0.114556,0.229111,0.0,2559.399912,291.314742,0.0,0.229111,0.0,0.0,0.0,0.0,15.579554,1.603778,0.0,11.913776,0.114556,0.0,4.811333,0.114556,5.498666,0.0,0.0,10.997332,0.0,0.0,0.0,0.0,0.0,0.229111,13.402998,0.343667,0.458222,0.0,691.45725,0.114556,0.0,0.0,0.0,0.114556,2264.533948,0.0,10.424554,0.0,0.0,274694.680843,0.114556,0.0,0.229111,0.0,3.665777,0.114556,0.0,0.229111,0.229111,0.0,448.714057,0.0,4337.874697,0.572778,0.0,0.229111,27.264219,8443.659866,0.0,0.0,95.768433,0.0,257.177191,0.0,0.0,0.114556,0.0,0.0,0.801889,0.0,0.114556,0.0,0.114556,0.114556,0.572778,0.0,0.0,0.0,0.114556,2126.838187,0.0,0.0,0.0,0.343667,0.458222,0.0,0.0,0.458222,0.229111,0.0,0.0,16.610554,7.331555,664.880364,0.0
TCGA-DB-5279,0.122542,0.0,0.0,12830.463867,233.687778,0.0,0.428897,0.061271,0.0,0.0,0.0,6.739815,0.490168,0.061271,27.326888,0.0,0.306355,11.151331,0.490168,2.389571,0.0,0.0,11.09006,0.0,0.245084,0.0,0.0,0.061271,0.61271,17.891146,0.306355,0.857795,0.0,831.754481,0.0,0.0,0.306355,0.0,0.0,2257.899401,0.061271,50.487344,0.0,0.061271,231597.455095,0.245084,0.122542,0.0,0.061271,19.30038,0.245084,0.0,1.531776,0.428897,0.183813,1825.570884,0.0,24442.675481,0.245084,0.0,0.183813,90.00717,28946.771512,0.122542,0.0,275.107007,0.0,229.888973,0.061271,0.122542,0.0,0.061271,0.061271,2.450842,0.0,0.122542,0.122542,0.0,0.061271,0.428897,0.0,0.061271,0.0,0.0,7130.479516,0.0,0.0,0.061271,1.041608,0.183813,0.367626,0.0,0.735253,0.245084,0.0,0.0,46.443455,32.963824,762.456925,0.0
TCGA-HT-8019,0.0,0.517136,0.0,8524.981661,689.600427,0.0,4.395653,0.258568,0.775704,0.0,0.258568,24.046809,4.912789,0.0,96.704372,0.0,3.61995,234.52103,0.517136,3.102814,0.0,0.0,177.636106,0.0,0.0,0.0,0.0,0.258568,2.327111,19.651156,0.775704,0.775704,0.0,3294.929976,1.034271,0.258568,0.0,0.0,0.517136,4792.813469,0.0,258.309271,0.0,0.258568,100131.171465,1.034271,0.258568,1.292839,0.0,26.37392,1.034271,0.0,5.688492,4.137085,0.0,2347.278845,0.0,10278.847315,0.775704,0.258568,1.034271,22.236834,39851.251093,0.258568,0.0,2712.89377,0.775704,1205.443267,0.258568,0.517136,1.551407,0.0,0.258568,1.034271,1.551407,0.258568,0.0,0.517136,0.0,0.0,0.0,0.0,0.0,0.0,11230.635531,0.775704,0.0,0.0,5.429925,2.585678,0.258568,0.0,2.844246,7.498467,0.0,0.0,151.779322,465.680679,3103.072639,0.258568
TCGA-CS-6667,0.153658,0.614631,0.0,14713.947119,440.382761,0.153658,0.0,0.0,0.0,0.0,0.153658,44.71437,1.382919,0.0,25.046193,0.307315,1.075603,8.45117,1.229261,12.138953,0.0,0.0,31.653471,0.307315,0.0,0.0,0.0,0.0,0.460973,20.74378,1.075603,0.153658,0.0,3421.494397,0.153658,0.0,0.0,0.0,0.307315,7903.226426,0.0,37.646119,0.0,0.0,196226.32232,0.307315,0.0,0.153658,0.0,11.217007,0.0,0.0,2.151207,2.151207,0.153658,2010.610059,0.0,13650.175362,0.614631,0.0,3.380468,45.175343,33517.799315,0.0,0.0,136.447973,0.0,676.24722,0.0,0.153658,1.843892,0.0,0.153658,0.307315,0.153658,0.921946,0.0,0.307315,0.0,1.843892,0.0,0.768288,0.0,0.0,4072.080793,0.0,0.153658,0.0,1.843892,1.229261,0.0,0.0,3.534125,1.382919,0.0,0.0,115.243221,10.141403,3293.651251,0.0
TCGA-DU-7300,0.0,0.473338,0.0,12840.393009,341.118794,0.0,1.735572,0.0,0.315559,0.0,0.0,18.933513,1.577793,0.0,14.200135,0.315559,0.315559,39.444819,0.631117,7.731185,0.0,0.0,57.747215,0.315559,0.0,0.0,0.0,0.0,0.631117,23.193554,0.0,0.788896,0.0,2089.155389,0.0,0.0,0.157779,0.0,0.0,8542.327762,0.0,66.898413,0.0,0.0,194559.044792,0.315559,0.0,0.157779,0.0,29.189166,0.0,0.0,2.682248,0.788896,0.0,2132.38691,0.0,19333.483539,1.104455,0.0,0.473338,1652.422354,23977.0854,0.0,0.0,484.382376,0.0,390.345928,0.0,0.0,0.315559,0.0,0.0,0.788896,0.315559,0.788896,0.0,0.0,0.0,0.473338,0.0,0.0,0.0,0.0,12228.20942,0.315559,0.0,0.0,2.524468,0.788896,0.315559,0.0,1.735572,3.786703,0.0,0.0,90.723083,117.54556,1993.856706,0.0
TCGA-HT-7479,0.0,0.335583,0.0,11977.291772,672.843854,0.0,0.671166,0.671166,0.0,0.0,0.0,27.853386,1.342332,0.0,62.754015,0.0,0.671166,17.114731,0.671166,18.12148,0.0,0.0,45.303701,0.335583,0.0,0.0,0.671166,0.0,1.006749,50.001862,0.0,0.671166,0.0,3622.618158,0.671166,0.0,0.335583,0.0,0.0,9078.190496,0.0,132.555273,0.0,0.0,168268.348251,0.671166,0.0,0.335583,0.335583,12.752153,0.0,0.0,8.053991,2.349081,0.0,2434.990028,0.0,30496.102372,1.342332,0.0,1.006749,35.236212,42604.942667,0.0,0.0,242.626487,0.0,513.441944,0.0,0.335583,0.335583,0.335583,0.0,2.013498,0.0,1.006749,0.0,0.0,0.0,0.335583,0.0,0.0,0.0,0.335583,15829.448681,0.0,0.0,0.0,2.684664,5.70491,0.335583,0.0,18.792646,0.671166,0.0,0.335583,139.938098,14.430068,3547.447573,0.0
TCGA-CS-6186,0.0,0.182601,0.0,15287.520925,221.677362,0.0,0.0,0.182601,0.0,0.0,0.0,12.051652,0.456502,0.0,5.934526,0.0,0.0,1.186905,0.0,1.552107,0.0,0.0,28.759625,0.0913,0.0913,0.0,0.0,0.0913,0.182601,20.542589,0.0913,1.004304,0.0,3198.161575,0.456502,0.0,0.0,0.0,0.0,5575.258688,0.0,28.759625,0.0,0.0,178986.209532,0.365202,0.0913,0.182601,0.182601,10.864747,0.0,0.0,3.834617,0.639103,0.0,945.872104,0.0,17877.804463,0.365202,0.0,0.547802,250.071785,61184.503949,0.0,0.0,7.851834,0.0,276.001097,0.0,0.0,0.639103,0.0913,0.0,0.365202,0.0913,0.273901,0.0,0.273901,0.0,0.0,0.0,0.0913,0.0,0.0,15697.368403,0.273901,0.0,0.182601,0.0913,1.369506,0.0913,0.0,0.821704,0.456502,0.0,0.0,29.581328,2.28251,3105.400373,0.0
TCGA-E1-A7YH,0.0,0.121887,0.121887,8956.397637,364.930452,0.121887,0.0,0.487549,0.0,0.0,0.0,10.969853,1.218873,0.0,16.45478,0.0,0.0,8.775883,0.0,9.507206,0.0,0.0,8.044559,0.0,0.121887,0.0,0.0,0.243775,0.731324,30.106153,0.487549,0.365662,0.0,1249.344399,0.121887,0.0,0.0,0.0,0.365662,4084.685805,0.0,19.258187,0.0,0.0,251472.794215,0.365662,0.243775,0.121887,0.0,3.290956,0.0,0.0,2.437745,0.365662,0.0,846.872672,0.0,8208.375532,0.243775,0.0,0.731324,31.203138,20127.364872,0.0,0.0,100.191326,0.121887,286.191283,0.0,0.0,0.121887,0.121887,0.0,0.975098,0.0,0.365662,0.0,0.121887,0.121887,0.487549,0.0,0.0,0.0,0.121887,4620.502193,0.0,0.0,0.0,0.365662,0.731324,0.0,0.0,1.462647,0.609436,0.0,0.0,57.043237,8.653995,1172.677313,0.243775
TCGA-P5-A735,0.0,0.353159,0.0,8628.728584,445.686386,0.0,0.882897,0.0,0.0,0.0,0.0,11.124502,0.706318,0.0,11.830819,0.353159,0.353159,8.65239,0.0,6.533438,0.0,0.0,12.713716,0.529738,0.0,0.0,0.0,0.176579,0.882897,14.126351,0.529738,0.0,0.0,2394.769718,0.176579,0.0,0.0,0.0,0.176579,6279.33977,0.0,44.321427,0.176579,0.0,236820.511462,0.176579,0.0,0.529738,0.0,3.178429,0.0,0.0,2.472111,0.176579,0.353159,1210.628314,0.0,14299.04603,0.176579,0.0,0.882897,77.871512,22486.502713,0.176579,0.0,122.722678,0.0,377.8799,0.0,0.0,0.529738,0.176579,0.0,1.236056,0.0,0.529738,0.0,0.0,0.0,0.529738,0.0,0.353159,0.0,0.0,9333.456939,0.0,0.0,0.0,0.353159,1.236056,0.0,0.0,2.648691,0.176579,0.0,0.0,57.211723,17.834519,2278.227319,0.0
TCGA-DB-A4XA,0.0,0.200598,0.200598,4137.130303,258.370046,0.0,0.0,0.200598,0.0,0.0,0.0,30.089679,0.601794,0.0,15.446035,0.401196,0.200598,4.212555,0.0,4.613751,0.0,0.0,8.224512,0.0,0.0,0.0,0.0,0.0,0.601794,29.889081,0.0,0.200598,0.0,1301.880124,0.401196,0.0,0.0,0.0,0.0,4652.867406,0.0,38.113594,0.0,0.200598,261830.359203,0.200598,0.0,0.200598,0.0,23.670548,0.0,0.0,2.607772,0.200598,0.200598,1290.245448,0.0,5812.323048,0.401196,0.0,1.002989,138.81372,33754.000423,0.0,0.0,63.188326,0.200598,264.187384,0.0,0.0,0.401196,0.401196,0.200598,1.404185,0.0,0.802391,0.0,0.0,0.401196,0.0,0.0,0.200598,0.0,0.0,4800.306834,0.0,0.0,0.0,0.601794,0.401196,0.200598,0.0,1.002989,3.209566,0.0,0.0,39.517779,14.643644,1294.6586,0.200598
TCGA-HT-7879,0.268553,0.089518,0.268553,10638.464528,277.415405,0.089518,0.179035,0.089518,0.089518,0.089518,0.179035,14.233317,1.16373,0.0,19.425345,0.179035,0.268553,8.683219,0.358071,6.087205,0.089518,0.0,30.077953,0.179035,0.0,0.089518,0.089518,0.0,1.16373,16.292225,0.626624,0.089518,0.0,2825.358185,0.179035,0.0,0.0,0.0,0.984695,7277.521842,0.0,56.754233,0.358071,0.089518,224833.772313,0.0,0.089518,0.089518,0.179035,13.696211,0.179035,0.0,0.179035,0.537106,0.089518,1244.922891,0.0,19551.654095,0.089518,0.089518,0.268553,26.586762,22353.290085,0.179035,0.0,153.791438,0.268553,329.693752,0.0,0.089518,0.716142,0.447589,0.0,2.506496,0.089518,0.358071,0.0,0.089518,0.268553,0.179035,0.0,0.089518,0.0,0.0,9410.460485,0.089518,0.0,0.0,0.805659,1.96939,0.358071,0.0,2.058907,1.521801,0.0,0.0,83.967619,20.947146,2687.948489,0.268553
TCGA-DU-7309,0.0,0.448033,0.0,9275.405044,358.874505,0.0,1.792132,0.224017,0.0,0.0,0.0,26.209936,2.464182,0.0,17.697307,0.224017,0.448033,56.228153,0.448033,4.032298,0.0,0.0,57.796269,0.448033,0.0,0.0,0.0,0.0,1.344099,12.096893,1.344099,0.224017,0.0,2775.340976,0.224017,0.0,0.0,0.0,0.448033,5146.332088,0.0,80.869973,0.0,0.0,202889.992643,0.224017,0.0,0.0,0.224017,13.889026,0.0,0.0,1.344099,1.568116,0.0,1447.370897,0.0,9225.001322,0.224017,0.0,0.67205,95.207032,21505.588317,0.0,0.0,559.817346,0.0,370.523365,0.0,0.224017,0.448033,0.0,0.0,0.67205,0.448033,0.224017,0.0,0.448033,0.224017,1.120083,0.0,0.0,0.224017,0.0,6690.702148,0.0,0.0,0.0,1.120083,1.344099,0.224017,0.0,1.120083,3.136232,0.0,0.0,103.495644,119.624835,2671.845332,0.0
TCGA-TM-A84S,0.0,0.0,0.119331,7926.796671,289.974196,0.0,0.0,0.119331,0.0,0.0,0.0,14.558375,0.119331,0.0,16.348339,0.119331,0.0,8.353166,0.119331,3.579928,0.0,0.0,15.274361,0.119331,0.119331,0.0,0.119331,0.0,0.357993,32.338686,0.119331,0.238662,0.0,1831.37201,0.238662,0.0,0.119331,0.0,0.119331,3718.829564,0.0,34.963967,0.0,0.0,250282.695008,0.119331,0.119331,0.0,0.0,11.933094,0.0,0.0,2.50595,1.073979,0.238662,1520.63423,0.0,12014.597516,0.477324,0.0,0.596655,153.340264,33424.120316,0.0,0.119331,145.822415,0.0,233.411328,0.0,0.238662,0.119331,0.0,0.0,1.789964,0.119331,0.596655,0.0,0.0,0.0,0.477324,0.0,0.119331,0.119331,0.0,10741.455666,0.119331,0.0,0.0,1.670633,0.477324,0.0,0.0,0.715986,1.789964,0.0,0.0,68.615293,13.723059,1784.355618,0.715986
TCGA-HT-A619,0.137028,0.0,0.0,8461.476167,142.6461,0.0,0.0,0.137028,0.0,0.0,0.0,25.350172,0.274056,0.0,6.02923,0.0,0.274056,1.37028,0.137028,4.247867,0.0,0.0,4.933006,0.0,0.0,0.0,0.0,0.0,0.137028,10.551152,0.0,0.0,0.0,621.421772,0.0,0.0,0.0,0.0,0.0,7469.941891,0.0,4.933006,0.0,0.0,275542.66153,0.0,0.0,0.137028,0.0,44.945169,0.0,0.0,0.411084,0.822168,0.0,645.949776,0.0,9340.921576,0.411084,0.0,0.274056,257.20147,14305.170298,0.0,0.0,120.721628,0.0,226.233152,0.0,0.0,0.0,0.0,0.137028,0.274056,0.0,0.274056,0.0,0.137028,0.0,0.68514,0.0,0.0,0.0,0.0,2864.432353,0.137028,0.0,0.0,0.411084,0.959196,0.0,0.0,0.0,0.68514,0.0,0.0,19.183914,4.933006,589.357231,0.0
TCGA-DU-6542,0.113914,0.227828,0.0,15043.938909,273.621436,0.0,0.113914,0.227828,0.0,0.0,0.0,12.188798,0.56957,0.0,6.26527,0.341742,0.341742,13.555766,0.341742,7.062668,0.113914,0.0,18.340155,0.0,0.455656,0.0,0.0,0.227828,0.455656,15.606218,0.341742,0.113914,0.0,2530.03001,0.113914,0.0,0.0,0.0,0.113914,8580.572286,0.0,47.388225,0.0,0.0,205119.021907,0.0,0.113914,0.227828,0.0,11.163572,0.0,0.0,1.822624,1.70871,0.0,1050.742765,0.0,18860.058014,0.113914,0.0,0.227828,46.249085,15690.400877,0.0,0.0,107.534819,0.0,295.37901,0.0,0.0,0.113914,0.56957,0.227828,0.56957,0.0,0.341742,0.0,0.0,0.341742,0.455656,0.0,0.341742,0.0,0.0,16591.004986,0.227828,0.0,0.0,0.227828,0.911312,0.113914,0.0,2.164366,7.746152,0.0,0.0,77.11978,33.262889,2393.44712,0.113914
TCGA-HT-7473,0.0,0.42768,0.0,16510.788113,235.009987,0.0,0.0,0.21384,0.0,0.0,0.0,15.396469,0.42768,0.0,8.125914,0.21384,0.21384,6.842875,0.42768,9.195113,0.0,0.0,36.780453,0.42768,0.0,0.0,0.0,0.0,0.42768,25.660781,0.42768,0.42768,0.0,2610.129123,0.0,0.0,0.0,0.0,0.21384,3837.355982,0.0,59.233636,0.21384,0.0,202362.630889,0.21384,0.0,0.0,0.0,14.327269,0.42768,0.0,0.855359,1.496879,0.0,1163.930265,0.0,21945.100042,0.21384,0.0,0.42768,22.667023,27500.231482,0.0,0.0,164.442839,0.0,312.84769,0.0,0.0,0.21384,0.21384,0.0,0.64152,0.0,0.21384,0.0,0.0,0.0,0.21384,0.0,0.0,0.0,0.0,14501.121269,0.0,0.0,0.0,1.710719,1.710719,0.0,0.0,4.704477,8.339754,0.0,0.0,71.208668,14.541109,2522.027108,0.0
TCGA-HT-8563,0.370779,0.247186,0.370779,15785.047104,348.532179,0.494372,0.0,0.370779,0.247186,0.0,0.123593,12.112111,1.112337,0.247186,23.235479,0.0,0.741558,3.089824,2.101081,8.157136,0.123593,0.0,33.122916,0.247186,0.0,0.0,0.0,0.123593,1.112337,40.538495,0.494372,1.359523,0.0,2326.390498,0.123593,0.0,0.0,0.0,0.617965,3930.132893,0.0,52.156234,0.123593,0.0,37621.453268,0.247186,0.247186,0.123593,0.123593,35.471183,0.494372,0.0,2.842638,2.101081,0.0,1443.565904,0.0,20043.813708,0.0,0.247186,0.247186,1697.796646,37948.109491,0.0,0.0,44.246284,0.370779,452.226682,0.0,0.0,0.247186,0.0,0.247186,1.112337,0.123593,0.247186,0.0,0.494372,0.0,0.0,0.0,0.0,0.247186,0.0,18248.99658,0.0,0.0,0.0,0.247186,0.247186,0.0,0.0,2.719045,59.942591,0.0,0.0,158.446189,5.438091,2127.282221,0.0
TCGA-QH-A6CX,17.069013,0.258621,0.0,15099.351998,993.364809,0.258621,1.551728,0.258621,0.0,0.0,0.0,21.724198,0.258621,0.0,66.207079,0.0,0.258621,25.344898,1.034486,15.517284,0.0,0.0,22.241441,0.0,0.0,0.258621,0.0,0.258621,0.517243,55.862223,0.517243,0.0,0.0,3640.613491,0.258621,0.0,0.0,0.0,0.517243,7208.295747,0.0,74.224343,0.258621,0.0,108556.075327,0.517243,0.0,0.258621,0.0,24.310412,0.0,0.0,16.55177,1.034486,0.258621,2435.954996,0.0,38230.191669,0.517243,0.0,2.586214,33.620782,37267.861429,0.0,0.0,473.018546,0.0,825.77814,0.0,0.0,0.775864,0.0,0.258621,1.034486,0.0,0.517243,0.0,0.258621,0.0,0.0,0.0,0.0,0.0,0.0,20604.884427,1.293107,0.0,0.0,0.517243,2.327593,0.258621,0.0,4.396564,1.81035,0.0,0.0,255.776568,32.069054,3457.250917,0.517243
TCGA-S9-A89V,0.224515,0.44903,0.0,24824.162742,269.305615,0.0,0.0,0.0,0.0,0.0,0.0,13.021864,0.336772,0.0,15.154755,0.112257,0.0,33.003689,0.336772,6.959962,0.0,0.0,19.420538,0.112257,0.112257,0.0,0.0,0.336772,0.673545,14.368953,1.122574,1.010317,0.0,2412.075758,0.0,0.0,0.112257,0.0,0.44903,4799.903908,0.0,27.727589,0.224515,0.112257,134384.399807,0.336772,0.0,0.224515,0.0,12.123804,0.224515,0.0,2.020634,3.816753,0.224515,3592.575068,0.0,20321.965583,0.336772,0.0,2.020634,27.390817,23654.664662,0.0,0.0,275.592032,0.0,495.9534,0.0,0.0,0.112257,0.0,0.112257,1.908377,0.0,0.112257,0.0,0.0,0.224515,0.44903,0.0,0.0,0.112257,0.0,34350.778702,0.0,0.0,0.112257,0.44903,0.89806,0.0,0.0,1.683862,1.010317,0.0,0.0,109.338753,147.057255,2208.777522,0.0
TCGA-HT-8105,0.0,0.301672,0.0,8565.065882,423.245542,0.0,0.402229,0.0,0.100557,0.0,0.0,30.16718,0.703901,0.0,5.731764,0.0,0.100557,26.245447,1.608916,2.312817,0.0,0.0,21.117026,0.0,0.0,0.0,0.0,0.0,1.407802,10.357399,0.201115,0.0,0.0,1673.876288,0.100557,0.100557,0.0,0.0,0.100557,9367.61344,0.0,33.284456,0.0,0.0,235265.494316,0.100557,0.0,0.201115,0.0,16.491392,0.100557,0.0,1.608916,1.608916,0.201115,1503.331161,0.0,19335.453215,0.301672,0.0,0.804458,157.472682,17777.519457,0.0,0.0,475.535322,0.0,428.776192,0.0,0.0,0.301672,0.0,0.0,0.603344,0.0,0.703901,0.0,0.0,0.100557,0.703901,0.0,0.100557,0.0,0.0,4839.419093,0.201115,0.0,0.0,1.206687,0.502786,0.0,0.0,0.402229,1.10613,0.0,0.0,57.518757,46.960244,1618.56979,0.0
TCGA-FG-A4MT,0.0,0.340441,0.0,4962.269762,458.233747,0.170221,0.0,0.0,0.0,0.0,0.0,20.256247,0.0,0.170221,13.447424,0.340441,0.340441,0.0,0.0,2.723529,0.0,0.0,7.659925,0.170221,0.170221,0.0,0.0,0.0,0.851103,28.767275,0.510662,0.510662,0.0,2291.168736,0.0,0.0,0.0,0.0,0.170221,6803.885999,0.0,37.959185,0.0,0.0,270593.666331,0.0,0.0,0.170221,0.0,12.936763,0.0,0.0,0.680882,0.0,0.0,1087.539157,0.0,10075.695381,0.510662,0.0,0.510662,50.555506,14628.074034,0.0,0.0,12.596321,0.0,410.57199,0.0,0.0,0.170221,0.0,0.0,0.170221,0.170221,0.170221,0.0,0.0,0.0,0.0,0.0,0.170221,0.0,0.0,1643.990167,0.0,0.0,0.0,1.191544,1.531985,0.0,0.0,1.702206,1.191544,0.0,0.0,20.596688,1.191544,2264.614329,0.0
TCGA-DU-A5TS,0.0,0.0,0.0,4929.270279,311.446686,0.0,0.715969,0.0,0.0,0.0,0.0,13.066441,1.968916,0.0,44.390102,0.0,0.178992,10.918533,0.0,8.233648,0.0,0.0,7.517679,0.0,0.0,0.0,0.0,0.0,0.178992,20.405128,0.178992,0.0,0.0,1009.695837,0.0,0.0,0.0,0.0,0.0,5101.997895,0.0,17.362258,0.0,0.0,273588.372371,0.0,0.178992,0.0,0.0,4.653801,0.0,0.178992,0.536977,0.536977,0.178992,994.302495,0.0,6617.884092,0.357985,0.0,0.715969,43.674133,15659.682564,0.0,0.0,110.438279,0.0,289.967604,0.0,0.178992,0.357985,0.178992,0.0,0.357985,0.0,0.0,0.0,0.0,0.0,0.715969,0.0,0.178992,0.0,0.0,2010.442056,0.0,0.0,0.0,0.0,0.894962,0.178992,0.0,0.178992,0.357985,0.0,0.0,35.79847,18.436212,1003.968081,0.0
TCGA-DU-7290,5.031874,0.0,0.0,10628.575382,619.549459,0.0,0.628984,0.628984,0.0,0.0,0.0,15.095621,1.257968,0.0,45.286864,0.0,0.0,18.240542,3.773905,29.562258,0.0,0.0,57.866548,0.0,0.0,0.0,0.0,0.0,0.0,41.512959,1.257968,0.0,0.0,3987.130983,0.0,0.628984,0.0,0.0,1.257968,4704.172996,0.0,192.469172,0.0,0.0,86104.166077,0.0,0.628984,0.0,0.0,20.127495,0.0,0.0,27.046322,0.0,0.0,2670.667006,0.0,11378.324575,0.628984,0.0,1.886953,30.191243,93932.503703,0.0,0.0,87.428807,0.0,542.813384,0.0,0.0,0.628984,0.0,0.0,2.515937,0.0,0.0,0.0,0.0,0.0,0.0,0.0,0.0,0.628984,0.0,45626.515459,0.628984,0.0,0.0,0.628984,0.628984,0.0,0.0,1.886953,6.918826,0.0,0.0,108.185286,18.240542,3785.227048,1.257968
TCGA-HW-8320,0.0,0.160772,0.0,10217.061512,254.823643,0.0,0.0,0.0,0.0,9.807093,13.665621,21.54345,0.321544,0.160772,4.983932,0.0,0.482316,4.82316,0.643088,2.733124,0.160772,0.0,22.990398,0.160772,0.321544,0.0,0.0,0.0,0.160772,15.594885,0.160772,0.160772,0.0,3609.492494,0.0,0.0,0.0,0.321544,0.160772,9614.970318,0.0,80.546779,0.0,0.0,202461.001532,0.321544,0.0,0.160772,0.160772,6.430881,0.0,0.0,0.482316,1.125404,0.160772,1449.520481,0.0,17870.774027,0.482316,10.128637,0.160772,51.607817,28322.080364,0.160772,0.0,175.723812,34.887527,547.428709,0.0,0.160772,0.482316,0.321544,0.160772,1.60772,13.987165,0.321544,0.0,13.826393,0.160772,0.80386,0.0,0.0,0.0,0.0,14276.876418,0.0,0.160772,0.160772,0.0,1.60772,0.160772,0.0,6.109337,2.090036,0.0,0.0,70.418142,17.041834,3452.579008,0.0
TCGA-HT-A61A,0.0,0.0,0.534384,5630.807254,386.627033,0.0,8.282956,0.534384,0.0,0.0,0.0,25.917638,5.343843,0.0,69.469958,0.0,0.267192,142.680605,0.534384,5.076651,0.0,0.0,20.573795,0.0,0.0,0.0,0.0,0.267192,0.801576,45.155472,0.267192,0.534384,0.0,1422.263785,0.267192,0.0,0.534384,0.0,0.0,5228.415885,0.0,79.088875,0.0,0.0,213668.214155,0.267192,0.0,0.0,0.0,21.909756,0.534384,0.0,2.939114,1.068769,0.0,1635.215925,0.0,9295.347517,0.267192,0.0,0.534384,176.8812,22957.416252,0.267192,0.0,1250.993621,0.0,412.544671,0.0,0.0,0.534384,0.0,0.0,0.267192,0.267192,0.0,0.0,0.534384,0.0,0.0,0.0,0.0,0.0,0.0,6957.683444,0.267192,0.0,0.0,0.801576,0.534384,0.0,0.0,0.801576,4.542266,0.0,0.0,66.263652,204.669183,1353.328212,0.801576
TCGA-HT-7877,0.0,0.2745,0.0,5573.317251,380.731944,0.0,0.686251,0.0,0.0,0.0,0.13725,22.509026,0.823501,0.0,20.450274,0.2745,0.686251,58.331318,1.235251,6.313507,0.0,0.0,34.724291,0.2745,0.41175,0.0,0.0,0.0,0.960751,16.058269,0.13725,0.13725,0.0,1703.411737,0.549001,0.0,0.13725,0.0,0.2745,6151.414926,0.0,55.311815,0.0,0.0,237719.061549,0.2745,0.13725,0.549001,0.0,14.548517,0.2745,0.0,2.196003,1.098001,0.13725,1037.06221,0.0,11046.304636,0.41175,0.0,0.549001,229.756768,23287.920915,0.13725,0.0,500.825834,0.0,432.200754,0.0,0.0,0.549001,0.13725,0.0,0.13725,0.0,0.2745,0.0,0.41175,0.13725,0.13725,0.0,0.13725,0.0,0.0,5747.762205,0.0,0.0,0.0,1.235251,1.098001,0.13725,0.13725,1.098001,1.647002,0.0,0.0,72.742585,89.624355,1631.767153,0.0
TCGA-DH-A66D,0.238513,0.0,0.0,7087.406336,111.743223,0.0,0.119256,0.119256,0.0,0.0,0.0,11.448612,0.238513,0.0,5.24728,0.119256,0.0,4.412486,0.0,4.054717,0.0,0.0,5.008768,0.0,0.0,0.0,0.0,0.0,0.238513,26.355659,0.119256,0.119256,0.0,879.277249,0.119256,0.0,0.0,0.0,0.119256,3898.967908,0.0,16.695892,0.0,0.119256,260077.044388,0.0,0.119256,0.119256,0.0,6.559101,0.0,0.0,3.100666,0.238513,0.119256,607.611228,0.0,4919.683217,0.715538,0.0,0.238513,17.053662,20768.855387,0.0,0.0,77.6359,0.0,194.030121,0.0,0.0,0.0,0.0,0.0,0.357769,0.119256,0.119256,0.0,0.0,0.0,0.238513,0.0,0.119256,0.0,0.0,3326.179541,0.0,0.0,0.0,0.477025,0.357769,0.119256,0.0,1.908102,1.31182,0.0,0.0,26.117146,7.274639,844.812157,0.0
TCGA-DU-5870,0.0,0.176961,0.176961,6632.675994,410.018684,0.176961,0.0,0.0,0.0,0.0,0.176961,39.285346,0.353922,0.0,16.988258,0.0,0.707844,4.070103,0.176961,6.370597,0.0,0.0,15.041687,0.0,0.0,0.0,0.0,0.0,0.530883,13.625999,0.530883,0.0,0.0,1379.05723,0.176961,0.0,0.0,0.0,0.0,5756.365022,0.0,23.181894,0.0,0.0,248827.721722,0.176961,0.176961,0.353922,0.0,20.704439,0.0,0.0,0.707844,2.300493,0.0,1210.236416,0.0,9223.916211,0.353922,0.0,0.353922,878.434504,20646.927019,0.0,0.0,124.403597,0.0,348.436249,0.0,0.0,0.176961,0.0,0.0,0.530883,0.176961,0.0,0.0,0.353922,0.176961,1.061766,0.0,0.0,0.0,0.0,5028.347386,0.176961,0.0,0.0,0.0,1.061766,0.0,0.0,1.946571,2.300493,0.0,0.0,42.470645,7.078441,1348.796895,0.0
TCGA-HT-A74H,38.653031,0.480162,0.0,8989.35049,580.995865,0.0,2.160728,0.240081,0.240081,0.0,0.0,16.805666,5.0417,0.0,71.544119,0.240081,0.0,108.756664,1.680567,9.843318,0.0,0.0,39.613354,0.0,0.0,0.0,0.0,0.0,0.960324,43.214568,0.480162,0.240081,0.0,4389.639835,0.240081,0.0,0.0,0.0,0.720243,6407.760184,0.0,168.056655,0.0,0.240081,134182.675664,0.240081,0.240081,0.0,0.0,23.527932,0.0,0.0,14.885018,0.480162,0.240081,2395.287499,0.0,11091.739247,0.720243,0.0,0.720243,29.049793,50219.890129,0.240081,0.0,1248.180787,0.240081,713.280461,0.0,0.0,0.480162,0.240081,0.240081,1.440486,0.240081,0.960324,0.0,0.480162,0.240081,0.0,0.0,0.0,0.0,0.0,27128.425535,1.200405,0.0,0.0,47.536025,1.680567,0.480162,0.0,5.0417,3.121052,0.0,0.0,98.193103,169.497141,4209.339052,0.720243
TCGA-TQ-A7RP,1.19537,0.298842,0.0,13943.68912,465.596512,0.0,0.0,0.298842,0.298842,0.0,0.0,63.952281,2.988424,0.0,79.193245,0.298842,0.0,34.36688,0.597685,8.666431,0.0,0.0,20.91897,0.298842,0.0,0.0,0.0,0.0,0.896527,81.285142,0.298842,1.19537,0.0,1077.028132,0.298842,0.0,0.597685,0.0,1.494212,4554.358692,0.0,60.665014,0.0,0.0,145589.160387,0.0,0.0,0.0,0.298842,14.045594,0.896527,0.0,11.05717,2.390739,0.0,2359.361015,0.0,10233.261462,0.0,0.0,0.597685,9.562958,105481.517343,0.0,0.0,233.097098,0.0,368.173878,0.0,0.0,0.298842,0.0,0.298842,2.390739,0.0,0.298842,0.0,0.0,0.0,0.0,0.0,0.0,0.0,0.298842,9955.935683,0.597685,0.0,0.0,3.287267,2.689582,0.298842,0.0,0.298842,4.183794,0.0,0.0,119.238131,41.240256,941.652509,0.597685
TCGA-CS-4944,0.134721,0.0,0.0,4756.576887,250.58014,0.0,0.134721,0.0,0.0,0.0,0.0,11.585963,0.134721,0.134721,26.135778,0.404162,0.0,1.347205,0.0,7.544348,0.0,0.0,12.933169,0.0,0.0,0.0,0.0,0.0,0.134721,23.576088,1.212485,0.0,0.0,1590.914449,0.269441,0.0,0.134721,0.0,0.404162,1933.912856,0.0,22.633045,0.134721,0.0,261221.443463,0.269441,0.269441,0.134721,0.0,8.891553,0.0,0.0,2.829131,0.808323,0.0,663.229048,0.0,9976.861753,0.404162,0.134721,0.808323,15.492858,22285.870177,0.0,0.0,52.406277,0.0,171.499203,0.0,0.0,0.134721,0.134721,0.0,0.673603,0.0,1.212485,0.0,0.134721,0.0,0.0,0.0,0.269441,0.0,0.0,8978.582808,0.0,0.0,0.0,0.404162,1.616646,0.0,0.0,4.041615,1.751367,0.0,0.0,19.265032,5.658261,1539.720657,0.134721
TCGA-FG-A60L,0.0,0.120644,0.0,3844.45508,237.548862,0.0,0.361933,0.0,0.120644,0.0,0.0,9.772198,0.844511,0.0,17.855374,0.0,0.0,6.756088,0.120644,9.530909,0.0,0.0,6.997376,0.120644,0.0,0.0,0.0,0.0,0.844511,33.418504,0.482578,0.361933,0.0,871.293999,0.120644,0.0,0.0,0.0,0.723867,4873.672625,0.0,17.73473,0.0,0.0,268417.788248,0.120644,0.120644,0.241289,0.0,5.911577,0.120644,0.0,1.0858,0.241289,0.0,708.90661,0.0,3735.754458,0.361933,0.0,0.361933,11.099287,19592.774413,0.0,0.0,121.126997,0.0,225.363776,0.0,0.0,0.120644,0.0,0.0,0.361933,0.0,0.120644,0.0,0.0,0.120644,0.361933,0.0,0.241289,0.0,0.0,3681.102536,0.0,0.0,0.120644,1.206444,0.241289,0.0,0.0,0.965155,0.965155,0.0,0.0,25.93855,16.407641,855.127647,0.120644
TCGA-FG-5963,0.359521,0.0,0.0,6369.642006,613.34364,0.0,0.0,1.078564,1.438086,0.0,0.0,99.227928,1.078564,0.0,42.423534,0.0,0.0,16.897509,1.078564,6.471387,0.0,0.0,15.459424,0.359521,0.0,0.0,0.0,0.359521,0.359521,83.768504,1.797607,2.157129,0.359521,1111.999928,0.0,0.0,0.0,0.0,0.359521,5838.628785,0.0,83.768504,0.719043,0.0,140827.079158,0.359521,0.0,0.0,0.0,43.502099,0.719043,0.0,7.549951,0.719043,0.0,1364.743526,0.0,9610.728121,0.0,0.0,3.595215,8.988037,21692.087831,0.0,0.0,845.234992,0.0,665.474254,0.0,0.0,1.078564,0.359521,0.0,1.438086,2.157129,0.0,0.0,7.909472,0.0,1.797607,0.0,0.359521,0.0,0.0,2672.682659,0.0,0.0,0.0,351.612004,1.438086,0.719043,0.0,0.0,35.592626,0.0,0.0,92.39702,44.221142,1102.292848,0.359521
TCGA-RY-A83X,0.095249,0.0,0.0,4666.226237,294.03226,0.0,0.0,0.190497,0.0,0.0,0.095249,16.668495,0.380994,0.0,10.763086,0.0,0.0,4.000439,0.190497,4.667179,0.0,0.0,10.096346,0.190497,0.0,0.0,0.0,0.0,0.190497,19.144958,0.095249,0.0,0.0,1255.852071,0.0,0.0,0.0,0.0,0.190497,5204.475767,0.0,23.621639,0.0,0.0,268280.196075,0.095249,0.0,0.0,0.0,7.619884,0.0,0.0,1.523977,1.142983,0.0,1075.356077,0.0,6157.627961,0.190497,0.0,0.285746,108.773839,20538.443837,0.0,0.0,28.479315,0.190497,232.787445,0.0,0.095249,0.285746,0.0,0.0,0.66674,0.095249,0.285746,0.0,0.0,0.095249,1.142983,0.0,0.190497,0.0,0.0,4959.306011,0.0,0.0,0.0,0.761988,0.285746,0.0,0.0,2.000219,0.476243,0.0,0.0,57.62537,6.57215,1220.610109,0.285746
TCGA-TQ-A7RG,0.140483,0.0,0.140483,8490.952102,120.956135,0.0,0.0,0.0,0.0,0.0,0.0,12.643498,0.280967,0.0,11.238665,0.0,0.8429,3.3716,0.42145,3.3716,0.0,0.0,7.726582,0.0,0.0,0.0,0.280967,0.0,0.42145,24.303614,0.42145,0.42145,0.0,1042.386205,0.140483,0.0,0.140483,0.0,0.140483,5163.183313,0.0,30.90633,0.0,0.0,264943.526409,0.140483,0.0,0.0,0.0,18.122348,0.0,0.0,0.8429,1.404833,0.140483,1120.073478,0.0,13652.168648,0.140483,0.0,0.0,141.185733,24864.001614,0.0,0.0,101.569437,0.0,163.803546,0.140483,0.0,0.280967,0.0,0.0,0.561933,0.0,0.140483,0.0,0.280967,0.0,0.0,0.0,0.140483,0.0,0.0,5728.628659,0.0,0.0,0.0,0.561933,0.42145,0.140483,0.0,0.983383,0.280967,0.0,0.0,45.938044,6.743199,1010.215525,0.0
TCGA-E1-5304,1.522552,0.0,0.0,7987.308006,2632.492479,0.0,0.0,0.0,0.0,0.0,0.0,91.353122,3.045104,0.0,30.451041,0.0,0.0,59.37953,3.045104,65.469738,0.0,0.0,108.101195,0.0,0.0,0.0,0.0,0.0,3.045104,13.702968,1.522552,3.045104,0.0,11239.479165,0.0,0.0,0.0,0.0,0.0,2101.121816,0.0,1.522552,0.0,0.0,174447.92263,0.0,0.0,1.522552,0.0,83.740362,0.0,0.0,3.045104,0.0,1.522552,2918.732262,0.0,14753.529276,0.0,0.0,12.180416,222.292598,3617.583649,0.0,0.0,4821.922313,1.522552,2180.294522,0.0,0.0,3.045104,0.0,1.522552,0.0,6.090208,1.522552,0.0,9.135312,0.0,0.0,0.0,1.522552,0.0,0.0,3177.566109,0.0,0.0,0.0,51.766769,7.61276,0.0,0.0,3.045104,0.0,0.0,0.0,15.22552,18.270624,11300.381247,0.0
TCGA-P5-A5EZ,0.268552,0.0,0.537103,6221.264985,304.805998,0.0,0.0,0.268552,0.0,0.0,0.0,28.197912,0.805655,0.0,22.021226,0.537103,0.0,1.074206,0.0,5.908134,0.0,0.0,4.833928,0.0,0.268552,0.0,0.0,0.268552,0.268552,22.289778,1.074206,0.268552,0.0,1132.750397,0.0,0.0,0.0,0.0,0.0,2997.303743,0.0,28.197912,0.0,0.0,257603.499764,0.537103,0.0,0.268552,0.0,23.901087,0.268552,0.0,2.148412,0.0,0.0,1355.111073,0.0,9613.339492,0.537103,0.0,1.342758,46.459416,15707.84815,0.0,0.0,14.233232,0.268552,183.689254,0.0,0.0,0.268552,0.537103,0.0,0.805655,0.0,0.268552,0.0,0.0,0.0,0.268552,0.0,0.268552,0.0,0.0,5570.0275,0.268552,0.0,0.0,0.268552,0.537103,0.0,0.0,1.611309,4.028273,0.0,0.0,36.523009,2.954067,1081.457053,0.0
TCGA-S9-A6U5,0.0,0.277261,0.138631,6675.067686,122.133637,0.0,0.0,0.138631,0.0,0.0,0.0,13.031285,0.138631,0.0,10.12004,0.138631,0.138631,3.327137,0.831784,2.07946,0.0,0.0,7.901949,0.554523,0.138631,0.0,0.0,0.0,0.277261,32.023689,0.138631,0.277261,0.0,1302.019433,0.0,0.0,0.0,0.0,0.0,5966.110342,0.0,29.112445,0.138631,0.0,261420.465494,0.0,0.138631,0.0,0.0,14.833484,0.138631,0.0,0.970415,0.970415,0.0,1024.342163,0.0,10884.172673,0.138631,0.0,0.277261,79.435385,30431.654377,0.138631,0.0,78.880862,0.0,164.554628,0.0,0.0,0.0,0.138631,0.138631,0.970415,0.0,0.415892,0.0,0.0,0.0,0.277261,0.0,0.138631,0.138631,0.138631,6899.788034,0.0,0.0,0.0,0.277261,0.554523,0.138631,0.0,1.524938,0.415892,0.0,0.0,40.480161,9.426887,1229.931475,0.0
TCGA-DU-7301,0.0,0.146915,0.0,17196.114273,257.10136,0.146915,0.0,0.0,0.0,0.0,0.0,22.62492,1.469151,0.0,7.051923,0.0,0.29383,4.701282,0.146915,4.407452,0.0,0.0,31.733654,0.146915,0.0,0.0,0.0,0.0,1.028405,30.558333,1.028405,0.734575,0.0,2435.117166,0.0,0.0,0.146915,0.0,0.0,7137.280667,0.0,57.590705,0.146915,0.440745,219723.229651,0.0,0.0,0.0,0.0,13.810016,0.146915,0.0,0.734575,0.0,0.146915,1192.95031,0.0,15992.439163,0.29383,0.146915,1.322236,27.326202,18200.131812,0.0,0.0,102.252884,0.146915,210.529285,0.0,0.0,0.29383,0.440745,0.146915,0.0,0.0,0.29383,0.146915,0.0,0.29383,0.440745,0.0,0.0,0.0,0.0,18555.666264,0.146915,0.0,0.0,0.0,0.440745,0.146915,0.0,0.88149,3.525962,0.0,0.0,80.362539,8.521074,2350.641005,0.29383
TCGA-DU-6400,0.37548,0.0,0.18774,15836.041558,296.347306,0.0,0.37548,0.18774,0.0,0.0,0.0,8.729902,0.46935,0.0,21.777819,0.18774,10.6073,32.478989,0.46935,3.097707,0.0,0.0,14.362096,0.0,0.0,0.0,0.0,0.0,0.563219,18.773982,0.37548,0.28161,0.0,1324.128951,0.09387,0.0,0.09387,0.0,0.09387,8012.360039,0.0,39.706972,0.0,0.18774,212591.033865,0.0,0.0,0.46935,0.0,40.833411,0.0,0.0,3.003837,1.408049,0.09387,2735.650787,0.0,30145.289031,0.37548,0.18774,0.28161,712.284877,16889.543559,0.0,0.18774,549.796063,0.0,348.351236,0.0,0.09387,0.09387,0.0,0.0,1.595788,0.563219,0.37548,0.0,1.126439,0.09387,0.28161,0.0,0.09387,0.0,0.09387,2953.522849,0.0,0.0,0.09387,0.750959,2.722227,0.657089,0.0,0.46935,0.37548,0.0,0.0,31.72803,44.212728,1276.161427,0.0
TCGA-FG-8181,0.0,0.428854,0.0,19607.426896,401.193072,0.0,6.003958,0.428854,0.0,0.0,0.214427,34.951615,5.360677,0.643281,23.586979,0.0,0.214427,194.914218,0.214427,3.859687,0.0,0.0,92.6325,0.0,0.0,0.0,0.214427,0.0,0.857708,26.588958,0.214427,0.214427,0.0,3111.551401,0.214427,0.214427,0.0,0.0,0.0,4485.385722,0.0,208.637552,0.0,0.0,87946.195956,0.428854,0.214427,0.428854,0.0,43.743125,1.286562,0.0,2.144271,3.430833,0.214427,3676.995619,0.0,17086.622109,0.214427,0.214427,0.428854,27.017812,35309.922184,0.428854,0.214427,1489.624946,0.214427,771.07979,0.0,0.0,0.857708,0.0,0.0,0.857708,1.50099,0.643281,0.0,1.929844,0.0,0.214427,0.0,0.428854,0.0,0.0,14265.619405,0.214427,0.0,0.0,1.929844,1.286562,0.0,0.0,3.430833,8.577083,0.0,0.0,214.212656,719.831718,2889.190516,0.0
TCGA-DU-7292,17.024558,0.709357,0.0,14117.96919,388.727402,0.0,2.305409,0.354678,0.354678,0.0,0.0,11.527044,3.369444,0.0,23.763445,0.177339,1.418713,111.72366,0.354678,7.625583,0.0,0.0,70.935657,0.177339,0.0,0.0,0.0,0.0,1.596052,41.32002,0.0,0.177339,0.0,2593.762308,0.0,0.0,0.0,0.0,0.709357,5247.819926,0.0,112.787695,0.177339,0.0,181146.969283,0.177339,0.0,0.354678,0.0,13.832453,0.177339,0.0,5.852192,1.950731,0.0,1443.895304,0.0,21399.869088,0.532017,0.0,0.532017,23.408767,29488.484749,0.177339,0.0,1051.798458,0.0,565.179849,0.0,0.0,0.177339,0.177339,0.0,1.064035,0.0,0.354678,0.177339,0.0,0.354678,0.0,0.0,0.0,0.0,0.0,11410.177813,0.354678,0.0,0.177339,1.596052,1.950731,0.532017,0.0,3.014765,2.660087,0.0,0.0,94.167085,165.280081,2514.137033,0.177339
TCGA-TM-A84R,0.0,0.21178,0.0,7589.359648,499.378001,0.0,4.023826,0.0,0.0,0.0,0.423561,19.90735,2.117803,0.0,40.661822,0.0,1.058902,98.054289,0.0,3.812046,0.0,0.0,33.03773,0.21178,0.0,0.0,0.0,0.423561,0.847121,15.459964,0.0,0.0,0.0,1588.775982,1.058902,0.0,0.0,0.0,0.0,3591.582495,0.0,99.748532,0.0,0.0,185968.113507,0.21178,0.0,0.635341,0.0,16.307085,0.21178,0.0,3.600265,1.694243,0.0,2198.491531,0.0,10514.893028,0.847121,0.0,1.482462,111.39645,35455.838085,0.21178,0.0,1549.173061,0.21178,572.442213,0.0,0.0,0.0,0.0,0.21178,0.635341,0.847121,0.21178,0.423561,0.0,0.21178,0.0,0.0,0.21178,0.0,0.0,6581.285312,0.423561,0.0,0.0,2.541364,0.635341,0.0,0.0,0.847121,1.906023,0.0,0.0,99.748532,141.681036,1540.490068,0.0
TCGA-DU-5874,0.0,0.207898,0.0,13076.857349,310.461105,0.069299,0.069299,0.069299,0.0,0.0,0.0,6.652738,0.138599,0.0,9.147515,0.277197,2.425477,13.651973,0.0,1.732484,0.0,0.0,14.275667,0.0,0.277197,0.0,0.069299,0.0,1.247388,11.295795,0.277197,0.277197,0.0,1029.857696,0.0,0.0,0.0,0.0,0.346497,7363.818627,0.0,25.086366,0.0,0.0,231384.305179,0.207898,0.0,0.0,0.0,17.463437,0.069299,0.0,0.138599,1.524586,0.069299,1915.15694,0.0,22553.058877,0.138599,0.0,0.346497,100.622662,16815.280286,0.0,0.0,227.509778,0.0,329.379828,0.0,0.0,0.0,0.0,0.069299,0.762293,0.069299,0.623694,0.0,0.415796,0.069299,0.623694,0.0,0.623694,0.138599,0.0,3930.382146,0.138599,0.0,0.138599,1.316688,1.593885,0.277197,0.0,0.207898,0.415796,0.0,0.0,19.542418,17.740635,967.21108,0.0
TCGA-DB-A4XD,0.0,0.0,0.0,6775.455257,152.6554,0.0,0.0,0.0,0.0,0.0,0.0,33.798704,0.249437,0.0,6.48536,0.0,0.124718,1.371903,0.0,2.619088,0.0,0.0,5.238175,0.0,0.0,0.0,0.0,0.124718,0.374155,29.433557,0.249437,0.0,0.0,1309.41915,0.374155,0.0,0.249437,0.0,0.0,3706.508021,0.0,21.576294,0.0,0.0,270499.506177,0.124718,0.0,0.124718,0.0,5.238175,0.124718,0.0,1.247185,0.374155,0.0,972.679298,0.0,6398.057186,0.374155,0.0,0.249437,87.801798,14430.923993,0.0,0.0,27.936936,0.0,191.068686,0.0,0.0,0.249437,0.0,0.0,0.249437,0.0,0.124718,0.0,0.0,0.124718,0.249437,0.0,0.249437,0.0,0.0,2856.551692,0.124718,0.0,0.0,0.374155,0.124718,0.0,0.0,1.247185,0.623592,0.0,0.0,28.809965,3.117962,1256.164366,0.0
TCGA-DU-A6S3,0.0,0.04507,0.0,6349.060123,310.755647,0.0,1.081673,0.090139,0.0,0.0,0.04507,15.59412,0.450697,0.04507,42.590876,0.270418,0.04507,57.869507,0.135209,3.15488,0.0,0.0,24.382713,0.04507,0.225349,0.0,0.0,0.0,0.585906,15.278632,0.180279,0.225349,0.0,1309.996178,0.090139,0.0,0.0,0.0,0.315488,8261.908736,0.0,42.545806,0.0,0.04507,246102.112368,0.360558,0.0,0.225349,0.04507,17.802535,0.04507,0.0,1.757719,0.585906,0.090139,1241.895847,0.0,10561.455456,0.360558,0.04507,0.540837,67.514425,16994.886075,0.090139,0.0,519.78896,0.0,423.294712,0.0,0.135209,0.270418,0.04507,0.0,0.405627,0.090139,0.676046,0.0,0.405627,0.090139,0.135209,0.0,0.090139,0.0,0.0,3707.254028,0.04507,0.0,0.04507,0.630976,0.676046,0.135209,0.0,0.270418,1.352091,0.0,0.0,49.892168,97.575921,1253.884389,0.135209
TCGA-DU-7298,0.0,0.310789,0.0,9255.618995,437.28068,0.155395,0.310789,0.155395,0.0,0.0,0.0,11.033024,1.864736,0.0,19.424337,0.155395,0.310789,43.976699,0.0,11.499208,0.0,0.0,59.049985,0.155395,0.155395,0.155395,0.0,0.0,0.776973,19.424337,0.932368,0.0,0.0,2877.288226,0.0,0.0,0.0,0.0,0.466184,11223.071264,0.0,44.909068,0.0,0.0,216351.531399,0.310789,0.0,0.310789,0.155395,6.060393,0.310789,0.0,2.952499,1.864736,0.776973,1089.161437,0.0,11548.623156,0.310789,0.0,0.776973,98.831028,24834.248246,0.466184,0.0,419.876474,0.155395,456.549622,0.0,0.0,0.310789,0.466184,0.0,0.776973,0.155395,0.466184,0.0,0.155395,0.0,0.621579,0.0,0.155395,0.0,0.0,8430.473149,0.0,0.0,0.0,0.310789,1.243158,0.0,0.0,2.175526,3.263289,0.0,0.0,104.736026,90.439714,2758.566677,0.310789
TCGA-HT-7482,0.0,0.0,0.0,17266.258211,171.115403,0.0,0.264475,0.264475,0.0,0.0,0.0,16.397457,1.983563,0.0,18.513258,0.132238,0.264475,8.198729,0.661188,12.430331,0.0,0.132238,34.910716,0.396713,0.0,0.0,0.132238,0.264475,0.396713,27.373175,0.925663,0.264475,0.0,2437.270469,0.132238,0.132238,0.264475,0.0,1.0579,6164.518335,0.0,78.681348,0.132238,0.0,191546.634633,0.264475,0.0,0.396713,0.0,7.537541,0.264475,0.0,1.454613,0.264475,0.264475,1646.886572,0.0,25125.400878,0.52895,0.0,0.925663,35.175191,35342.207003,0.132238,0.0,118.352616,0.0,316.312244,0.132238,0.264475,0.52895,0.396713,0.0,1.190138,0.0,0.264475,0.0,0.0,0.264475,0.52895,0.0,0.0,0.0,0.0,16878.669923,0.132238,0.132238,0.132238,0.52895,2.115801,0.264475,0.0,10.579005,1.983563,0.0,0.0,128.402671,23.934998,2319.446803,0.396713
TCGA-QH-A65R,0.0,0.0,0.0,8684.548581,215.594674,0.0,0.344584,0.0,0.114861,0.0,0.0,45.829662,0.229723,0.0,9.188905,0.114861,0.0,15.965722,0.574307,3.216117,0.0,0.114861,6.202511,0.0,0.0,0.0,0.0,0.0,0.0,17.114335,0.0,0.114861,0.0,833.089062,0.0,0.0,0.0,0.0,0.229723,5297.173769,0.0,17.803503,0.0,0.0,247403.445288,0.114861,0.0,0.0,0.0,28.255882,0.0,0.0,0.344584,1.378336,0.0,986.084323,0.0,7639.080963,0.459445,0.0,0.459445,564.658187,21118.744538,0.0,0.0,159.082911,0.0,292.322027,0.0,0.0,0.344584,0.0,0.0,0.229723,0.0,0.344584,0.0,0.0,0.114861,0.804029,0.0,0.0,0.0,0.0,4326.251138,0.0,0.0,0.0,1.263474,0.574307,0.114861,0.114861,0.229723,1.148613,0.0,0.0,45.370216,22.627678,823.900157,0.0
TCGA-VM-A8C9,0.0,0.488289,0.244144,21437.097299,268.558818,0.244144,0.0,0.0,0.0,0.0,0.0,47.119865,1.709011,0.0,74.464036,0.244144,0.244144,17.578395,1.464866,11.230641,0.0,0.0,19.287406,0.0,0.0,0.0,0.0,0.244144,0.488289,58.594651,0.976578,0.244144,0.0,2568.643024,0.244144,0.0,0.0,0.0,0.488289,3495.170946,0.0,80.81179,0.0,0.0,121859.784464,0.244144,0.0,0.488289,0.0,35.156791,0.0,0.0,10.254064,5.859465,0.244144,3886.778532,0.0,30419.413189,0.0,0.0,0.0,48.828876,38420.75696,0.0,0.244144,586.434801,0.0,513.191487,0.244144,0.0,0.244144,0.244144,0.244144,0.976578,0.0,0.244144,0.0,0.0,0.0,0.0,0.0,0.244144,0.244144,0.0,32931.170572,0.0,0.0,0.0,2.197299,1.464866,0.244144,0.0,5.615321,5.859465,0.0,0.0,141.847885,55.17663,2406.287011,0.0
TCGA-DU-7008,0.0,0.0,0.0,11076.267381,225.306247,0.0,0.221105,0.0,0.221105,0.0,0.0,7.296473,0.221105,0.0,13.04521,0.221105,0.0,25.869314,0.221105,6.412052,0.0,0.0,24.100472,0.44221,0.0,0.0,0.0,0.0,0.44221,16.582894,0.0,0.221105,0.0,1745.847035,0.0,0.0,0.221105,0.0,0.0,7676.331988,0.0,28.743682,0.0,0.221105,238486.552268,0.0,0.0,0.0,0.0,10.834157,0.0,0.0,1.768842,0.221105,0.0,722.350844,0.0,13216.123968,0.663316,0.0,0.0,532.421436,21490.766755,0.0,0.0,213.808774,0.0,267.97956,0.0,0.0,0.0,0.221105,0.0,0.221105,0.0,0.0,0.0,0.0,0.0,0.0,0.0,0.221105,0.0,0.0,6151.5902,0.0,0.0,0.0,0.44221,0.44221,0.0,0.0,0.663316,1.768842,0.0,0.0,27.859261,36.703471,1706.932512,0.0
TCGA-HT-7608,0.245356,0.245356,0.0,14463.972316,205.117485,0.0,0.0,0.0,0.0,0.0,0.0,20.364535,0.736068,0.0,14.721351,0.245356,0.0,6.379252,0.0,2.453558,0.0,0.0,29.688057,0.0,0.0,0.0,0.0,0.0,0.0,44.654763,0.0,0.245356,0.0,2437.610303,0.245356,0.0,0.0,0.0,0.0,5124.011431,0.0,43.67334,0.0,0.0,217392.637803,0.0,0.0,0.0,0.245356,11.531725,0.0,0.0,1.717491,1.226779,0.0,1630.389578,0.0,15419.878681,0.245356,0.0,0.490712,43.918696,47354.904528,0.0,0.0,137.644628,0.0,218.121345,0.0,0.0,0.490712,0.0,0.245356,1.226779,0.0,0.245356,0.0,0.245356,0.245356,0.245356,0.0,0.0,0.0,0.0,13815.742178,0.0,0.0,0.0,0.245356,0.245356,0.245356,0.0,2.94427,1.962847,0.0,0.0,69.190348,13.985283,2320.33021,0.0
TCGA-S9-A7R4,0.0,0.414187,0.0,8011.761813,410.459553,0.0,0.0,0.276125,0.0,0.138062,0.0,18.362301,0.55225,0.0,13.944304,0.0,0.138062,5.798621,0.276125,6.765058,0.0,0.0,6.626996,0.0,0.138062,0.0,0.138062,0.0,0.276125,12.01143,0.414187,0.0,0.0,1430.602721,0.138062,0.0,0.0,0.138062,0.276125,3477.93024,0.0,13.115929,0.0,0.0,250271.810375,0.276125,0.0,0.0,0.0,5.522497,0.0,0.0,0.414187,0.276125,0.0,569.92164,0.0,4531.070325,0.0,0.0,0.276125,29.959544,19842.468026,0.0,0.0,125.774858,0.0,314.230051,0.0,0.0,0.276125,0.0,0.0,0.138062,0.0,0.276125,0.0,0.276125,0.138062,3.175435,0.138062,0.414187,0.0,0.0,1725.918222,0.138062,0.0,0.0,1.518687,0.690312,0.0,0.0,1.104499,1.794811,0.0,0.0,37.276851,7.869558,1407.822423,0.0
TCGA-DU-5851,0.0,0.0,0.0,14216.924613,305.644727,0.0,1.699479,0.0,0.261458,0.0,0.0,11.765623,5.752082,0.0,31.374993,0.261458,0.784375,84.058836,0.261458,4.57552,0.130729,0.0,44.447907,0.0,0.0,0.0,0.0,0.130729,0.915104,12.811456,0.784375,0.522917,0.0,1981.461562,0.130729,0.0,0.0,0.0,0.392187,8981.09186,0.0,111.119768,0.0,0.0,173147.0844,0.261458,0.0,0.130729,0.0,9.935415,0.130729,0.0,4.967707,1.830208,0.261458,2268.80421,0.0,17508.553608,0.130729,0.0,0.784375,26.799474,27860.863408,0.392187,0.0,1010.274787,0.0,364.211382,0.0,0.0,0.0,0.261458,0.130729,2.222395,0.261458,0.392187,0.0,0.0,0.261458,0.130729,0.0,0.261458,0.0,0.0,15108.7588,0.261458,0.0,0.392187,0.261458,0.915104,0.392187,0.0,1.830208,1.045833,0.0,0.0,133.212993,197.662458,1813.997535,0.784375
TCGA-DU-6399,0.0,0.342437,0.171219,14621.480331,356.477397,0.0,0.085609,0.085609,0.085609,0.0,0.0,5.307781,1.626578,0.085609,21.059904,0.0,2.225843,5.222171,0.171219,5.39339,0.0,0.0,19.176498,0.085609,0.256828,0.085609,0.0,0.085609,1.112922,28.165481,1.28414,0.428047,0.0,2031.42463,0.0,0.0,0.0,0.0,0.0,6812.108417,0.0,75.935507,0.085609,0.0,207573.603722,0.342437,0.0,0.0,0.0,10.444343,0.342437,0.0,0.513656,0.342437,0.0,1101.107657,0.0,22203.559381,0.171219,0.0,1.112922,27.908653,34997.964637,0.085609,0.0,173.102137,0.0,371.630255,0.0,0.0,0.342437,0.342437,0.171219,2.397062,0.0,0.428047,0.0,0.0,0.0,0.256828,0.0,0.171219,0.0,0.085609,6344.938111,0.0,0.0,0.0,1.198531,3.167547,0.171219,0.0,1.797797,0.856094,0.0,0.0,46.229057,8.817765,1936.398234,0.0
TCGA-E1-A7YI,0.27745,0.0,0.184966,15205.806982,337.471123,0.0,0.092483,0.092483,0.0,0.0,0.0,46.149107,0.0,0.0,16.739456,0.0,0.092483,10.080667,0.27745,9.618251,0.0,0.0,8.693419,0.0,0.27745,0.0,0.0,0.0,0.462416,20.253816,0.27745,0.462416,0.0,1180.177858,0.0,0.0,0.092483,0.0,0.369933,5678.189793,0.0,19.606434,0.092483,0.0,214757.0416,0.092483,0.0,0.184966,0.184966,12.577712,0.092483,0.0,0.647382,2.219596,0.0,1316.498065,0.0,7589.817121,0.647382,0.0,0.369933,7.121205,9053.270959,0.184966,0.184966,407.388407,0.0,356.337692,0.0,0.184966,0.092483,0.092483,0.0,0.462416,0.184966,0.0,0.0,0.27745,0.0,0.27745,0.0,0.184966,0.184966,0.092483,9914.289363,0.0,0.0,0.0,1.664697,1.387248,0.462416,0.0,0.27745,1.294765,0.0,0.0,55.489908,21.641064,1117.844195,0.0
TCGA-FG-A710,0.0,0.097452,0.0,9281.765371,184.087762,0.097452,0.682167,0.0,0.0,0.0,0.0,14.130612,0.097452,0.0,18.808331,0.097452,0.194905,19.880309,0.194905,1.461787,0.097452,0.0,8.380915,0.0,0.097452,0.0,0.097452,0.0,0.38981,24.655481,0.0,0.097452,0.0,1031.242295,0.0,0.0,0.0,0.0,0.0,4723.035138,0.0,19.880309,0.0,0.0,263013.854821,0.0,0.194905,0.0,0.0,13.643349,0.097452,0.0,1.071977,0.584715,0.097452,1121.580757,0.0,9051.874937,0.194905,0.0,0.292357,160.894068,25670.54625,0.0,0.0,185.744454,0.0,238.953516,0.0,0.097452,0.292357,0.0,0.0,0.292357,0.097452,0.0,0.0,0.292357,0.0,0.38981,0.0,0.097452,0.0,0.0,3483.244505,0.097452,0.0,0.0,0.38981,0.682167,0.0,0.0,0.584715,1.16943,0.0,0.0,30.015368,27.773961,991.774035,0.0
TCGA-HT-7693,0.365182,0.0,0.121727,16486.041326,373.216494,0.0,0.0,0.0,0.0,0.121727,0.0,9.251289,0.608637,0.0,12.172749,0.365182,0.243455,3.40837,0.97382,8.155742,0.121727,0.0,20.085036,0.365182,0.0,0.0,0.0,0.0,0.730365,12.659659,0.608637,0.121727,0.0,3054.386262,0.121727,0.0,0.0,0.121727,0.121727,6124.840552,0.0,26.780049,0.121727,0.243455,211909.306688,0.121727,0.0,0.0,0.0,15.824574,0.121727,0.0,0.852092,0.48691,0.365182,996.339533,0.0,29167.855031,0.365182,0.0,1.339002,91.904257,21834.747381,0.0,0.0,135.847883,0.0,330.977054,0.0,0.121727,0.365182,0.121727,0.0,1.095547,0.0,0.730365,0.0,0.0,0.121727,1.217275,0.0,0.0,0.0,0.0,15625.062766,0.0,0.0,0.0,0.0,0.97382,0.121727,0.0,2.312822,1.095547,0.0,0.0,41.022165,11.077202,2967.472831,0.0
TCGA-TQ-A7RR,0.360619,0.0,0.0,19222.78245,305.083462,0.0,0.360619,0.120206,0.0,0.0,0.0,16.588462,0.841444,0.120206,27.88785,0.120206,0.360619,25.483725,0.480825,9.6165,0.0,0.0,10.217531,0.120206,0.0,0.0,0.0,0.240412,0.480825,21.276506,0.240412,0.721237,0.0,1558.353823,0.0,0.0,0.0,0.0,0.480825,6631.778806,0.0,41.831775,0.0,0.0,202423.718616,0.120206,0.120206,0.0,0.0,4.087012,0.360619,0.0,2.404125,0.240412,0.0,1860.912954,0.0,10894.773252,0.360619,0.0,1.322269,167.3271,22365.935472,0.0,0.0,331.889456,0.0,299.553975,0.0,0.0,0.360619,0.240412,0.120206,0.601031,0.0,0.240412,0.0,0.120206,0.120206,0.360619,0.0,0.120206,0.120206,0.0,11859.428407,0.0,0.0,0.0,0.601031,0.841444,0.0,0.0,2.644537,1.322269,0.0,0.0,85.106025,49.284562,1463.751505,0.240412
TCGA-DU-6395,0.110515,0.221031,0.0,12510.127359,364.700969,0.0,0.110515,0.110515,0.0,0.0,0.0,8.73072,1.768247,0.0,37.243705,0.0,0.442062,9.393813,0.442062,5.525772,0.110515,0.0,22.213604,0.0,0.110515,0.0,0.110515,0.110515,0.663093,29.507624,0.331546,0.221031,0.0,2815.27045,0.0,0.110515,0.0,0.0,0.0,5125.927377,0.0,69.072153,0.110515,0.0,230527.592999,0.221031,0.110515,0.0,0.221031,8.399174,0.110515,0.0,0.442062,0.773608,0.110515,933.966027,0.0,22185.312519,0.773608,0.0,0.773608,245.454804,26414.84912,0.0,0.221031,271.867995,0.0,452.781779,0.0,0.0,0.994639,0.0,0.221031,2.43134,0.0,0.221031,0.0,0.0,0.221031,0.552577,0.0,0.0,0.0,0.0,7807.474137,0.0,0.0,0.0,0.331546,2.873402,0.221031,0.0,1.878763,0.221031,0.0,0.0,49.621435,18.566595,2769.40654,0.221031
TCGA-QH-A65X,0.0,0.0,0.0,17336.402841,319.905955,0.0,0.290691,0.145346,0.145346,0.0,0.0,57.55691,1.308112,0.145346,15.406648,0.0,0.0,10.464893,0.726729,5.668484,0.0,0.0,12.790424,0.0,0.145346,0.0,0.0,0.0,0.145346,11.773004,0.290691,0.290691,0.145346,2013.038384,0.145346,0.0,0.0,0.0,0.145346,6376.026559,0.0,18.168216,0.0,0.0,210051.035247,0.145346,0.0,0.145346,0.0,53.196538,0.0,0.0,0.581383,1.162766,0.0,3509.954075,0.0,19230.548417,0.145346,0.0,0.872074,131.537887,26839.397472,0.0,0.0,60.318479,0.0,385.892918,0.0,0.0,0.0,0.0,0.145346,0.145346,0.0,0.290691,0.0,0.0,0.145346,1.162766,0.0,0.0,0.0,0.0,11099.326802,0.0,0.0,0.0,1.01742,0.726729,0.290691,0.0,0.726729,1.889495,0.0,0.0,103.340815,24.418083,1930.482009,0.0
TCGA-S9-A7QX,0.0,0.113391,0.0,6553.542577,316.474104,0.0,0.0,0.113391,0.0,0.0,0.0,13.26674,0.680346,0.0,22.111233,0.226782,0.0,4.082074,0.226782,6.916847,0.0,0.0,4.422247,0.0,0.113391,0.0,0.0,0.113391,0.453564,23.358533,0.680346,0.226782,0.0,1804.730148,0.113391,0.0,0.0,0.0,0.453564,3728.634171,0.0,17.008641,0.0,0.0,259596.756883,0.113391,0.226782,0.113391,0.0,6.349892,0.0,0.0,0.566955,0.453564,0.0,896.582136,0.0,6001.101933,0.226782,0.0,0.907127,60.323978,18634.212971,0.0,0.0,39.800219,0.0,288.012979,0.0,0.0,0.340173,0.113391,0.113391,0.340173,0.0,0.340173,0.0,0.0,0.0,0.907127,0.0,0.226782,0.0,0.0,4156.004611,0.0,0.0,0.0,0.113391,0.566955,0.113391,0.0,1.360691,1.360691,0.0,0.0,55.67495,5.896329,1710.275498,0.0
TCGA-HT-7857,0.0,0.341924,0.0,11108.242752,469.119171,0.0,0.0,0.170962,0.0,0.0,0.0,17.09618,1.88058,0.0,21.541186,0.170962,0.0,41.543717,1.196733,7.693281,0.0,0.170962,42.398526,0.0,0.0,0.0,0.170962,0.854809,0.512885,31.627932,2.393465,1.196733,0.0,2381.839754,0.170962,0.170962,0.0,0.0,0.0,5846.722491,0.170962,40.859869,0.0,0.0,62631.854286,0.341924,0.0,0.0,0.0,59.494705,0.512885,0.0,5.983663,2.222503,0.341924,1655.252117,0.0,24504.29627,1.025771,0.170962,0.512885,11.112517,23728.471636,0.0,0.170962,4359.696782,0.0,569.302784,0.0,0.341924,0.341924,0.170962,0.0,1.367694,0.170962,0.512885,0.0,0.0,0.0,0.0,0.0,0.0,0.170962,0.0,106055.295884,0.0,0.0,0.0,3.76116,2.222503,0.854809,0.0,0.512885,9.573861,0.0,0.0,89.242058,104.62862,2372.436855,0.0
TCGA-HT-7875,0.0,0.352163,0.0,11816.125826,193.220111,0.117388,0.117388,0.0,0.0,0.117388,0.0,14.673459,0.117388,0.0,11.503992,0.0,0.0,22.538433,0.117388,3.169467,0.0,0.0,15.14301,0.0,0.117388,0.0,0.0,0.0,0.352163,17.373376,0.234775,1.056489,0.0,2193.036516,0.0,0.0,0.0,0.0,0.586938,7598.26933,0.0,51.298413,0.0,0.0,245736.538392,0.117388,0.0,0.234775,0.0,13.382195,0.0,0.0,0.821714,1.173877,0.0,2571.846539,0.0,15851.327103,0.117388,0.0,0.352163,769.593587,18728.264205,0.234775,0.0,340.189478,0.0,217.167196,0.0,0.117388,0.234775,0.234775,0.117388,1.056489,0.0,0.352163,0.0,0.117388,0.0,0.469551,0.0,0.0,0.0,0.0,12930.01746,0.0,0.0,0.0,1.291264,0.821714,0.0,0.0,0.939101,1.52604,0.0,0.0,42.494338,55.054819,2071.188111,0.117388
TCGA-VM-A8CH,0.0,0.0,0.0,7654.910659,347.49615,0.0,0.090048,0.180096,0.180096,0.0,0.0,10.085403,0.450241,0.090048,15.218152,0.090048,1.800965,4.322315,0.090048,7.6541,0.0,0.0,15.128104,0.180096,0.090048,0.090048,0.0,0.090048,0.450241,28.275147,0.540289,0.180096,0.0,2566.825022,0.090048,0.0,0.0,0.0,0.090048,5399.472443,0.0,33.137752,0.090048,0.180096,254747.635761,0.180096,0.090048,0.0,0.090048,2.431302,0.0,0.0,0.630338,0.900482,0.090048,718.044649,0.0,8373.225453,0.180096,0.0,0.990531,31.69698,21847.683586,0.0,0.0,83.024475,0.0,432.32159,0.090048,0.0,0.630338,0.180096,0.0,0.360193,0.0,0.180096,0.0,0.0,0.090048,0.630338,0.0,0.270145,0.0,0.0,5375.519612,0.0,0.0,0.0,2.251206,0.450241,0.0,0.0,0.810434,0.180096,0.0,0.0,61.142754,10.175451,2553.317787,0.180096
TCGA-P5-A72W,0.093621,0.093621,0.0,7277.63472,314.192347,0.093621,0.093621,0.0,0.187242,0.0,0.0,6.92796,1.310695,0.0,10.485561,0.093621,0.0,1.966043,0.187242,11.140909,0.093621,0.0,8.894003,0.093621,0.0,0.093621,0.0,0.0,0.468105,26.86925,0.468105,0.093621,0.0,1942.356564,0.280863,0.0,0.093621,0.0,0.187242,4914.73226,0.0,23.030786,0.0,0.0,249006.422874,0.093621,0.093621,0.187242,0.0,2.902254,0.0,0.0,0.280863,0.655348,0.187242,852.888047,0.0,6078.442295,0.374484,0.093621,0.655348,38.571885,15313.038467,0.0,0.0,24.903208,0.0,368.11809,0.093621,0.0,0.093621,0.187242,0.0,0.748969,0.0,0.280863,0.0,0.0,0.0,1.123453,0.0,0.187242,0.0,0.0,16608.566984,0.0,0.0,0.0,0.187242,0.655348,0.0,0.0,0.280863,2.527769,0.0,0.0,45.967951,5.523644,1914.831967,0.093621
TCGA-HT-7475,0.107537,0.0,0.0,14033.726712,310.460219,0.0,0.752761,0.0,0.0,0.0,0.0,22.152686,0.752761,0.0,17.421044,0.215075,0.430149,68.501268,1.61306,9.570821,0.215075,0.0,44.627984,0.107537,0.0,0.0,0.107537,0.0,0.860298,9.678358,0.752761,0.215075,0.0,2250.11071,0.0,0.0,0.0,0.0,0.0,8773.96926,0.0,36.992835,0.0,0.0,213718.470329,0.107537,0.0,0.0,0.0,6.989925,0.0,0.0,3.656269,2.150746,0.107537,1094.192146,0.0,13790.58485,0.107537,0.107537,1.075373,64.952536,8234.562105,0.0,0.0,466.711933,0.0,391.758426,0.0,0.215075,0.107537,0.107537,0.0,0.860298,0.322612,0.645224,0.0,0.215075,0.107537,0.215075,0.0,0.0,0.0,0.0,10487.146173,0.215075,0.0,0.0,0.107537,1.828134,0.0,0.0,0.752761,0.430149,0.0,0.0,101.19261,133.131192,2167.844666,0.215075
TCGA-FG-6692,123.243257,0.191372,0.0,20013.250564,487.231884,0.0,0.0,0.765486,0.0,0.0,0.0,45.35505,1.722344,0.0,12.247777,0.191372,0.0,16.266579,1.530972,12.247777,0.0,0.0,36.360588,0.0,0.0,0.0,0.0,0.382743,0.191372,24.495554,0.191372,0.382743,0.0,2608.967899,0.382743,0.0,0.0,0.0,0.191372,4700.849957,0.0,38.082932,0.0,0.0,164349.28517,0.191372,0.191372,0.0,0.0,44.015449,0.191372,0.0,7.654861,1.913715,0.0,916.286826,0.0,29008.477375,0.382743,0.0,0.574115,4.401545,31088.111657,0.0,0.0,954.56113,0.0,467.329246,0.0,0.0,1.148229,0.765486,0.191372,1.339601,0.0,0.191372,0.0,0.0,0.191372,0.0,0.0,0.956858,0.0,0.0,11321.347608,0.0,0.0,0.0,0.956858,3.444687,0.191372,0.0,0.574115,3.061944,0.0,0.0,93.963415,20.668124,2603.035382,0.191372
TCGA-DU-5872,2.185899,0.397436,0.0,7435.632733,644.045264,0.397436,0.198718,0.596154,0.0,0.0,0.0,7.551287,1.192308,0.198718,42.326949,0.198718,0.596154,14.705137,7.352569,13.314111,0.198718,0.0,15.897446,0.0,0.0,0.0,0.0,0.0,0.0,54.647469,1.987181,0.397436,0.0,1154.551985,0.0,0.0,0.198718,0.0,0.397436,3981.713963,0.0,26.032067,0.198718,0.0,60886.024258,0.596154,0.0,0.397436,0.198718,265.487341,0.0,0.0,5.961542,7.750005,3.179489,2111.776927,0.0,12170.289463,0.198718,0.0,0.794872,74.12184,25004.09856,0.0,0.198718,284.762994,0.0,400.814347,0.0,0.0,0.596154,0.0,0.0,1.391026,0.0,0.198718,0.0,0.198718,0.794872,0.0,0.0,0.397436,0.198718,0.0,14356.983102,0.0,0.0,0.0,6.358978,0.596154,0.198718,0.198718,0.99359,13.711547,0.0,0.0,177.0578,23.846168,1095.532718,0.198718
TCGA-TQ-A7RV,0.114402,0.0,0.0,7924.969678,415.393658,0.0,0.457608,0.114402,0.228804,0.0,0.0,14.185848,0.228804,0.0,23.223606,0.114402,0.343206,14.414652,0.228804,5.605698,0.0,0.0,12.698622,0.0,0.0,0.0,0.0,0.0,0.686412,32.375766,0.228804,0.457608,0.0,1386.895434,0.0,0.0,0.0,0.0,0.57201,4483.185537,0.0,31.46055,0.114402,0.0,258203.82455,0.114402,0.0,0.114402,0.114402,4.690482,0.0,0.0,0.57201,0.686412,0.0,1169.989244,0.0,6161.691667,0.343206,0.0,0.457608,53.425734,16881.959789,0.0,0.0,200.88991,0.0,323.185647,0.0,0.114402,0.800814,0.0,0.0,0.228804,0.114402,0.0,0.0,0.0,0.0,1.372824,0.0,0.457608,0.0,0.0,2485.497831,0.0,0.0,0.0,1.029618,0.800814,0.0,0.0,0.457608,0.57201,0.0,0.0,39.125484,28.714902,1339.76181,0.228804
TCGA-CS-6670,0.158665,0.0,0.0,14129.118725,244.026778,0.0,0.31733,0.31733,0.0,0.0,0.0,13.96252,1.26932,0.0,24.117081,0.158665,0.31733,47.599502,0.158665,4.283955,0.31733,0.0,31.733001,0.158665,0.0,0.0,0.0,0.0,0.95199,13.32786,0.63466,0.31733,0.0,1413.705198,0.475995,0.0,0.0,0.0,0.0,5368.430456,0.0,79.649833,0.158665,0.158665,237790.29151,0.31733,0.31733,0.158665,0.0,24.275746,0.158665,0.0,1.90398,1.110655,0.31733,1303.115689,0.0,17667.507009,0.0,0.158665,0.158665,274.807789,24394.109911,0.158665,0.0,632.756041,0.0,244.661438,0.158665,0.0,0.31733,0.0,0.0,0.31733,0.0,0.475995,0.0,0.31733,0.0,0.31733,0.0,0.0,0.0,0.0,5982.146696,0.0,0.0,0.0,0.95199,0.63466,0.0,0.0,0.793325,1.58665,0.0,0.0,64.100662,85.520438,1320.251509,0.0
TCGA-DU-A7TC,0.0,0.1504,0.0,5007.704218,450.296325,0.0,0.751998,0.1504,0.1504,0.0,0.0,13.98716,0.300799,0.0,24.214331,0.0,0.0,34.441502,0.1504,5.263985,0.0,0.0,14.588759,0.0,0.0,0.0,0.0,0.0,0.300799,23.011135,0.300799,0.0,0.0,965.264466,0.751998,0.0,0.1504,0.0,0.300799,3609.288978,0.0,44.217475,0.0,0.0,260107.039377,0.300799,0.1504,0.1504,0.0,5.564784,0.0,0.0,0.902397,0.751998,0.300799,627.015824,0.0,4350.909278,0.0,0.1504,0.0,79.862174,10855.841256,0.0,0.0,376.901333,0.0,376.901333,0.0,0.0,0.300799,0.0,0.0,0.751998,0.0,0.451199,0.0,0.451199,0.0,0.1504,0.0,0.1504,0.1504,0.0,3647.189671,0.0,0.0,0.0,0.902397,0.751998,0.300799,0.0,0.601598,0.751998,0.0,0.0,27.372722,37.299094,923.603784,0.0
TCGA-TQ-A7RH,0.253752,0.084584,0.084584,8900.587773,314.567282,0.0,0.422919,0.338335,0.084584,0.0,0.0,21.653462,2.537515,0.0,34.763956,0.253752,0.084584,23.514306,0.253752,10.572979,0.084584,0.0,11.757153,0.084584,0.0,0.0,0.0,0.084584,0.422919,37.386055,0.592087,0.253752,0.0,1801.635682,0.084584,0.0,0.0,0.0,0.0,5512.497685,0.0,30.619348,0.084584,0.0,232691.736751,0.169168,0.084584,0.169168,0.169168,12.34924,0.084584,0.0,1.184174,0.761255,0.169168,1387.597811,0.0,7258.646371,0.253752,0.0,0.930422,169.083086,35008.31882,0.084584,0.0,133.980794,0.0,303.740551,0.0,0.084584,0.338335,0.0,0.0,1.353341,0.0,0.0,0.0,0.0,0.0,0.253752,0.0,0.169168,0.0,0.0,9316.401905,0.0,0.0,0.084584,0.253752,0.507503,0.0,0.0,2.283764,1.353341,0.0,0.0,69.781664,36.117297,1729.654839,0.0
TCGA-FG-5964,0.30749,0.0,0.61498,7340.401914,382.210103,0.0,0.30749,0.0,0.0,0.0,0.0,7.687251,2.15243,0.0,47.968444,0.0,0.30749,43.048604,1.22996,3.68988,0.0,0.0,22.446772,0.0,0.0,0.0,0.0,0.0,0.0,32.901433,0.30749,0.30749,0.0,996.267686,0.0,0.0,0.30749,0.0,0.0,5945.934644,0.30749,39.358723,0.0,0.0,225637.718941,0.30749,0.0,0.0,0.0,21.524302,0.30749,0.0,3.0749,1.22996,0.0,1089.744654,0.0,13135.051465,0.0,0.0,3.0749,57.500635,29720.448517,0.61498,0.0,726.598933,0.0,377.597753,0.0,0.0,0.92247,0.0,0.61498,0.92247,0.0,0.0,0.0,0.0,0.0,0.0,0.0,0.0,0.0,0.0,3130.55596,0.0,0.0,0.0,2.76741,0.30749,2.15243,0.0,0.92247,0.92247,0.0,0.0,60.268045,69.492746,991.655336,0.0
TCGA-F6-A8O4,0.0,0.0,0.0,9940.141103,499.84443,0.194341,1.360385,0.0,0.388682,0.0,0.0,13.020831,1.360385,0.0,27.402047,0.194341,0.388682,41.200241,0.777363,11.660445,0.0,0.0,42.560626,0.388682,0.0,0.0,0.194341,0.0,1.360385,25.458639,0.388682,0.0,0.0,3523.203606,0.0,0.0,0.0,0.0,0.971704,5101.833586,0.0,88.036363,0.0,0.0,201484.724525,0.194341,0.0,0.194341,0.194341,21.766165,0.194341,0.0,1.360385,1.166045,0.194341,1234.258156,0.0,17108.982993,0.0,0.0,2.52643,83.760867,40163.238463,0.0,0.0,693.213485,0.0,487.01794,0.0,0.0,0.388682,0.0,0.0,0.777363,0.0,0.388682,0.0,0.777363,0.0,0.388682,0.0,0.0,0.0,0.0,8249.959529,0.194341,0.0,0.0,0.388682,1.166045,0.583022,0.0,1.943408,0.777363,0.0,0.0,89.202408,76.95894,3408.7369,0.0
TCGA-TM-A84I,0.797648,0.132941,0.0,11132.51024,303.106321,0.0,0.0,0.0,0.0,0.0,0.0,6.514127,2.127062,0.0,4.387065,0.265883,0.398824,17.814143,0.265883,9.837661,0.0,0.0,9.70472,0.132941,0.0,0.0,0.0,0.265883,0.132941,38.685938,1.861179,0.797648,0.0,2045.435903,0.0,0.0,0.0,0.0,0.0,10024.178047,0.0,37.489466,0.0,0.132941,198440.385035,0.132941,0.132941,0.0,0.0,2.127062,0.398824,0.0,0.531765,0.531765,0.265883,2396.534059,0.0,10754.823811,0.132941,0.0,1.329414,759.228158,15999.360818,0.132941,0.0,792.596442,0.0,446.948883,0.132941,0.0,0.132941,1.462355,0.0,1.196472,0.0,0.132941,0.132941,0.0,0.265883,0.265883,0.0,0.265883,0.0,0.0,18024.057868,0.0,0.0,0.0,7.577658,1.861179,0.132941,0.0,4.387065,7.311775,0.0,0.0,52.644782,54.505961,1952.642828,0.0
TCGA-RY-A840,0.0,0.0,0.0,20646.683747,242.764255,0.0,0.0,0.138722,0.069361,0.0,0.069361,20.669642,0.208084,0.0,16.507969,0.138722,0.0,0.208084,0.624251,6.173148,0.208084,0.0,13.456076,0.208084,0.0,0.0,0.0,0.138722,0.346806,14.219049,0.832335,0.416167,0.0,3219.539554,0.069361,0.0,0.069361,0.0,0.0,5418.56754,0.069361,39.674615,0.0,0.069361,224683.242934,0.0,0.069361,0.069361,0.0,54.448554,0.138722,0.0,0.832335,3.676144,0.069361,2388.522827,0.0,23119.064284,0.138722,0.069361,0.971057,1160.343779,29155.085367,0.0,0.0,5.548897,0.0,243.0417,0.0,0.069361,0.0,0.069361,0.0,0.832335,0.069361,0.138722,0.0,0.346806,0.277445,0.55489,0.0,0.0,0.0,0.0,9411.068482,0.0,0.0,0.0,0.138722,0.55489,0.138722,0.0,1.248502,7.42165,0.0,0.0,99.394622,1.040418,3078.528202,0.0
TCGA-HW-8322,0.0,0.0,0.0,16127.238397,230.118894,0.142224,0.0,0.284449,0.142224,0.0,0.0,20.764746,0.142224,0.0,10.097924,0.0,0.142224,16.213569,0.142224,2.560037,0.0,0.0,21.049194,0.0,0.284449,0.0,0.142224,0.0,0.99557,18.062484,0.284449,0.284449,0.0,1588.929717,0.0,0.0,0.284449,0.0,0.284449,7716.947503,0.0,40.81837,0.0,0.0,220392.317158,0.0,0.0,0.142224,0.0,32.996034,0.0,0.0,2.560037,0.568897,0.142224,1729.731759,0.0,30068.062854,0.284449,0.0,0.711121,546.852377,20162.141374,0.0,0.0,314.315671,0.0,239.079024,0.0,0.142224,0.284449,0.0,0.0,0.99557,0.0,1.137794,0.0,0.142224,0.0,0.711121,0.0,0.0,0.0,0.0,12585.427017,0.0,0.0,0.0,0.426673,1.137794,0.142224,0.0,0.0,0.711121,0.0,0.0,70.827694,37.83166,1474.296943,0.142224
TCGA-DU-A5TP,0.317177,0.079294,0.0,3593.377218,177.460516,0.0,0.079294,0.079294,0.0,0.0,0.0,5.947068,1.982356,0.0,13.480021,0.237883,4.281889,5.78848,0.792942,7.85013,0.0,0.0,7.612247,0.0,0.0,0.079294,0.0,0.237883,0.396471,12.607785,0.872237,0.634354,0.0,1424.283196,0.0,0.0,0.0,0.0,0.634354,3724.767779,0.0,25.612041,0.0,0.079294,265978.027882,0.079294,0.158588,0.079294,0.0,4.123301,0.079294,0.0,1.189414,0.158588,0.237883,731.330805,0.0,3258.438335,0.158588,0.0,0.317177,34.889467,24111.317699,0.0,0.0,146.773644,0.0,244.464152,0.079294,0.0,0.0,0.317177,0.0,1.427296,0.0,0.158588,0.079294,0.0,0.317177,0.55506,0.0,0.0,0.0,0.158588,6763.481766,0.0,0.0,0.0,0.079294,0.713648,0.396471,0.0,0.792942,1.110119,0.0,0.0,31.479815,11.656254,1399.464098,0.0
TCGA-E1-5322,0.0,0.0,0.085244,3670.940082,103.486004,0.0,0.170488,0.085244,0.0,0.0,0.0,10.48499,0.0,0.0,9.376821,0.340975,0.255731,2.813046,0.426219,6.563775,0.0,0.0,8.353895,0.170488,0.085244,0.0,0.0,0.0,0.255731,33.927042,0.085244,0.340975,0.0,790.380746,0.085244,0.085244,0.0,0.085244,0.937682,3537.107276,0.0,9.547308,0.085244,0.0,283288.502185,0.0,0.0,0.0,0.0,11.337429,0.0,0.0,0.340975,0.085244,0.0,389.9905,0.0,6323.045966,0.085244,0.0,0.170488,99.3943,15701.827329,0.0,0.0,99.479544,0.0,219.758581,0.0,0.0,0.085244,0.085244,0.085244,0.767194,0.0,0.085244,0.085244,0.0,0.085244,0.511463,0.0,0.0,0.0,0.170488,1988.99417,0.0,0.0,0.0,0.085244,0.596707,0.0,0.0,0.852438,1.875364,0.0,0.0,18.156935,6.649018,764.722354,0.0
TCGA-HT-A5R5,0.0,0.104775,0.0,6741.428468,279.225185,0.0,0.838199,0.0,0.0,0.0,0.0,20.640661,0.62865,0.0,24.831658,0.104775,4.610097,17.602188,0.733425,6.81037,0.104775,0.0,11.630017,0.0,0.0,0.0,0.0,0.0,0.4191,45.157994,0.0,0.942974,0.0,1269.767362,0.104775,0.0,0.0,0.0,0.104775,3151.629858,0.0,41.071772,0.104775,0.0,237117.608181,0.20955,0.0,0.104775,0.0,10.791818,0.104775,0.0,1.466849,0.4191,0.0,1261.280593,0.0,9632.587853,0.942974,0.0,0.314325,100.374382,52270.326022,0.0,0.0,226.837721,0.0,329.098051,0.0,0.0,0.523875,0.104775,0.0,1.781174,0.0,0.104775,0.104775,0.0,0.4191,0.20955,0.0,0.104775,0.104775,0.0,7158.747009,0.0,0.0,0.0,0.314325,0.838199,0.314325,0.0,3.248023,0.4191,0.0,0.0,47.986917,31.851578,1219.056296,0.104775
TCGA-S9-A7QW,0.108167,0.108167,0.0,7094.360391,215.252675,0.0,0.432669,0.108167,0.0,0.0,0.0,6.49003,0.540836,0.0,13.412729,0.216334,0.108167,5.841027,0.0,3.353182,0.0,0.0,4.543021,0.0,0.0,0.0,0.0,0.0,0.540836,20.335429,0.324502,0.108167,0.0,1914.667133,0.0,0.0,0.0,0.0,0.0,8553.860059,0.0,21.849769,0.0,0.0,279273.25505,0.108167,0.0,0.108167,0.0,4.110353,0.0,0.0,1.298006,0.75717,0.0,752.627191,0.108167,5449.137686,0.216334,0.108167,0.649003,28.015298,14332.474955,0.0,0.0,73.553678,0.0,374.907422,0.0,0.0,0.432669,0.216334,0.108167,0.540836,0.0,0.540836,0.0,0.108167,0.0,0.0,0.0,0.108167,0.0,0.0,4104.078887,0.0,0.0,0.0,0.0,0.75717,0.108167,0.0,0.973505,0.108167,0.0,0.0,21.200766,8.869708,1900.929902,0.0
TCGA-KT-A7W1,14.088112,0.0,0.0,18975.889923,371.60719,0.0,1.860694,0.0,0.0,0.0,0.0,32.695053,0.79744,0.0,15.948806,0.265813,0.531627,9.835097,0.265813,7.176963,0.0,0.0,9.30347,0.265813,0.0,0.0,0.0,0.0,0.265813,39.606203,0.265813,1.860694,0.0,1158.946603,0.0,0.0,0.0,0.0,0.0,2592.47849,0.0,23.657396,0.0,0.0,171573.804298,0.0,0.0,0.0,0.0,8.240217,0.0,0.0,5.582082,0.0,0.265813,960.383962,0.0,13186.207366,0.265813,0.0,0.265813,3.455575,40186.207632,0.0,0.0,494.413,0.0,415.466408,0.0,0.0,0.531627,0.0,0.0,1.329067,0.0,0.265813,0.0,0.0,0.0,0.0,0.0,0.0,0.0,0.0,8242.343177,0.265813,0.0,0.0,6.113709,1.063254,0.0,0.0,1.594881,1.860694,0.0,0.265813,49.707113,20.733448,1090.632548,0.0
TCGA-DB-A4X9,0.0,0.0,0.0,9250.544207,215.356702,0.0,0.222591,0.0,0.111295,0.0,0.0,18.36375,2.337205,0.0,16.583023,0.0,0.111295,17.1395,0.111295,3.227568,0.0,0.0,7.568091,0.111295,0.0,0.0,0.0,0.0,0.445182,26.265727,0.111295,0.0,0.0,2588.843543,0.111295,0.0,0.0,0.0,0.222591,5020.20402,0.0,55.759022,0.0,0.0,225103.513119,0.0,0.0,0.0,0.0,9.126227,0.0,0.0,5.230886,0.0,0.333886,1403.88085,0.0,14482.766066,0.333886,0.0,0.222591,416.022405,42532.22532,0.0,0.0,146.576112,0.111295,291.594088,0.0,0.0,0.222591,0.0,0.0,0.667773,0.0,0.0,0.111295,0.111295,0.111295,0.333886,0.0,0.111295,0.0,0.0,13088.122738,0.0,0.0,0.0,0.0,1.112955,0.222591,0.0,1.558136,0.779068,0.0,0.0,40.40025,50.082954,2527.185862,0.0
TCGA-E1-A7YS,0.0,0.122629,0.0,9052.43607,312.702682,0.0,0.0,0.0,0.122629,0.0,0.0,9.197138,0.490514,0.0,18.02639,0.0,0.122629,5.150397,0.0,1.226285,0.0,0.0,6.131425,0.0,0.490514,0.0,0.0,0.0,0.367886,0.490514,0.122629,0.0,0.0,1134.681536,0.245257,0.0,0.0,0.122629,0.367886,4853.268252,0.0,20.601588,0.0,0.0,230236.608017,0.245257,0.122629,0.122629,0.0,7.725596,0.122629,0.0,1.226285,0.735771,0.0,1318.256404,0.0,10965.808598,0.981028,0.0,0.367886,266.226479,12500.381681,0.0,0.0,209.817368,0.0,299.090918,0.0,0.122629,0.245257,0.0,0.0,0.367886,0.245257,0.0,0.0,0.0,0.0,0.490514,0.0,0.367886,0.0,0.0,6451.730785,0.0,0.0,0.0,0.735771,0.735771,0.0,0.122629,0.245257,0.613143,0.0,0.0,20.969474,11.527079,1123.522342,0.0
TCGA-R8-A6MK,0.084206,0.0,0.084206,6628.952463,173.380246,0.084206,0.0,0.0,0.168412,0.0,0.0,11.115198,0.252618,0.0,20.714687,0.0,0.168412,5.557599,0.0,3.031418,0.0,0.0,9.767901,0.084206,0.0,0.0,0.0,0.0,0.168412,22.98825,0.084206,0.168412,0.0,1341.318087,0.168412,0.0,0.0,0.0,0.0,2930.791389,0.0,24.840783,0.0,0.0,269817.555815,0.0,0.0,0.0,0.0,6.568071,0.0,0.0,1.094679,0.084206,0.084206,782.947804,0.0,8058.265867,0.168412,0.0,0.252618,11.536228,36620.451021,0.0,0.0,127.31954,0.0,225.924818,0.0,0.084206,0.168412,0.084206,0.0,0.926266,0.0,0.168412,0.0,0.084206,0.0,0.084206,0.0,0.168412,0.084206,0.0,5452.088781,0.0,0.0,0.0,0.336824,0.252618,0.168412,0.0,1.347297,0.252618,0.0,0.0,20.125245,14.736058,1320.350782,0.084206
TCGA-S9-A6TU,0.0,0.177744,0.0,7511.657814,501.061579,0.0,0.355489,0.355489,0.0,0.0,0.0,30.03881,1.244211,0.0,9.420455,0.533233,0.0,4.7991,0.533233,7.287522,0.177744,0.0,9.064966,0.0,0.177744,0.0,0.0,0.355489,0.355489,14.575044,1.066467,0.0,0.0,2756.283044,0.355489,0.0,0.0,0.0,0.177744,6499.580967,0.0,37.681821,0.0,0.0,216678.116371,0.0,0.0,0.0,0.0,5.865567,0.0,0.0,1.244211,0.710978,0.0,2007.090226,0.0,6891.507459,0.0,0.0,1.066467,35.904377,29168.573716,0.0,0.0,42.658666,0.0,576.247477,0.0,0.0,0.177744,0.0,0.0,1.066467,0.0,0.177744,0.0,0.0,0.0,0.888722,0.0,0.0,0.0,0.177744,12798.84395,0.0,0.0,0.177744,1.066467,0.710978,0.177744,0.0,3.021655,1.777444,0.0,0.0,91.538387,9.953689,2674.698345,0.0
TCGA-DB-A4XG,0.0,0.0,0.0,5699.672963,149.632242,0.0,0.657724,0.0,0.0,0.0,0.0,29.268724,0.0,0.0,5.755086,0.0,0.0,6.41281,0.164431,2.630897,0.0,0.0,4.7685,0.0,0.328862,0.0,0.0,0.0,0.328862,8.057121,0.164431,0.328862,0.0,968.498796,0.164431,0.0,0.0,0.0,0.164431,3830.420958,0.0,14.469931,0.0,0.0,278506.709691,0.0,0.0,0.164431,0.0,11.839035,0.0,0.0,0.328862,0.164431,0.164431,665.287967,0.0,8456.030401,0.328862,0.0,0.164431,126.940759,16580.403405,0.164431,0.0,107.209035,0.0,182.68288,0.0,0.0,0.0,0.0,0.0,0.328862,0.0,0.0,0.0,0.0,0.0,0.493293,0.0,0.164431,0.0,0.0,3484.129199,0.0,0.0,0.0,0.328862,0.328862,0.0,0.0,0.328862,0.986586,0.0,0.0,13.647776,20.060586,956.659761,0.0
TCGA-HW-7489,0.0,0.201747,0.0,11319.435366,342.365156,0.0,1.613978,0.403495,0.0,0.0,0.0,26.83239,1.210484,0.0,18.964246,0.0,0.605242,72.225531,0.201747,6.254166,0.201747,0.0,36.51626,0.0,0.0,0.0,0.0,0.0,1.008736,18.560751,0.201747,0.403495,0.0,1950.896323,0.201747,0.0,0.0,0.0,0.0,5643.88052,0.0,85.339105,0.0,0.201747,217822.517257,0.403495,0.0,0.0,0.0,12.710079,0.403495,0.0,2.21922,0.403495,0.0,1397.301751,0.0,12349.557044,0.403495,0.0,0.403495,14.525805,27162.852029,0.403495,0.0,558.638254,0.0,280.025243,0.201747,0.0,0.605242,0.201747,0.0,1.210484,0.403495,0.0,0.0,0.403495,0.0,0.605242,0.0,0.0,0.0,0.0,4853.838121,0.0,0.0,0.0,0.605242,0.403495,0.201747,0.0,0.403495,2.824462,0.0,0.0,79.084939,161.397834,1858.496063,0.201747
TCGA-DU-A5TT,21.195405,0.271736,0.271736,5953.463044,274.725051,0.0,2.989096,0.0,0.0,0.0,0.0,35.869146,1.35868,0.0,45.108169,0.271736,0.0,18.749781,0.815208,10.869438,0.271736,0.0,11.956382,0.0,0.0,0.0,0.0,0.271736,0.0,139.400545,0.271736,0.543472,0.0,1591.55749,0.271736,0.543472,0.0,0.0,0.0,3672.783171,0.0,57.064551,0.0,0.0,209611.409432,0.271736,0.0,0.271736,0.0,16.847629,0.0,0.0,9.510758,0.815208,0.0,1143.736636,0.0,6426.555342,0.0,0.0,0.815208,120.650764,43316.069948,0.0,0.0,212.769253,0.0,363.310972,0.0,0.0,0.543472,0.0,0.0,0.543472,0.0,0.0,0.0,0.0,0.0,0.0,0.0,0.0,0.0,0.0,8276.261989,0.271736,0.0,0.0,10.869438,3.532567,0.271736,0.0,0.815208,2.71736,0.0,0.0,48.369,36.95609,1543.731962,0.271736
TCGA-QH-A6XC,16.555181,0.17245,0.0,18436.608057,422.502009,0.0,2.241847,0.3449,0.17245,0.0,0.0,40.353253,1.379598,0.0,29.661366,0.3449,0.689799,47.251245,0.3449,8.105141,0.0,0.17245,18.452129,0.17245,0.0,0.0,0.0,0.0,1.034699,25.52257,0.3449,0.689799,0.0,2343.075425,0.17245,0.0,0.0,0.0,0.17245,5078.301694,0.0,50.182892,0.17245,0.17245,152083.30567,0.3449,0.0,0.517349,0.0,14.658233,0.0,0.0,4.656145,2.414297,0.0,2103.715103,0.0,15883.316327,0.3449,0.0,0.517349,5.345944,55333.967144,0.0,0.0,247.982812,0.0,460.268515,0.0,0.0,0.517349,0.0,0.17245,1.896948,0.0,0.17245,0.0,0.17245,0.0,0.0,0.0,0.17245,0.0,0.0,15854.172311,0.3449,0.0,0.0,0.517349,2.759197,0.0,0.0,1.724498,2.931647,0.0,0.0,192.281526,133.821044,2183.90426,0.517349
TCGA-HT-7692,0.0,0.143741,0.0,7965.134121,132.098213,0.0,0.0,0.143741,0.0,0.0,0.0,10.636853,0.431224,0.0,11.643042,0.0,1.293671,7.618286,0.0,3.018566,0.0,0.0,15.955279,0.0,0.0,0.0,0.0,0.0,0.0,14.230384,0.0,0.143741,0.0,1369.854153,0.287483,0.0,0.0,0.0,0.574965,4613.375555,0.0,31.335593,0.143741,0.0,264993.470554,0.287483,0.0,0.143741,0.0,21.848671,0.143741,0.0,1.006189,0.431224,0.143741,976.43434,0.0,17047.856494,0.287483,0.0,0.287483,205.11877,21185.017274,0.0,0.0,209.71849,0.0,172.202023,0.0,0.143741,0.287483,0.0,0.0,0.718706,0.287483,0.0,0.0,0.0,0.0,0.718706,0.0,0.0,0.0,0.0,7371.051518,0.143741,0.0,0.0,0.574965,0.431224,0.287483,0.0,0.287483,1.724895,0.0,0.0,35.216607,13.224195,1285.478037,0.0
TCGA-P5-A5F0,0.0,0.073708,0.073708,4962.821772,165.768905,0.073708,1.621572,0.0,0.147416,0.0,0.147416,10.687635,1.842696,0.0,30.736164,0.147416,3.685391,50.784694,0.073708,2.063819,0.0,0.0,12.825162,0.0,0.073708,0.0,0.0,0.0,0.884494,15.62606,0.221123,0.147416,0.0,792.285444,0.294831,0.0,0.0,0.0,0.294831,4012.948991,0.0,32.947399,0.0,0.0,270700.696097,0.0,0.0,0.221123,0.0,14.299319,0.0,0.0,0.884494,0.294831,0.0,568.287354,0.0,4845.036662,0.0,0.0,0.147416,796.413082,16260.905073,0.147416,0.0,460.010555,0.0,228.862806,0.0,0.0,0.147416,0.0,0.073708,0.442247,0.221123,0.0,0.0,0.147416,0.073708,0.368539,0.0,0.073708,0.0,0.0,2874.457879,0.073708,0.0,0.0,0.368539,0.442247,0.0,0.0,0.515955,0.368539,0.0,0.0,27.935267,76.803557,752.556925,0.0
TCGA-HT-7485,0.0,0.747334,0.0,22452.90935,196.847834,0.0,0.0,0.448401,0.149467,0.0,0.0,14.647751,0.896801,0.0,10.91108,0.298934,0.149467,8.370143,0.149467,7.473342,0.0,0.0,61.58034,0.149467,0.149467,0.149467,0.0,0.0,0.149467,34.377374,0.597867,0.149467,0.0,2690.552664,0.298934,0.0,0.149467,0.0,0.0,6370.276904,0.0,89.231706,0.0,0.0,176948.266685,0.0,0.298934,0.149467,0.0,6.427074,0.0,0.0,2.690403,0.896801,0.0,1249.841752,0.0,35319.463707,0.298934,0.0,0.298934,911.74775,51873.51458,0.0,0.0,157.089653,0.0,337.795068,0.0,0.0,0.298934,0.149467,0.0,0.597867,0.0,0.298934,0.0,0.0,0.0,0.298934,0.0,0.0,0.149467,0.0,23245.980426,0.149467,0.0,0.0,0.597867,0.298934,0.0,0.0,2.092536,3.437737,0.0,0.0,101.786921,18.982289,2517.470058,0.0
TCGA-S9-A7QY,0.0,0.191658,0.0,10107.644555,281.161867,0.0,0.191658,0.383315,0.0,0.0,0.0,11.691121,0.958289,0.0,40.631436,0.191658,0.0,23.957214,0.191658,3.833154,0.0,0.0,13.991013,0.191658,0.191658,0.0,0.0,0.0,0.958289,27.023738,0.0,0.0,0.0,1489.563758,0.0,0.0,0.0,0.0,0.383315,3933.391278,0.0,28.173684,0.0,0.0,245777.253487,0.574973,0.0,0.191658,0.191658,6.516362,0.0,0.0,2.299893,0.958289,0.0,1158.762543,0.0,8100.029994,0.383315,0.0,0.766631,1052.584169,21158.82004,0.0,0.0,209.290224,0.0,302.244216,0.0,0.383315,0.383315,0.0,0.191658,0.574973,0.574973,0.383315,0.0,0.191658,0.0,0.383315,0.0,0.0,0.0,0.0,9359.796153,0.0,0.0,0.191658,0.383315,1.341604,0.383315,0.0,0.766631,0.0,0.0,0.0,52.130898,36.798281,1418.075431,0.0
TCGA-HT-8015,0.0,0.248611,0.0,10711.897274,480.067622,0.248611,7.955548,0.248611,0.0,0.0,0.0,31.822193,4.723607,0.0,81.792982,0.0,0.745833,141.956816,1.988887,8.45277,0.0,0.0,19.391649,0.0,0.0,0.0,0.0,0.248611,0.248611,77.317986,0.248611,0.745833,0.0,1822.069188,0.497222,0.248611,0.0,0.0,0.497222,3586.460651,0.0,95.963802,0.0,0.0,183158.352704,0.497222,0.0,0.0,0.0,24.115256,0.248611,0.0,5.966661,1.243054,0.0,2496.053302,0.0,9365.669323,0.745833,0.0,0.248611,30.081917,33875.719418,0.0,0.0,1492.411153,0.0,483.548175,0.0,0.0,0.0,0.248611,0.0,0.497222,0.497222,0.994444,0.0,0.248611,0.248611,0.0,0.0,0.248611,0.248611,0.0,12058.622447,0.0,0.0,0.0,2.237498,1.243054,0.248611,0.0,2.237498,8.204159,0.0,0.0,115.604062,244.633112,1698.758189,0.248611
TCGA-CS-6666,0.0,0.152235,0.0,14464.643032,435.545374,0.0,0.152235,0.304471,0.0,0.0,0.0,28.468013,0.152235,0.152235,13.548947,0.0,0.152235,1.217883,0.152235,14.005653,0.0,0.0,36.688723,0.0,0.0,0.0,0.0,0.0,0.304471,18.420479,0.913412,0.0,0.0,1891.828858,0.0,0.0,0.0,0.0,0.0,5775.352973,0.0,63.938853,0.0,0.0,224804.286217,0.0,0.152235,0.456706,0.0,25.27107,0.152235,0.0,0.304471,1.522354,0.304471,1244.524094,0.0,15252.613272,1.065648,0.0,0.456706,49.324258,24402.719776,0.0,0.0,44.757197,0.0,422.909839,0.0,0.0,0.608941,0.0,0.0,1.217883,0.0,0.0,0.0,0.0,0.304471,0.152235,0.0,0.0,0.0,0.0,2717.857939,0.152235,0.0,0.0,0.608941,1.97906,0.0,0.0,1.97906,2.435766,0.0,0.0,81.141449,3.349178,1775.977747,0.0
TCGA-DB-5276,0.0,0.0,0.0,6014.109018,340.306402,0.0,0.608777,0.405851,0.0,0.0,0.0,13.596022,1.826331,0.0,21.104273,0.0,0.0,12.784319,0.608777,17.45161,0.0,0.0,25.365713,0.202926,0.0,0.0,0.0,0.0,1.014629,53.775311,0.405851,0.0,0.0,1246.166733,0.0,0.0,0.0,0.0,0.405851,3775.83853,0.0,19.277942,0.0,0.0,225602.039971,0.202926,0.0,0.0,0.0,11.769691,0.405851,0.0,4.464365,0.202926,0.202926,939.545998,0.0,9070.575936,0.202926,0.0,1.217554,85.025869,21315.721547,0.0,0.0,255.483458,0.0,383.732502,0.0,0.0,0.608777,0.0,0.0,0.811703,0.0,0.405851,0.0,0.202926,0.0,0.405851,0.0,0.405851,0.0,0.0,6364.155853,0.202926,0.202926,0.0,0.202926,1.014629,0.0,0.0,1.014629,2.638034,0.0,0.0,56.413345,25.365713,1208.219627,0.0
TCGA-S9-A7IX,0.0,0.0,0.0,6342.389015,569.663641,0.0,3.284416,0.0,0.0,0.0,0.0,16.787013,3.284416,0.0,48.901299,0.0,0.364935,86.124676,0.182468,5.474026,0.0,0.0,17.151948,0.0,0.0,0.0,0.0,0.0,0.547403,32.479221,0.0,0.182468,0.0,1223.627283,0.182468,0.0,0.0,0.0,0.182468,3760.290941,0.0,42.514935,0.0,0.182468,219430.164839,0.0,0.182468,0.182468,0.0,7.663636,0.0,0.0,3.649351,1.642208,0.0,692.099356,0.0,5499.571475,0.0,0.0,0.364935,91.416235,60905.290774,0.0,0.0,597.581174,0.0,377.525328,0.0,0.0,0.182468,0.0,0.0,1.277273,0.0,1.45974,0.0,0.0,0.0,0.182468,0.0,0.0,0.0,0.0,6160.468883,0.0,0.0,0.0,1.642208,0.547403,0.72987,0.0,0.547403,4.196753,0.0,0.0,44.339611,97.437663,1177.098062,0.0
TCGA-QH-A6X4,0.054093,0.162279,0.0,7201.57558,231.518433,0.054093,0.162279,0.108186,0.054093,0.0,0.0,8.763081,0.432745,0.0,19.581699,0.108186,0.0,12.387318,0.0,3.137399,0.0,0.0,6.599357,0.0,0.0,0.0,0.054093,0.0,0.378652,14.929693,0.216372,0.432745,0.0,969.672762,0.162279,0.0,0.054093,0.0,0.162279,5494.613978,0.0,19.040768,0.0,0.0,256170.114984,0.108186,0.0,0.0,0.0,15.091973,0.054093,0.0,1.893258,0.216372,0.0,1766.301724,0.0,11100.22698,0.108186,0.0,0.324559,404.886792,24384.408445,0.108186,0.0,124.900949,0.0,173.584731,0.0,0.108186,0.216372,0.054093,0.0,0.595024,0.0,0.270465,0.0,0.0,0.0,1.081862,0.0,0.108186,0.0,0.0,7223.861934,0.054093,0.0,0.0,0.162279,0.486838,0.054093,0.0,0.378652,0.162279,0.0,0.0,44.031777,25.477846,923.477262,0.270465
TCGA-QH-A65V,0.0,0.0,0.0,4709.962067,204.442981,0.0,1.166025,0.194337,0.194337,0.0,0.0,15.352657,0.77735,0.0,35.758088,0.0,0.0,12.048921,0.194337,4.469761,0.0,0.0,6.607473,0.0,0.0,0.194337,0.0,0.0,0.583012,35.175076,0.583012,0.0,0.0,1093.342408,0.77735,0.0,0.0,0.0,0.971687,3248.350221,0.0,23.709167,0.0,0.0,265685.120107,0.0,0.0,0.0,0.0,12.243258,0.194337,0.0,2.915062,0.194337,0.0,853.530013,0.0,7999.123149,0.0,0.0,0.971687,60.438942,25249.291203,0.0,0.194337,144.004039,0.0,247.974567,0.0,0.0,0.388675,0.0,0.0,0.971687,0.0,0.0,0.0,0.77735,0.0,0.194337,0.0,0.0,0.0,0.194337,4352.18685,0.0,0.0,0.0,0.194337,0.194337,0.0,0.0,0.583012,0.194337,0.0,0.0,44.308935,16.713019,1051.365522,0.194337
TCGA-FG-A4MX,0.091065,0.0,0.091065,3670.483037,367.813253,0.091065,0.182131,0.091065,0.0,0.0,0.0,16.11858,0.637458,0.091065,11.656374,0.091065,4.097944,4.280075,0.091065,6.37458,0.091065,0.0,6.556711,0.091065,0.091065,0.0,0.0,0.273196,0.364262,13.386618,0.728523,0.091065,0.0,3034.937433,0.091065,0.0,0.0,0.0,0.091065,3713.283786,0.0,33.785273,0.0,0.0,276856.195673,0.091065,0.0,0.273196,0.0,5.828187,0.0,0.0,2.003439,0.091065,0.0,829.697091,0.0,5583.039101,0.182131,0.0,0.819589,63.927929,20285.187771,0.0,0.091065,70.211443,0.0,491.844363,0.0,0.0,0.091065,0.0,0.0,0.364262,0.0,0.091065,0.0,0.0,0.0,2.003439,0.0,0.273196,0.0,0.0,4172.617792,0.0,0.0,0.0,0.455327,0.728523,0.182131,0.0,0.910654,1.639178,0.0,0.0,27.046431,4.37114,3009.256983,0.0
TCGA-S9-A6U1,0.0,0.341562,0.0,7532.020337,241.484621,0.0,0.569271,0.0,0.0,0.0,0.0,13.093226,0.683125,0.0,17.761245,0.0,0.0,6.60354,0.0,6.60354,0.0,0.0,9.449893,0.113854,0.113854,0.0,0.0,0.0,0.569271,18.672078,0.227708,0.0,0.0,1507.542609,0.227708,0.0,0.0,0.0,0.0,6072.751882,0.0,29.943638,0.227708,0.113854,256518.035406,0.113854,0.0,0.113854,0.0,13.20708,0.0,0.0,0.910833,0.569271,0.0,935.311724,0.0,10473.100367,0.113854,0.0,0.0,45.4278,24086.980916,0.0,0.0,165.543913,0.113854,318.450017,0.0,0.113854,0.455417,0.341562,0.0,0.569271,0.0,0.0,0.0,0.0,0.0,0.569271,0.0,0.113854,0.0,0.0,4479.818671,0.0,0.0,0.0,1.024687,1.024687,0.341562,0.0,0.910833,0.341562,0.0,0.0,49.412695,11.613122,1458.813039,0.227708
TCGA-HW-7491,0.0,0.106086,0.0,13101.473912,167.403184,0.0,0.0,0.0,0.0,0.0,0.106086,20.58062,1.273028,0.0,8.380768,0.0,0.0,2.864313,0.318257,2.758227,0.0,0.0,14.745908,0.106086,0.0,0.106086,0.0,0.0,0.106086,21.535391,0.424343,0.212171,0.0,1226.456408,0.0,0.0,0.212171,0.0,0.0,6743.335486,0.0,18.140649,0.0,0.0,248499.948655,0.212171,0.0,0.106086,0.0,26.309246,0.0,0.0,0.424343,0.7426,0.0,974.715118,0.0,14545.830282,0.530428,0.0,0.318257,168.145784,24461.657669,0.212171,0.0,94.204073,0.0,249.089148,0.0,0.0,0.318257,0.0,0.0,0.106086,0.106086,0.106086,0.0,0.212171,0.212171,0.106086,0.0,0.106086,0.0,0.0,1925.242703,0.0,0.0,0.0,0.424343,1.060857,0.0,0.0,0.530428,0.530428,0.0,0.0,45.404666,8.486853,1207.78533,0.0
TCGA-DB-A64X,0.0,0.074224,0.0,3908.92902,181.477507,0.0,0.0,0.0,0.148448,0.0,0.0,10.242902,1.113359,0.0,9.574887,0.148448,0.222672,5.269899,0.296896,6.902825,0.0,0.0,3.78542,0.0,0.074224,0.0,0.0,0.0,0.445344,14.844786,0.37112,0.148448,0.0,1094.134944,0.0,0.074224,0.0,0.0,0.445344,3659.313945,0.0,11.356261,0.074224,0.0,257288.121856,0.37112,0.0,0.0,0.074224,4.008092,0.074224,0.0,0.222672,0.37112,0.0,599.877798,0.0,2851.757593,0.0,0.0,0.37112,62.199653,7567.946069,0.0,0.0,72.516779,0.148448,270.546223,0.0,0.0,0.148448,0.074224,0.0,0.148448,0.0,0.222672,0.0,0.0,0.0,0.37112,0.0,0.148448,0.0,0.0,3724.779451,0.0,0.0,0.0,0.222672,0.37112,0.0,0.0,0.296896,0.890687,0.0,0.0,17.739519,12.989188,1070.754406,0.0
TCGA-DU-5852,131.951367,0.113166,0.0,8460.730719,225.086852,0.0,0.452663,0.113166,0.339498,0.0,0.0,10.298091,1.244824,0.0,18.785529,0.0,0.0,19.804022,0.226332,2.150151,0.0,0.113166,25.575479,0.0,0.113166,0.0,0.0,0.0,0.0,25.688645,1.35799,1.131658,0.0,1434.603329,0.0,0.113166,0.0,0.0,0.452663,2675.014081,0.0,36.665732,0.0,0.0,169369.312073,0.113166,0.0,0.113166,0.0,16.409047,0.0,0.0,2.376483,1.018493,0.0,1125.886923,0.0,12838.664331,0.452663,0.0,0.113166,30.894274,48367.305529,0.0,0.0,248.172683,0.0,280.538113,0.0,0.0,0.0,0.0,0.0,2.489648,0.0,0.113166,0.0,0.0,0.0,0.0,0.0,0.0,0.0,0.0,10418.273386,0.0,0.0,0.0,0.678995,0.792161,0.226332,0.0,0.452663,0.905327,0.0,0.0,33.044425,36.892063,1335.470055,0.678995
TCGA-E1-A7YO,0.0,0.320501,0.0,15858.691699,284.177226,0.106834,1.175169,0.0,0.0,0.0,0.106834,23.930714,0.106834,0.0,20.939375,0.0,0.0,20.405207,0.320501,2.670839,0.0,0.0,7.585182,0.106834,0.320501,0.106834,0.0,0.0,0.427334,23.076045,0.213667,0.320501,0.0,1012.140991,0.213667,0.0,0.0,0.0,0.320501,6521.867331,0.0,19.871039,0.0,0.0,247461.421339,0.320501,0.0,0.106834,0.106834,10.362854,0.106834,0.0,0.427334,1.709337,0.0,1068.228602,0.0,10727.690272,0.0,0.0,0.427334,732.664441,20782.97022,0.0,0.0,178.732518,0.106834,260.78068,0.0,0.0,0.0,0.0,0.0,0.213667,0.0,0.320501,0.0,0.213667,0.0,0.534168,0.0,0.106834,0.0,0.0,4921.607682,0.0,0.0,0.0,0.961502,0.747835,0.320501,0.0,0.747835,0.641001,0.0,0.0,40.810414,26.922053,964.706898,0.0
TCGA-S9-A6WO,0.0,0.247802,0.0,6451.886284,271.46665,0.0,0.123901,0.0,0.0,0.0,0.0,8.920857,0.619504,0.0,16.231005,0.0,0.123901,3.469222,0.247802,9.540361,0.0,0.0,5.947238,0.123901,0.0,0.0,0.0,0.0,0.371702,29.612291,0.0,0.123901,0.0,851.074585,0.247802,0.0,0.123901,0.0,0.123901,3155.133836,0.0,14.124691,0.123901,0.0,274621.659619,0.0,0.0,0.123901,0.123901,1.239008,0.0,0.0,0.991206,0.371702,0.123901,681.826095,0.0,6688.784611,0.0,0.0,0.743405,14.868096,20094.355414,0.0,0.0,48.693014,0.0,229.712081,0.0,0.0,0.247802,0.247802,0.0,0.743405,0.0,0.123901,0.0,0.0,0.0,0.247802,0.0,0.0,0.0,0.0,2640.326018,0.0,0.0,0.0,0.371702,1.115107,0.0,0.0,2.478016,0.247802,0.0,0.0,23.29335,2.725818,801.018663,0.0
TCGA-S9-A6U0,5.903268,0.0,0.281108,10719.772842,684.779112,0.0,0.983878,0.421662,0.0,0.0,0.0,168.243144,0.843324,0.140554,38.511797,0.0,0.0,5.62216,2.529972,16.585373,0.0,0.0,27.548585,0.70277,0.0,0.0,0.140554,0.140554,0.140554,36.965703,0.562216,1.40554,0.0,1803.729544,0.0,0.0,0.0,0.0,0.843324,3344.904208,0.0,31.062435,0.140554,0.0,132086.750494,0.140554,0.0,0.140554,0.0,74.353069,0.140554,0.0,15.039279,4.357174,0.281108,2599.265212,0.0,21245.018942,0.281108,0.0,0.843324,492.641787,59390.251427,0.0,0.140554,302.89388,0.0,527.920842,0.0,0.0,0.421662,0.562216,0.0,1.40554,0.140554,0.140554,0.0,0.0,0.140554,0.281108,0.0,0.140554,0.140554,0.0,11133.844941,0.0,0.0,0.0,4.357174,2.81108,0.0,0.0,2.81108,4.91939,0.0,0.0,128.325806,12.228198,1747.929604,0.0
TCGA-DB-A64U,0.0,0.0,0.185304,5063.996703,148.984681,0.0,0.555913,0.0,0.0,0.0,0.0,15.565564,0.0,0.0,30.204606,0.0,0.0,11.11826,0.0,5.188521,0.0,0.0,4.447304,0.0,0.0,0.0,0.0,0.0,0.370609,27.239736,0.0,0.185304,0.0,643.747239,0.185304,0.0,0.0,0.0,0.0,5214.649123,0.0,14.268433,0.185304,0.0,265849.449869,0.0,0.0,0.0,0.0,13.156607,0.0,0.0,1.853043,0.185304,0.0,1474.095937,0.0,8522.5167,0.185304,0.0,0.0,116.185814,19140.454752,0.0,0.0,124.895118,0.0,187.342677,0.0,0.185304,0.0,0.0,0.0,0.926522,0.0,0.185304,0.0,0.185304,0.0,0.185304,0.0,0.185304,0.0,0.0,3540.980423,0.0,0.0,0.0,0.370609,0.741217,0.0,0.0,0.185304,0.926522,0.0,0.0,43.917126,17.603911,614.469155,0.0
TCGA-HT-7616,0.0,0.0,0.0,17402.751096,195.992899,0.128943,0.0,0.386828,0.0,0.0,0.0,20.630832,0.386828,0.0,19.728233,0.257885,0.0,3.35251,1.41837,3.610396,0.128943,0.0,31.462018,0.257885,0.0,0.0,0.0,0.0,0.257885,27.593737,0.128943,0.386828,0.0,1933.753626,0.0,0.0,0.0,0.0,0.257885,4804.018061,0.0,60.216239,0.0,0.128943,199885.292577,0.128943,0.128943,0.257885,0.0,51.319193,0.128943,0.0,2.707797,4.899822,0.0,1764.709751,0.0,27355.708931,0.515771,0.0,0.644713,204.374175,15435.08554,0.128943,0.0,150.476127,0.0,320.293659,0.128943,0.515771,0.0,0.0,0.128943,0.644713,0.128943,0.128943,0.0,0.0,0.128943,0.0,0.0,0.0,0.0,0.128943,8916.774323,0.386828,0.0,0.0,1.41837,0.644713,0.386828,0.0,1.289427,2.965682,0.128943,0.0,91.162487,8.510218,1767.54649,0.0
TCGA-S9-A7QZ,0.0,0.18238,0.0,12887.903508,237.550334,0.09119,1.732613,0.18238,0.0,0.0,0.0,23.253488,0.729521,0.0,32.007742,0.0,0.18238,48.239588,0.18238,3.465226,0.0,0.0,12.766621,0.0,0.0,0.0,0.0,0.0,0.455951,11.034008,0.27357,0.455951,0.0,1101.759359,0.27357,0.0,0.09119,0.0,0.911901,5319.577239,0.0,30.73108,0.0,0.09119,240167.126007,0.0,0.0,0.09119,0.0,20.517783,0.27357,0.0,1.367852,2.644514,0.0,2131.569692,0.0,8191.337355,0.0,0.0,0.09119,403.972352,21176.17599,0.18238,0.0,306.490085,0.0,275.394245,0.0,0.0,0.09119,0.0,0.0,0.18238,0.18238,0.27357,0.0,0.27357,0.18238,0.547141,0.0,0.0,0.0,0.09119,5399.095047,0.09119,0.0,0.09119,0.820711,0.27357,0.18238,0.09119,0.27357,0.364761,0.0,0.0,51.887194,80.61209,1059.538321,0.09119
TCGA-E1-A7Z2,0.0,0.0,0.0,5387.708674,695.676558,0.0,1.63031,0.232901,0.0,0.0,0.0,12.110874,0.0,0.0,34.702312,0.0,0.232901,40.059045,0.232901,3.26062,0.0,0.0,17.93341,0.0,0.0,0.0,0.0,0.232901,1.164507,29.112678,0.232901,0.232901,0.0,1707.40035,0.232901,0.0,0.232901,0.0,0.0,2903.814972,0.0,58.458258,0.0,0.232901,236622.724378,0.232901,0.0,0.0,0.0,4.425127,0.0,0.0,13.04248,0.698704,0.0,887.820234,0.0,3979.120853,0.232901,0.0,0.931606,18.399213,32195.361442,0.232901,0.0,406.645889,0.0,380.328028,0.0,0.0,0.0,0.0,0.0,0.931606,0.0,0.0,0.0,0.0,0.0,0.232901,0.0,0.232901,0.0,0.0,6040.298468,0.0,0.0,0.0,0.698704,2.329014,0.0,0.0,0.698704,2.561916,0.0,0.0,49.840905,45.182877,1625.186146,0.0
TCGA-CS-6668,0.0,0.094292,0.0,17434.335184,189.715801,0.188584,0.094292,0.0,0.0,0.0,0.0,16.878294,0.188584,0.0,10.466428,0.094292,0.0,7.260495,0.0,3.583102,0.0,0.0,13.860946,0.0,0.094292,0.0,0.0,0.094292,0.377169,6.034697,0.0,0.188584,0.094292,1566.286861,0.0,0.0,0.0,0.0,0.188584,11317.980749,0.0,26.118925,0.0,0.0,236634.347405,0.188584,0.0,0.188584,0.0,30.079195,0.188584,0.0,0.848629,1.508674,0.094292,3035.735687,0.0,23183.798874,0.0,0.0,0.282876,102.30698,17441.218511,0.094292,0.0,53.652232,0.0,133.989142,0.0,0.094292,0.0,0.0,0.094292,0.471461,0.0,0.094292,0.0,0.188584,0.094292,0.094292,0.0,0.0,0.0,0.094292,6185.564872,0.0,0.0,0.0,0.094292,0.848629,0.094292,0.094292,0.282876,0.282876,0.0,0.0,34.416634,12.352271,1486.515704,0.0
TCGA-HT-8113,0.0,0.252848,0.0,17482.894544,573.45836,0.0,3.160595,0.379271,0.252848,0.0,0.126424,56.511439,1.769933,0.126424,31.732374,0.126424,0.379271,144.628828,2.528476,8.596818,0.126424,0.0,51.454487,0.0,0.0,0.0,0.126424,0.126424,1.517086,20.101384,0.884967,0.758543,0.0,2741.626541,0.0,0.0,0.0,0.0,0.758543,6180.859614,0.0,160.684651,0.0,0.0,123877.751725,0.505695,0.0,0.0,0.252848,35.651512,0.252848,0.0,4.045562,2.6549,0.0,3616.858513,0.0,18626.144973,0.252848,0.126424,1.01139,130.216515,28517.290288,0.126424,0.252848,1046.662646,0.0,643.370721,0.0,0.0,0.252848,0.0,0.0,1.390662,0.505695,0.505695,0.0,0.379271,0.379271,0.252848,0.0,0.252848,0.0,0.0,12721.015669,0.252848,0.0,0.0,0.505695,2.402052,0.252848,0.126424,1.769933,11.63099,0.0,0.0,432.495822,463.722501,2547.945278,0.126424
TCGA-S9-A6WG,0.181434,0.362867,0.181434,11665.813929,395.88799,0.0,0.362867,0.181434,0.0,0.0,0.0,37.193876,0.544301,0.181434,20.50199,0.0,0.544301,18.687655,1.814335,8.70881,0.0,0.0,18.506221,0.0,0.0,0.181434,0.0,0.181434,0.544301,22.134892,0.907168,0.725734,0.0,1506.079838,0.0,0.0,0.0,0.0,0.725734,4189.481935,0.0,51.527126,0.0,0.0,152480.922263,0.0,0.0,0.0,0.0,39.189645,0.0,0.0,1.632902,1.451468,0.181434,3121.745536,0.0,16331.558913,0.181434,0.0,1.088601,17.41762,36613.107485,0.0,0.0,297.732444,0.181434,318.597301,0.0,0.0,0.181434,0.0,0.0,1.088601,0.181434,0.0,0.0,0.181434,0.907168,0.725734,0.0,0.0,0.0,0.0,5804.240465,0.0,0.0,0.181434,1.995769,1.451468,0.181434,0.0,0.544301,1.088601,0.0,0.0,124.826277,46.265553,1512.611446,0.0
TCGA-HT-7474,0.0,0.614326,0.0,17061.074494,382.725386,0.0,0.0,0.0,0.0,0.0,0.0,19.658447,2.457306,0.0,25.801711,0.0,0.0,81.705419,1.842979,11.672203,0.0,0.614326,95.834928,0.0,0.0,0.0,0.0,0.0,0.0,33.787955,1.228653,0.0,0.0,2902.692531,0.0,0.0,0.0,0.0,0.0,11461.488796,0.0,93.377622,0.0,0.614326,156424.718285,0.0,0.0,0.0,0.0,18.429794,0.0,0.0,8.60057,0.0,1.228653,1825.163918,0.0,20785.735831,0.0,0.0,1.228653,130.851536,23601.194005,0.0,0.0,753.778568,0.0,517.262881,0.0,0.0,0.614326,0.614326,0.0,1.842979,0.614326,0.0,0.0,0.614326,0.0,0.0,0.0,0.0,0.0,0.0,16752.068284,1.228653,0.0,0.614326,1.842979,1.228653,0.614326,0.0,1.228653,3.685959,0.0,0.0,158.496227,104.435498,2664.948191,0.614326
TCGA-E1-A7YW,0.0,0.202144,0.101072,19634.983983,138.772066,0.0,0.0,0.0,0.0,0.0,0.0,12.532947,1.212866,0.0,12.128658,0.101072,0.202144,6.56969,0.0,6.165401,0.0,0.0,7.782556,0.101072,0.0,0.0,0.101072,0.0,0.202144,20.315503,0.101072,0.505361,0.0,1628.575604,0.0,0.0,0.101072,0.0,0.202144,5736.451126,0.0,45.280325,0.0,0.101072,229121.980141,0.101072,0.0,0.101072,0.404289,2.223587,0.101072,0.0,1.313938,0.303216,0.101072,1636.863521,0.0,16140.616431,0.303216,0.0,0.303216,45.482469,18914.137387,0.0,0.0,118.052275,0.0,212.65581,0.0,0.0,0.303216,0.303216,0.0,1.819299,0.0,0.303216,0.0,0.101072,0.101072,0.606433,0.0,0.0,0.0,0.0,8773.66933,0.0,0.0,0.0,0.303216,0.505361,0.101072,0.0,3.032165,0.707505,0.0,0.0,69.638714,10.915793,1518.103741,0.0
TCGA-DH-A7US,0.0,0.0,0.0,10458.872608,154.732569,0.0,0.374655,0.0,0.0,0.0,0.0,13.737355,0.624425,0.0,26.600514,0.124885,0.0,11.364539,0.124885,2.247931,0.0,0.0,7.493103,0.0,0.0,0.0,0.0,0.0,0.374655,25.226779,0.624425,0.49954,0.0,1094.867175,0.0,0.0,0.0,0.0,0.0,5794.790895,0.0,30.721721,0.0,0.0,247831.745878,0.24977,0.0,0.124885,0.0,16.235056,0.374655,0.0,1.873276,0.0,0.0,1670.71211,0.0,16721.35799,0.24977,0.0,0.24977,63.191832,24745.346908,0.0,0.0,190.075036,0.0,208.932677,0.0,0.0,0.124885,0.0,0.0,0.74931,0.0,0.624425,0.0,0.24977,0.0,0.374655,0.0,0.0,0.0,0.0,7545.554317,0.0,0.0,0.0,0.374655,0.49954,0.0,0.0,0.24977,0.624425,0.0,0.0,57.322235,21.729998,1024.43201,0.374655
TCGA-HT-A61C,154.442695,0.0,0.0,4929.959442,379.737968,0.796096,0.796096,0.265365,0.265365,0.0,0.0,93.939371,1.326827,0.0,42.458473,0.265365,0.0,16.452658,0.530731,10.879984,0.0,0.0,11.941446,0.265365,0.0,0.0,0.0,0.0,16.187293,37.94726,1.326827,0.530731,0.0,1111.35053,0.0,0.0,0.0,0.0,0.0,4518.377619,0.0,25.740449,0.0,0.0,155868.238621,0.0,0.265365,0.0,0.0,32.639951,0.0,0.0,1.592193,0.796096,0.0,1219.619636,0.0,7578.572058,0.530731,0.265365,0.796096,105.350086,18787.608919,0.0,0.0,160.280735,0.0,365.673598,0.0,0.0,0.0,0.0,0.0,0.530731,0.0,0.0,0.0,0.0,0.265365,0.0,0.0,0.265365,0.0,0.0,6666.510986,0.0,0.0,0.0,5.041944,1.857558,0.0,0.0,0.796096,1.061462,0.0,0.0,76.159886,31.578489,1113.738819,0.265365
TCGA-HT-7602,0.0,0.0,0.0,14943.823887,256.419296,0.0,0.33258,0.66516,0.0,0.0,0.0,12.305466,0.83145,0.0,22.94803,0.33258,0.16629,14.467237,0.0,11.141435,0.16629,0.0,45.563481,0.16629,0.0,0.16629,0.0,0.33258,0.66516,30.597374,0.16629,0.99774,0.0,1885.064291,0.49887,0.0,0.0,0.0,0.0,6581.927462,0.0,51.383633,0.16629,0.0,189529.279359,0.49887,0.16629,0.33258,0.0,12.970626,0.0,0.0,9.145954,0.16629,0.16629,1687.345392,0.0,30729.574424,0.33258,0.0,0.33258,19.788519,51434.019091,0.16629,0.0,170.779907,0.0,347.712547,0.0,0.0,0.49887,0.16629,0.0,0.99774,0.0,0.16629,0.0,0.0,0.0,0.0,0.0,0.0,0.0,0.16629,13407.469883,0.0,0.0,0.16629,0.33258,1.662901,0.16629,0.0,2.328061,0.83145,0.0,0.16629,126.047877,33.590595,1822.372933,0.49887
TCGA-FG-A87Q,4.202498,0.42025,0.210125,12069.364755,353.85035,0.210125,0.210125,0.42025,0.0,0.0,0.0,30.678237,1.680999,0.0,65.769097,0.210125,0.0,27.736488,0.630375,9.665746,0.0,0.0,21.012491,0.210125,0.0,0.0,0.0,0.0,0.210125,64.718473,0.0,0.42025,0.0,2564.364412,0.42025,0.0,0.0,0.0,0.42025,6578.170459,0.0,44.336356,0.0,0.0,154818.983693,0.42025,0.0,0.210125,0.0,18.070742,0.0,0.0,8.194872,0.8405,0.0,1684.99166,0.0,16815.035866,0.210125,0.0,1.050625,17.440368,51125.07181,0.0,0.0,209.704661,0.210125,501.358037,0.0,0.0,0.210125,0.0,0.210125,2.101249,0.0,0.210125,0.0,0.210125,0.8405,0.0,0.0,0.0,0.210125,0.0,17439.106851,0.630375,0.0,0.0,4.412623,1.680999,0.42025,0.0,1.050625,1.891124,0.0,0.0,128.80657,40.343983,2504.058563,0.210125
TCGA-DU-7010,0.29402,0.14701,0.14701,9795.281124,272.997704,0.0,1.764121,0.58804,0.14701,0.0,0.0,15.877088,3.381232,0.0,9.849675,0.14701,0.0,26.902843,0.14701,8.085554,0.0,0.0,31.166135,0.14701,0.0,0.14701,0.0,0.29402,0.73505,43.073951,1.470101,0.88206,0.0,1633.575924,0.0,0.14701,0.0,0.0,0.58804,13150.197986,0.0,46.896213,0.14701,0.14701,217374.238396,0.0,0.0,0.14701,0.29402,6.909473,0.0,0.0,1.617111,0.58804,0.14701,1201.219302,0.0,15529.556008,0.29402,0.0,0.29402,40.8688,13835.705953,0.0,0.0,270.057503,0.0,456.466275,0.0,0.14701,0.88206,0.44103,0.0,1.617111,0.0,0.44103,0.0,0.0,0.0,0.44103,0.0,0.0,0.0,0.0,5127.711325,0.0,0.0,0.14701,8.820604,1.617111,0.0,0.0,1.029071,2.499171,0.0,0.0,89.382124,41.45684,1583.73951,0.0
TCGA-HT-7688,0.0,0.0,0.168993,13448.978699,243.688065,0.0,1.182952,0.844966,0.0,0.0,0.0,13.688442,3.210869,0.0,19.096221,0.168993,0.506979,66.583285,0.506979,5.40778,0.0,0.0,54.415782,0.0,0.506979,0.0,0.0,0.0,1.351945,0.337986,0.337986,0.337986,0.0,2389.224594,0.0,0.0,0.0,0.0,0.675972,9098.927046,0.0,104.606735,0.0,0.0,185227.095477,0.168993,0.0,0.168993,0.0,17.91327,0.506979,0.0,0.844966,1.013959,0.337986,1553.891649,0.0,21259.840258,0.844966,0.0,0.0,53.739809,16190.046948,0.168993,0.0,831.784089,0.0,467.772929,0.0,0.0,0.844966,0.168993,0.0,0.675972,0.506979,0.675972,0.0,0.675972,0.337986,0.506979,0.0,0.168993,0.0,0.0,17041.265245,0.337986,0.168993,0.0,0.337986,2.027917,0.168993,0.0,2.534897,2.534897,0.0,0.0,108.493577,249.602824,2222.090408,0.337986
TCGA-HT-7874,0.0,0.520764,0.173588,10660.916039,448.378183,0.0,1.388705,0.0,0.0,0.0,0.0,26.21181,1.388705,0.0,27.947692,0.0,0.347176,84.711016,0.347176,4.68688,0.0,0.0,50.166974,0.173588,0.0,0.173588,0.0,0.0,2.430234,30.204338,0.0,0.0,0.0,2012.928151,0.173588,0.0,0.0,0.0,0.0,6214.802833,0.0,84.190251,0.0,0.0,187483.01006,0.694353,0.0,0.520764,0.0,22.392871,0.173588,0.173588,5.034056,1.562293,0.0,2133.398325,0.0,13275.500706,0.694353,0.0,0.347176,69.435259,31071.583933,0.520764,0.173588,894.152544,0.173588,544.719605,0.0,0.694353,0.347176,0.0,0.0,0.867941,0.520764,0.347176,0.173588,0.173588,0.173588,0.347176,0.0,0.0,0.0,0.0,9623.206097,0.694353,0.0,0.0,0.347176,2.950998,0.173588,0.0,1.388705,1.388705,0.0,0.0,145.814043,156.923685,1853.227056,0.173588
TCGA-HT-8018,0.231797,0.695392,0.231797,14682.746921,545.883034,0.463595,2.549772,0.231797,0.231797,0.0,0.0,35.001417,5.099544,0.0,38.478379,0.0,18.543797,151.827341,0.92719,6.722127,0.0,0.0,94.805164,0.0,0.92719,0.231797,0.0,0.0,0.92719,28.511088,0.231797,0.463595,0.0,2756.303674,0.231797,0.0,0.463595,0.0,0.231797,8430.242059,0.0,198.882226,0.0,0.0,91958.227315,0.463595,0.0,0.231797,0.0,24.338734,0.463595,0.0,4.635949,6.722127,0.0,3084.992482,0.0,24450.228564,2.78157,0.231797,0.92719,261.69934,27461.045856,0.695392,0.0,2226.414666,0.0,811.059335,0.0,0.0,1.390785,0.463595,0.463595,1.85438,0.0,0.463595,0.0,0.695392,1.158987,0.463595,0.0,0.0,0.0,0.0,13275.736299,1.158987,0.0,0.0,2.549772,5.563139,0.231797,0.231797,3.476962,4.404152,0.0,0.0,172.689113,260.540352,2529.605752,0.0
TCGA-E1-5311,0.528201,0.528201,0.0,4689.629309,787.811242,0.2641,1.584602,0.0,0.0,0.0,0.0,21.920326,0.2641,0.2641,14.525517,0.528201,0.0,26.938232,0.528201,11.356314,0.0,0.0,36.181743,0.0,0.0,0.0,0.0,0.2641,1.056401,21.920326,0.528201,0.792301,0.0,1529.669029,0.0,0.0,0.0,0.0,0.2641,1574.301983,0.0,10.564013,0.0,0.0,285873.274104,0.2641,0.0,0.792301,0.0,45.953455,0.2641,0.0,1.320502,0.2641,0.0,487.529183,0.0,7864.115105,0.792301,0.0,0.2641,525.823729,16159.506027,0.2641,0.2641,559.364469,0.0,342.009909,0.0,0.2641,0.2641,0.2641,0.0,0.2641,0.0,0.0,0.0,0.0,0.0,0.0,0.0,0.792301,0.0,0.0,757.703806,0.0,0.0,0.0,1.584602,2.112803,0.2641,0.0,0.528201,1.584602,0.0,0.0,13.469116,16.37422,1510.389706,0.0
TCGA-DH-5141,0.0,0.0,0.0,5602.099156,667.205499,0.0,0.0,0.0,0.0,0.0,0.0,16.943448,0.0,0.0,17.630344,0.228966,0.0,1.144828,0.228966,7.326896,0.0,0.0,16.943448,0.0,0.0,0.0,0.0,0.0,0.457931,17.630344,0.228966,0.457931,0.0,2197.153043,0.457931,0.0,0.0,0.0,0.228966,808.706185,0.0,3.663448,0.0,0.0,282444.985312,0.228966,0.0,0.228966,0.0,17.172413,0.228966,0.0,0.228966,0.457931,0.0,402.521368,0.0,12240.954145,0.228966,0.0,0.686897,413.053782,18428.060181,0.0,0.0,56.783447,0.0,435.492402,0.0,0.0,0.228966,0.0,0.228966,0.457931,0.0,0.686897,0.0,0.0,0.0,0.228966,0.0,0.0,0.0,0.0,388.325507,0.228966,0.0,0.0,0.457931,0.457931,0.0,0.0,0.0,0.228966,0.0,0.0,7.097931,0.0,2184.102009,0.0
TCGA-S9-A7IZ,0.0,0.426896,0.142299,5694.653367,392.033035,0.0,1.422987,0.142299,0.0,0.0,0.0,16.648953,2.134481,0.284597,20.775616,0.0,0.142299,14.799069,0.0,4.411261,0.0,0.0,6.118846,0.142299,0.284597,0.0,0.0,0.142299,0.426896,29.882736,0.569195,0.426896,0.0,2397.164612,0.0,0.0,0.0,0.0,0.0,3909.231047,0.0,39.985947,0.0,0.0,225622.909187,0.426896,0.142299,0.569195,0.0,2.845975,0.142299,0.0,5.265053,0.853792,0.0,1151.623721,0.0,3801.653198,0.284597,0.0,0.0,228.816378,36302.401334,0.0,0.0,148.417588,0.0,282.036107,0.0,0.0,0.284597,0.0,0.0,0.284597,0.0,0.142299,0.0,0.284597,0.0,0.284597,0.0,0.0,0.0,0.0,9143.121087,0.0,0.0,0.0,0.426896,1.13839,0.0,0.0,1.280689,2.419079,0.0,0.0,48.381572,34.863192,2321.034785,0.0
TCGA-DU-7294,0.0,0.492674,0.0,19010.321275,223.427686,0.0,0.492674,0.0,0.0,0.0,0.0,10.346155,0.492674,0.0,9.853481,0.246337,0.246337,13.794874,1.231685,7.143774,0.0,0.0,38.674914,0.246337,0.0,0.246337,0.0,0.0,0.739011,15.76557,0.0,0.246337,0.0,1234.641194,0.0,0.0,0.0,0.0,0.246337,9271.633133,0.0,38.674914,0.246337,0.0,213428.866118,0.0,0.0,0.0,0.0,21.677659,0.0,0.0,0.739011,0.739011,0.0,978.69702,0.0,21208.386593,0.492674,0.0,0.246337,79.074187,23201.992177,0.246337,0.0,289.44601,0.0,264.56597,0.246337,0.0,0.246337,0.0,0.0,0.739011,0.246337,0.492674,0.0,0.246337,0.0,0.246337,0.0,0.0,0.0,0.0,6310.415696,0.0,0.0,0.0,0.246337,0.492674,0.0,0.0,0.246337,1.231685,0.0,0.0,91.883712,27.589747,1132.657664,0.0
TCGA-CS-6188,0.0,0.0,0.0,11884.102275,134.019646,0.342323,0.342323,0.171162,0.0,0.0,0.0,9.071572,2.225103,0.0,14.71991,0.0,0.171162,10.440866,0.342323,4.279044,0.0,0.171162,32.007246,0.171162,0.513485,0.0,0.0,0.171162,0.684647,26.358909,0.342323,1.198132,0.0,2018.68162,0.0,0.0,0.0,0.0,0.0,4711.911676,0.0,88.31946,0.0,0.0,109683.013583,0.0,0.342323,0.171162,0.0,8.215764,0.684647,0.0,10.440866,2.053941,0.171162,1296.892541,0.0,26411.968862,0.684647,0.0,1.198132,8.900411,39696.687695,0.0,0.0,538.132526,0.0,261.535146,0.0,0.171162,0.0,0.0,0.342323,3.423235,0.0,0.171162,0.0,0.0,0.0,0.171162,0.0,0.0,0.171162,0.0,16600.292995,0.171162,0.0,0.0,0.513485,0.342323,0.171162,0.0,1.02697,0.513485,0.0,0.0,130.596411,64.870301,1816.881923,0.342323
TCGA-HT-7855,0.0,0.527752,0.0,8117.527528,330.108799,0.0,0.0,0.263876,0.0,0.0,0.0,11.786459,1.055504,0.0,6.860774,0.175917,0.0,1.231421,0.0,3.518346,0.087959,0.0,10.730955,0.0,0.0,0.0,0.0,0.0,0.175917,6.333023,0.087959,0.087959,0.0,2143.991998,0.263876,0.0,0.087959,0.087959,0.263876,7048.566103,0.0,22.07762,0.0,0.0,239032.458412,0.351835,0.0,0.087959,0.0,3.430387,0.087959,0.0,0.527752,0.439793,0.087959,716.687048,0.0,8817.238558,0.263876,0.0,0.439793,33.952037,13546.511081,0.087959,0.0,40.28506,0.0,368.810603,0.0,0.0,0.351835,0.087959,0.087959,0.703669,0.0,0.087959,0.0,0.0,0.0,0.527752,0.0,0.087959,0.0,0.0,5893.932956,0.087959,0.0,0.0,0.439793,0.351835,0.0,0.0,0.967545,1.407338,0.0,0.087959,34.831624,3.518346,2091.392728,0.0
TCGA-P5-A730,0.108233,0.0,0.0,8085.306406,228.695667,0.108233,0.108233,0.216465,0.0,0.0,0.0,37.989673,0.649396,0.0,16.559601,0.216465,0.0,0.974094,0.324698,6.277496,0.108233,0.0,10.282105,0.0,0.0,0.0,0.0,0.0,0.324698,12.87969,0.0,0.0,0.0,3280.965669,0.0,0.0,0.0,0.0,0.216465,4187.197956,0.0,26.733474,0.0,0.0,222923.185206,0.108233,0.0,0.108233,0.0,7.900986,0.108233,0.0,3.896377,1.298792,0.108233,1302.580386,0.0,8575.925176,0.108233,0.0,1.082327,46.431823,29202.694171,0.0,0.108233,69.160687,0.0,555.774847,0.0,0.0,0.541163,0.0,0.108233,0.0,0.0,0.324698,0.0,0.0,0.108233,2.056421,0.0,0.216465,0.0,0.108233,12041.427576,0.0,0.0,0.108233,1.298792,0.432931,0.216465,0.0,1.407025,3.138748,0.0,0.0,73.922925,4.654006,3242.3266,0.324698
TCGA-FG-8191,0.187088,0.0,0.187088,8397.819452,224.692699,0.0,0.0,0.0,0.0,0.0,0.0,16.276657,0.0,0.0,12.160721,0.0,2.057968,10.851105,0.561264,7.670608,0.187088,0.187088,27.689025,0.0,0.0,0.187088,0.0,0.187088,0.561264,19.082977,0.374176,0.187088,0.0,2439.814723,0.0,0.0,0.187088,0.0,0.93544,5817.127458,0.0,80.634932,0.187088,0.0,220345.147442,0.0,0.0,0.0,0.0,8.231872,0.0,0.0,7.109344,0.93544,0.561264,1180.338248,0.0,15919.879934,0.561264,0.0,0.561264,172.682232,30770.738986,0.0,0.0,230.679515,0.187088,255.375132,0.0,0.187088,0.561264,0.0,0.0,1.496704,0.0,0.0,0.187088,0.0,0.0,0.187088,0.0,0.561264,0.0,0.0,12740.693401,0.0,0.0,0.0,0.93544,0.93544,0.0,0.0,4.303024,2.245056,0.0,0.0,70.345091,19.457153,2274.990187,0.748352
TCGA-S9-A7J3,0.0,0.0,0.0,5922.875383,278.241052,0.221089,0.331634,0.0,0.0,0.0,0.0,16.802797,0.221089,0.221089,18.460968,0.110545,0.0,12.159919,0.221089,3.316342,0.110545,0.0,7.074862,0.0,0.110545,0.0,0.0,0.110545,0.331634,28.299448,0.0,0.0,0.0,590.640422,0.110545,0.0,0.0,0.0,0.221089,3741.607031,0.0,19.45587,0.0,0.0,252698.037267,0.0,0.0,0.0,0.0,9.396301,0.110545,0.0,1.105447,1.105447,0.0,822.563238,0.0,5134.581007,0.331634,0.0,0.0,177.755905,22891.047238,0.110545,0.0,167.475246,0.0,303.224158,0.0,0.0,0.331634,0.0,0.110545,0.994902,0.0,0.0,0.0,0.0,0.110545,0.331634,0.0,0.221089,0.0,0.0,2213.657955,0.0,0.0,0.0,0.221089,0.110545,0.221089,0.0,0.773813,0.0,0.0,0.0,32.168513,20.450773,570.189649,0.0
TCGA-P5-A5F1,0.0,0.0,0.0,5058.748881,210.86851,0.0,0.0,0.571459,0.380973,0.190486,0.0,12.762593,0.380973,0.0,13.715025,0.190486,0.0,1.523892,0.190486,6.286053,0.0,0.0,5.90508,0.380973,0.0,0.0,0.190486,0.190486,0.380973,64.574909,0.190486,0.190486,0.0,1145.395076,0.0,0.0,0.0,0.0,0.0,2481.086123,0.0,22.286916,0.0,0.0,267595.948505,0.0,0.190486,0.0,0.190486,4.952648,0.0,0.0,1.523892,0.0,0.190486,793.185614,0.0,6360.533339,0.0,0.0,0.571459,15.04843,34329.279083,0.190486,0.0,36.5734,0.0,209.725591,0.0,0.0,0.190486,0.190486,0.0,0.761946,0.0,0.190486,0.0,0.0,0.0,0.380973,0.0,0.190486,0.0,0.0,4226.513543,0.0,0.0,0.0,0.571459,0.190486,0.190486,0.0,2.476324,1.142919,0.0,0.0,27.239564,1.523892,1019.483526,0.0
TCGA-HW-A5KL,0.0,0.0,0.0,7047.605921,250.372212,0.0,0.165262,0.165262,0.0,0.0,0.0,39.662925,0.330524,0.0,19.005151,0.0,0.0,5.453652,0.0,7.932585,0.0,0.0,8.593634,0.0,0.165262,0.165262,0.0,0.0,0.165262,23.632493,0.165262,0.0,0.0,1120.147097,0.0,0.0,0.0,0.0,0.165262,3230.710474,0.0,26.111425,0.0,0.165262,269871.992869,0.0,0.0,0.165262,0.165262,10.080993,0.0,0.0,0.165262,0.0,0.495787,825.484619,0.0,8041.65797,0.0,0.0,0.661049,13.551499,18176.857311,0.0,0.0,53.71021,0.0,208.726141,0.0,0.0,0.0,0.165262,0.0,1.156835,0.0,0.330524,0.0,0.0,0.0,0.330524,0.0,0.0,0.0,0.0,1877.874219,0.330524,0.0,0.0,0.495787,0.661049,0.165262,0.0,0.826311,0.165262,0.0,0.165262,30.904029,12.06414,1032.888662,0.0
TCGA-S9-A6WH,0.0,0.13497,0.0,6005.372902,195.977018,0.0,0.0,0.0,0.0,0.0,0.0,11.472484,0.13497,0.13497,14.846744,0.269941,0.0,12.147336,0.539882,1.214734,0.0,0.0,9.717869,0.0,0.0,0.0,0.0,0.0,0.13497,5.803727,0.269941,0.269941,0.0,1381.826938,0.0,0.0,0.0,0.0,0.13497,5482.90249,0.0,14.981714,0.0,0.0,267010.994149,0.13497,0.0,0.269941,0.0,12.282306,0.0,0.0,0.269941,0.539882,0.0,832.227476,0.0,11006.296099,0.0,0.0,0.674852,1212.574058,17541.427814,0.0,0.0,183.829682,0.0,276.824287,0.0,0.13497,0.13497,0.0,0.13497,0.269941,0.13497,0.809822,0.0,0.269941,0.13497,0.809822,0.0,0.0,0.0,0.0,2305.834284,0.0,0.0,0.13497,0.13497,0.809822,0.13497,0.0,0.269941,0.269941,0.0,0.0,15.656566,18.490945,1369.814572,0.13497
TCGA-S9-A6TV,0.079395,0.079395,0.079395,7746.451756,384.825628,0.0,0.158789,0.079395,0.0,0.0,0.0,4.843071,1.270314,0.0,11.353428,0.0,0.238184,4.049125,0.396973,10.241903,0.0,0.0,5.398833,0.0,0.0,0.0,0.0,0.079395,0.317578,90.351055,0.793946,0.317578,0.0,1520.644779,0.0,0.0,0.0,0.0,0.238184,4092.712251,0.0,20.166228,0.079395,0.0,215064.807827,0.079395,0.317578,0.079395,0.0,2.143654,0.079395,0.0,2.302443,0.317578,0.079395,597.682551,0.0,6263.598806,0.396973,0.079395,0.396973,1133.834287,21174.857477,0.0,0.0,169.348682,0.079395,251.125121,0.0,0.0,0.238184,0.0,0.0,0.873341,0.0,0.396973,0.0,0.0,0.079395,0.555762,0.0,0.0,0.158789,0.079395,7929.138731,0.0,0.0,0.0,1.190919,0.873341,0.158789,0.0,0.714551,5.637017,0.0,0.0,51.60649,10.241903,1468.958895,0.0
TCGA-S9-A6WP,0.0,0.331841,0.0,10616.804707,296.77631,0.0,0.110614,0.0,0.0,0.0,0.0,19.910449,0.995522,0.0,22.897017,0.110614,0.110614,13.937315,0.553068,2.654727,0.0,0.0,6.083748,0.0,0.0,0.0,0.0,0.0,0.221227,22.122722,0.110614,0.221227,0.0,937.560941,0.0,0.0,0.0,0.0,0.110614,5359.450534,0.0,14.158542,0.0,0.0,251947.048381,0.0,0.0,0.110614,0.110614,10.176452,0.110614,0.0,2.875954,0.553068,0.110614,1188.100763,0.0,7688.198822,0.442454,0.0,0.110614,33.184082,17176.744728,0.0,0.0,102.760042,0.0,319.894554,0.0,0.0,0.110614,0.0,0.0,0.110614,0.0,0.221227,0.0,0.0,0.110614,0.442454,0.0,0.221227,0.110614,0.0,5214.767934,0.0,0.0,0.221227,2.101659,0.331841,0.221227,0.0,0.995522,1.327363,0.0,0.0,46.457715,15.043451,899.067406,0.553068
TCGA-WY-A85D,0.0,0.089828,0.089828,8578.618623,183.427809,0.0,0.0,0.0,0.0,0.0,0.0,10.150511,1.07793,0.0,12.216544,0.179655,0.0,1.796551,0.0,4.760859,0.089828,0.0,7.63534,0.0,0.0,0.089828,0.0,0.089828,0.449138,24.70257,0.269483,0.35931,0.0,1400.950106,0.089828,0.0,0.089828,0.0,0.0,4936.561555,0.0,37.907216,0.0,0.089828,253520.497968,0.0,0.269483,0.0,0.0,3.054136,0.089828,0.0,0.808448,0.269483,0.179655,1134.970799,0.0,12399.43247,0.269483,0.0,0.269483,20.480676,27229.867293,0.0,0.0,38.356354,0.0,217.023304,0.0,0.089828,0.089828,0.269483,0.0,1.886378,0.0,0.269483,0.089828,0.089828,0.089828,0.71862,0.0,0.089828,0.0,0.0,7088.559611,0.089828,0.0,0.0,0.269483,0.449138,0.269483,0.089828,1.886378,0.628793,0.0,0.0,44.823936,3.952411,1341.574111,0.269483
TCGA-DB-A64O,54.610297,0.0,0.0,6231.514757,341.142987,0.0,1.37097,0.228495,0.0,0.0,0.0,18.508092,0.0,0.0,31.075316,0.0,0.0,16.908628,0.0,3.655919,0.228495,0.0,10.282274,0.0,0.0,0.0,0.0,0.228495,0.228495,62.607621,0.0,0.228495,0.0,1633.282029,0.0,0.0,0.0,0.0,0.228495,4210.019779,0.0,34.95973,0.45699,0.0,184907.267602,0.0,0.0,0.0,0.0,21.250032,0.0,0.0,8.682809,0.0,0.0,1431.063982,0.0,6325.197694,0.45699,0.0,0.91398,122.473303,41359.87409,0.0,0.0,157.890023,0.0,298.871418,0.0,0.0,0.0,0.228495,0.0,1.82796,0.0,0.0,0.228495,0.0,0.0,0.0,0.0,0.0,0.0,0.0,13500.396667,0.228495,0.0,0.0,0.685485,0.685485,0.228495,0.0,0.685485,3.19893,0.0,0.0,47.298458,29.475851,1556.05073,0.0
TCGA-HT-8114,0.0,0.618288,0.0,5613.437626,352.269643,0.154572,0.0,0.0,0.0,0.0,0.0,13.447766,0.463716,0.154572,2.009436,0.0,0.309144,9.119749,0.463716,3.864301,0.0,0.0,17.930355,0.0,0.0,0.0,0.0,0.154572,0.309144,1.854864,1.700292,0.0,0.0,1924.112556,0.154572,0.0,0.0,0.0,0.154572,6315.50376,0.0,40.652442,0.0,0.0,236815.160919,0.0,0.463716,0.0,0.0,7.419457,0.0,0.0,0.463716,0.618288,0.0,710.413023,0.0,9581.610628,0.309144,0.0,0.309144,125.203339,21476.237024,0.0,0.0,305.898036,0.0,280.393652,0.0,0.0,0.463716,0.0,0.0,1.700292,0.0,0.154572,0.0,0.0,0.154572,0.309144,0.0,0.154572,0.0,0.0,6390.471191,0.0,0.0,0.0,0.154572,0.154572,0.0,0.0,2.009436,4.637161,0.0,0.0,48.381044,25.504384,1856.410009,0.0
TCGA-HW-A5KM,0.177704,0.355407,0.0,6967.406477,145.71703,0.0,0.177704,0.0,0.0,0.0,0.0,15.460221,0.355407,0.0,2.132444,0.0,0.0,1.954741,0.177704,2.843259,0.0,0.0,4.087185,0.0,0.0,0.0,0.0,0.177704,0.0,15.815629,0.0,0.177704,0.0,847.468922,0.0,0.0,0.0,0.177704,0.710815,2904.033785,0.0,16.171036,0.0,0.0,261282.718582,0.0,0.0,0.0,0.0,11.906148,0.0,0.0,3.020963,0.177704,0.0,595.662786,0.0,10257.590391,0.177704,0.0,0.0,197.428805,16270.372618,0.0,0.0,92.939033,0.0,189.96525,0.0,0.0,0.0,0.177704,0.0,0.533111,0.0,0.177704,0.0,0.0,0.0,0.0,0.0,0.177704,0.0,0.0,2403.087069,0.0,0.0,0.0,0.710815,0.0,0.177704,0.0,0.0,1.954741,0.0,0.0,22.923777,10.484518,775.498925,0.0
TCGA-HT-A614,0.0,0.0,0.0,5636.307249,156.140886,0.086075,0.172151,0.258226,0.0,0.0,0.086075,13.772074,1.032906,0.0,32.106147,0.172151,0.344302,14.546753,0.0,7.40249,0.086075,0.0,8.521471,0.0,0.0,0.086075,0.0,0.172151,0.516453,23.498601,0.172151,0.516453,0.0,1175.016115,0.086075,0.0,0.086075,0.0,0.0,5379.371999,0.0,16.010036,0.086075,0.0,251893.208242,0.0,0.0,0.0,0.0,5.164528,0.086075,0.0,4.389849,0.172151,0.172151,1238.281579,0.0,6640.54965,0.258226,0.0,0.172151,131.351153,16815.185571,0.0,0.0,124.120814,0.0,242.130271,0.0,0.0,0.172151,0.172151,0.172151,0.774679,0.0,0.258226,0.0,0.258226,0.0,0.774679,0.0,0.086075,0.0,0.086075,4444.764645,0.0,0.0,0.0,0.086075,0.258226,0.086075,0.0,0.430377,0.602528,0.0,0.0,35.118788,25.134035,1118.98099,0.0
TCGA-DU-6393,0.080133,0.0,0.0,17148.526406,168.999552,0.080133,0.080133,0.080133,0.080133,0.0,0.0,9.776171,0.480795,0.0,11.779485,0.240398,0.080133,9.615906,0.560928,2.403977,0.080133,0.0,16.347041,0.080133,0.080133,0.0,0.0,0.0,0.560928,13.782799,0.560928,0.240398,0.0,1400.316347,0.080133,0.0,0.080133,0.0,0.0,6496.185731,0.0,26.043079,0.080133,0.0,221636.46217,0.080133,0.080133,0.240398,0.0,25.802682,0.0,0.0,0.240398,1.362253,0.0,1571.158948,0.0,29645.678696,0.240398,0.080133,0.240398,216.598288,20667.627563,0.0,0.0,205.860526,0.0,320.450076,0.0,0.0,0.080133,0.0,0.0,0.240398,0.080133,0.64106,0.0,0.080133,0.400663,0.32053,0.0,0.160265,0.0,0.0,9507.486905,0.0,0.0,0.160265,0.801326,2.243711,0.400663,0.0,0.480795,2.003314,0.0,0.0,20.353668,32.934479,1321.866579,0.0
TCGA-FG-7641,0.0,0.0,0.0,16004.587341,203.434424,0.0,0.84471,0.56314,0.0,0.0,0.0,16.753423,1.548636,0.0,10.84045,0.140785,0.0,27.030733,0.0,2.393346,0.0,0.0,36.181763,0.28157,0.0,0.0,0.0,0.0,0.56314,16.894208,0.0,0.140785,0.0,2081.225664,0.0,0.0,0.0,0.0,0.422355,8082.329982,0.0,62.79014,0.0,0.0,209735.540881,0.0,0.0,0.140785,0.0,15.486358,0.28157,0.0,0.84471,0.985495,0.0,2043.776835,0.0,15559.84731,0.28157,0.0,0.56314,156.130641,28297.376358,0.0,0.0,334.082967,0.0,284.104268,0.0,0.0,0.28157,0.140785,0.140785,0.703925,0.422355,0.703925,0.0,0.140785,0.0,0.140785,0.0,0.0,0.0,0.0,13336.991868,0.140785,0.0,0.422355,0.140785,0.422355,0.0,0.0,0.84471,0.703925,0.0,0.0,66.028197,108.263717,1940.722165,0.140785
TCGA-WY-A85E,0.0,0.0,0.0,7384.130075,110.26363,0.0,0.736072,0.0,0.294429,1.766574,8.096795,11.041084,1.32493,0.0,9.127296,0.0,0.588858,16.635234,0.147214,3.533147,0.0,0.0,6.330222,0.0,0.0,0.0,0.0,0.0,0.294429,11.777157,0.736072,0.441643,0.0,1316.244483,0.147214,0.0,0.0,0.0,0.0,6722.40108,0.0,21.934954,0.0,0.0,210423.490364,0.294429,0.0,0.0,0.0,4.710863,0.147214,0.0,1.619359,1.177716,0.0,1711.220877,0.0,6046.245067,0.147214,1.030501,0.147214,88.034247,16306.062394,0.0,0.0,243.051073,5.299721,267.783102,0.0,0.0,0.147214,0.147214,0.0,1.030501,1.766574,0.441643,0.0,8.24401,0.0,0.294429,0.0,0.147214,0.0,0.0,7021.688076,0.0,0.0,0.0,0.294429,0.883287,0.0,0.0,0.883287,1.030501,0.0,0.0,26.498603,27.234675,1228.799094,0.0
TCGA-VV-A86M,0.0,0.0,0.0,13646.954946,345.806846,0.0,0.0,0.0,0.0,0.0,0.0,6.572886,0.0,0.0,22.457361,0.0,0.36516,0.18258,0.18258,13.510933,0.0,0.0,6.572886,0.0,0.36516,0.18258,0.0,0.18258,0.0,6.207726,1.278061,0.18258,0.0,2921.10017,0.0,0.0,0.0,0.0,0.547741,6760.030863,0.0,20.448979,0.0,0.0,222939.701438,0.36516,0.18258,0.0,0.0,14.423834,0.0,0.0,0.18258,0.547741,0.36516,930.976296,0.0,19457.934076,0.36516,0.0,0.0,31.58637,16848.68084,0.0,0.0,6.938047,0.0,318.054659,0.0,0.0,0.36516,0.0,0.0,1.643222,0.0,0.730321,0.0,0.0,0.0,0.912901,0.0,0.0,0.0,0.0,5781.948883,0.18258,0.0,0.0,0.36516,0.547741,0.0,0.0,0.547741,2.921283,0.0,0.0,31.76895,0.547741,2675.894999,0.0
TCGA-RY-A843,0.0,0.134009,0.0,5828.604142,221.651521,0.0,0.134009,0.134009,0.0,0.0,0.0,20.369426,1.206084,0.0,14.339004,0.134009,0.268019,13.266929,0.134009,4.020282,0.134009,0.0,8.040563,0.0,0.0,0.0,0.0,0.0,0.134009,55.211866,0.134009,0.536038,0.0,1503.987315,0.0,0.0,0.134009,0.0,0.134009,5654.927981,0.0,34.038384,0.0,0.0,239043.526784,0.0,0.134009,0.0,0.0,9.246647,0.0,0.0,0.670047,0.268019,0.0,1082.527803,0.0,5177.184527,0.536038,0.0,0.268019,164.831542,31087.898899,0.0,0.0,171.532011,0.0,300.04701,0.134009,0.268019,0.134009,0.134009,0.0,1.742122,0.0,0.134009,0.0,0.0,0.134009,0.402028,0.0,0.402028,0.0,0.0,3963.193519,0.268019,0.0,0.0,2.010141,0.402028,0.134009,0.0,2.814197,3.752263,0.0,0.0,47.707341,25.99782,1406.160465,0.0
TCGA-P5-A731,0.0,0.0,0.25752,8917.91654,286.877246,0.0,1.54512,0.0,0.25752,0.0,0.0,12.103439,0.25752,0.0,34.250156,0.0,0.0,30.129836,0.0,5.922959,0.25752,0.0,21.631677,0.0,0.0,0.0,0.0,0.0,1.80264,54.594234,1.03008,0.0,0.0,2471.934186,0.0,0.0,0.0,0.0,0.0,3849.666022,0.0,74.680791,0.0,0.0,222417.422359,0.51504,0.0,0.25752,0.0,18.026398,0.25752,0.0,2.83272,0.25752,0.0,963.897245,0.0,12291.428139,0.25752,0.0,1.03008,1561.343574,49005.792654,0.0,0.0,617.532887,0.0,513.494819,0.0,0.0,0.77256,0.0,0.0,1.2876,0.25752,0.25752,0.0,0.0,0.0,0.0,0.0,0.25752,0.25752,0.0,15029.637973,0.0,0.0,0.0,1.54512,2.06016,0.0,0.0,4.12032,2.06016,0.0,0.0,29.099757,46.868634,2379.484517,0.0
TCGA-VM-A8CB,0.0,0.0,0.0,15229.650089,136.708448,0.0,0.0,0.0,0.0,0.0,0.0,23.028428,0.548296,0.0,7.676143,0.0,0.365531,8.041673,0.913827,1.462122,0.0,0.0,4.386367,0.0,0.0,0.0,0.0,0.0,0.365531,7.493377,0.0,0.182765,0.0,1344.604348,0.0,0.0,0.0,0.0,0.0,6774.196025,0.0,10.417622,0.0,0.0,259344.88142,0.0,0.182765,0.0,0.0,23.75949,0.0,0.0,0.0,1.827653,0.0,2482.501136,0.0,16208.358296,0.0,0.0,0.0,1734.808274,17385.184094,0.0,0.0,115.142142,0.0,180.937652,0.0,0.0,0.182765,0.0,0.0,0.0,0.0,0.0,0.0,0.0,0.182765,2.010418,0.0,0.0,0.0,0.182765,3878.279769,0.0,0.0,0.0,0.182765,0.0,0.0,0.0,0.0,0.182765,0.0,0.0,32.71499,12.428041,1291.785175,0.0
TCGA-DB-A4XC,0.0,0.0,0.193711,3820.561646,415.122629,0.0,0.193711,0.0,0.0,0.0,0.0,25.957271,1.743399,0.0,10.460393,0.0,0.581133,15.690589,0.774844,3.099376,0.193711,0.0,10.654104,0.0,0.0,0.0,0.0,0.0,0.387422,23.051607,0.387422,0.0,0.0,2105.638345,0.0,0.0,0.0,0.0,0.581133,3533.869396,0.0,44.940947,0.0,0.193711,251679.571046,0.0,0.0,0.0,0.0,11.235237,0.0,0.0,1.743399,0.0,0.193711,1007.103382,0.0,6813.783698,0.193711,0.0,0.387422,40.098173,31398.22522,0.0,0.0,289.210492,0.0,251.436851,0.0,0.0,0.0,0.0,0.387422,1.743399,0.0,0.193711,0.0,0.0,0.0,0.581133,0.0,0.0,0.0,0.0,4331.183787,0.0,0.0,0.0,1.162266,0.968555,0.0,0.0,0.581133,0.581133,0.0,0.0,33.318288,23.439029,2111.643386,0.0
TCGA-P5-A5F6,1.030927,0.0,0.0,3500.511855,3307.728549,0.0,20.618535,0.515463,2.061854,0.0,0.0,329.381104,0.0,0.0,139.690578,0.0,0.0,1.030927,0.0,60.82468,0.0,0.0,13.917511,0.0,0.0,0.0,0.0,0.0,0.0,382.989296,0.515463,0.0,0.0,784.535274,1.030927,0.0,0.0,0.515463,0.0,2281.440947,0.0,18.041219,0.515463,0.0,2245.873973,1.54639,0.0,0.0,0.0,24.742243,0.0,0.0,2.577317,3.09278,0.515463,3137.625631,0.0,2428.348012,0.0,0.0,0.515463,0.515463,60746.844591,0.0,0.0,31.95873,0.515463,803.607419,0.0,0.0,0.515463,1.54639,0.0,0.0,0.0,0.0,0.0,0.0,0.0,0.0,0.0,0.0,0.0,0.0,3247.934796,0.0,0.0,0.0,0.515463,1.54639,1.030927,0.0,0.0,9.278341,0.0,0.0,35.05151,1.030927,754.638397,5.154634
TCGA-TQ-A7RK,0.0,0.0,0.0,9901.506382,289.029828,0.0,0.0,0.0,0.0,0.165538,0.0,13.739677,0.0,0.0,25.161818,0.165538,0.0,4.138457,0.165538,9.270143,0.0,0.0,11.422141,0.0,0.0,0.0,0.0,0.0,0.331077,20.361208,0.331077,0.165538,0.0,1913.787997,0.0,0.0,0.0,0.0,0.0,7796.852753,0.0,42.874413,0.0,0.0,251090.60754,0.0,0.165538,0.165538,0.0,6.290454,0.0,0.0,1.158768,0.331077,0.0,1356.751702,0.0,12527.936653,0.165538,0.0,0.165538,53.799939,18142.498327,0.165538,0.0,106.772187,0.0,384.048798,0.0,0.0,0.331077,0.0,0.0,0.0,0.0,0.0,0.0,0.165538,0.0,0.99323,0.0,0.0,0.0,0.0,2383.916698,0.0,0.0,0.0,0.662153,1.655383,0.0,0.0,1.986459,0.99323,0.0,0.0,52.310095,8.939067,1877.535115,0.331077
TCGA-DB-5278,0.0,0.33198,0.16599,6257.489259,153.789692,0.0,0.912945,0.082995,0.082995,0.0,0.0,7.054573,0.414975,0.0,13.860161,0.0,0.16599,12.200262,0.0,1.410915,0.0,0.0,16.68199,0.0,0.16599,0.0,0.0,0.0,0.580965,20.914734,0.082995,0.16599,0.0,578.060012,0.16599,0.082995,0.0,0.0,0.082995,3862.918193,0.0,27.637327,0.082995,0.0,273638.421761,0.0,0.0,0.082995,0.0,12.117267,0.248985,0.0,1.32792,0.49797,0.082995,443.027185,0.0,6832.146478,0.248985,0.082995,0.33198,297.619986,21333.443772,0.0,0.0,280.108046,0.0,164.994014,0.0,0.082995,0.0,0.0,0.0,0.580965,0.0,0.33198,0.0,0.414975,0.082995,0.082995,0.0,0.0,0.0,0.0,3151.568248,0.0,0.0,0.0,0.16599,0.580965,0.0,0.0,0.16599,0.99594,0.0,0.0,31.455096,30.542151,553.078524,0.0
TCGA-HT-A4DV,0.0,0.21295,0.0,7333.371664,442.936756,0.0,0.638851,1.064752,0.0,0.0,0.0,32.794356,0.851801,0.0,28.322398,0.0,0.0,33.646157,0.21295,8.943915,0.0,0.0,13.202923,0.0,0.0,0.0,0.0,0.21295,1.064752,57.070697,0.21295,1.064752,0.0,1970.003812,0.638851,0.0,0.0,0.0,0.0,9269.942269,0.0,75.171478,0.21295,0.0,208015.664629,0.851801,0.425901,0.638851,0.425901,15.332426,0.21295,0.0,9.582766,0.638851,0.0,2490.24155,0.0,20725.607068,1.064752,0.0,1.064752,33.220257,26823.227774,0.0,0.0,267.252706,0.0,497.239099,0.0,0.0,0.425901,0.0,0.21295,0.851801,0.0,0.0,0.0,0.0,0.425901,0.0,0.0,0.21295,0.0,0.0,10317.019206,0.0,0.0,0.21295,0.851801,1.064752,0.0,0.0,1.064752,0.425901,0.0,0.0,100.725522,51.959889,1848.409154,0.21295
TCGA-FG-A711,0.237992,0.0,0.0,7374.315876,181.469263,0.0,0.95197,0.0,0.0,0.0,0.0,14.279549,1.784944,0.0,16.897466,0.118996,0.0,18.682409,0.0,3.093902,0.0,0.0,11.423639,0.237992,0.237992,0.0,0.0,0.118996,0.594981,28.440101,0.118996,0.237992,0.0,870.21949,0.0,0.0,0.118996,0.0,0.0,4805.30609,0.0,25.227202,0.0,0.0,253350.487831,0.0,0.0,0.118996,0.0,5.711819,0.237992,0.0,2.141932,0.475985,0.0,997.902453,0.0,9952.726364,0.118996,0.0,0.594981,174.329489,33346.315823,0.118996,0.0,249.178123,0.118996,263.81466,0.0,0.118996,0.356989,0.0,0.0,0.832974,0.475985,0.0,0.0,0.118996,0.0,0.713977,0.0,0.118996,0.0,0.0,6380.459295,0.0,0.0,0.0,0.118996,0.118996,0.118996,0.0,0.95197,0.237992,0.0,0.0,43.671619,38.91177,840.589426,0.118996
TCGA-DU-A76L,55.937045,0.197657,0.395315,9122.086851,416.661808,0.0,0.0,1.185944,0.0,0.0,0.0,32.415814,1.185944,0.0,41.11274,0.395315,0.0,14.626648,2.174231,15.21962,0.197657,0.197657,36.368962,0.197657,0.0,0.197657,0.0,0.0,0.592972,44.472916,0.79063,2.569546,0.0,1144.831684,0.395315,0.0,0.0,0.0,0.592972,4321.383823,0.0,58.901906,0.0,0.0,115251.462714,1.383602,0.197657,0.395315,0.0,31.822842,0.0,0.0,7.313324,1.185944,0.197657,1915.497902,0.0,17307.277607,0.395315,0.0,0.79063,798.733569,17820.9892,0.0,0.0,552.254787,0.0,528.140583,0.0,0.0,0.395315,0.0,0.0,3.360176,0.0,0.0,0.0,0.0,0.395315,0.197657,0.0,0.0,0.395315,0.0,12207.914242,0.0,0.0,0.395315,11.068815,5.33675,0.592972,0.0,0.988287,2.174231,0.0,0.0,123.535877,33.404101,1098.579851,0.395315
TCGA-TM-A84F,0.442259,0.884519,0.14742,18952.435006,474.839128,0.14742,0.442259,0.14742,0.0,0.0,0.0,20.78619,1.179358,0.0,28.746858,0.0,0.884519,39.213663,3.095815,6.486471,0.0,0.0,32.284933,0.0,0.0,0.0,0.0,0.14742,1.179358,32.432353,1.474198,0.589679,0.0,2230.31393,0.14742,0.0,0.14742,0.0,0.884519,8808.774426,0.0,42.604318,0.14742,0.0,183807.558212,0.0,0.14742,0.29484,0.0,39.508502,0.29484,0.0,2.800976,2.211297,0.0,1523.7309,0.0,27487.89315,0.589679,0.0,1.179358,142.849772,29386.217724,0.0,0.0,719.113712,0.0,380.490466,0.0,0.14742,0.442259,0.0,0.0,1.769037,0.14742,0.0,0.0,1.031938,0.0,0.14742,0.0,0.0,0.0,0.14742,12838.789094,0.0,0.0,0.442259,1.031938,1.179358,0.442259,0.0,5.749372,2.211297,0.0,0.14742,157.296911,68.992459,2205.105147,0.442259
TCGA-DB-A4XF,0.142568,0.0,0.0,4461.673024,203.444876,0.0,0.0,0.0,0.0,0.0,0.0,22.383213,0.427705,0.142568,6.130434,0.142568,0.142568,6.273002,0.0,5.845298,0.0,0.0,4.84732,0.0,0.285136,0.0,0.0,0.0,0.285136,9.69464,0.285136,0.142568,0.0,1358.10504,0.0,0.142568,0.0,0.0,0.0,3234.445627,0.0,20.814963,0.0,0.0,241903.656661,0.0,0.285136,0.142568,0.0,6.843275,0.0,0.0,0.142568,0.142568,0.0,825.897806,0.0,4530.105779,0.142568,0.0,0.427705,24.664305,11495.419639,0.0,0.0,100.938313,0.0,158.678449,0.0,0.0,0.0,0.0,0.0,0.142568,0.142568,0.285136,0.0,0.0,0.142568,0.712841,0.0,0.142568,0.142568,0.0,2404.555911,0.0,0.0,0.0,0.570273,0.570273,0.142568,0.0,0.570273,0.997978,0.0,0.0,22.66835,25.519715,1274.132348,0.142568
TCGA-DB-A64P,0.0,0.164924,0.0,6089.64564,214.23599,0.0,0.0,0.164924,0.0,0.0,0.0,34.46907,0.164924,0.0,16.327454,0.329848,0.0,3.463399,0.494771,3.298476,0.0,0.0,4.288018,0.0,0.164924,0.0,0.0,0.0,0.329848,28.037043,0.164924,0.0,0.0,1041.163821,0.164924,0.0,0.0,0.0,0.329848,3807.595301,0.0,9.565579,0.0,0.0,268849.839702,0.0,0.164924,0.164924,0.0,11.544665,0.164924,0.0,0.824619,0.329848,0.0,1235.114186,0.0,3796.545408,0.329848,0.0,0.329848,1006.859675,22404.565618,0.0,0.0,61.681494,0.0,272.454084,0.0,0.0,0.164924,0.0,0.0,0.0,0.0,0.0,0.0,0.0,0.0,2.473857,0.0,0.164924,0.0,0.0,4962.721453,0.0,0.0,0.0,0.164924,0.164924,0.164924,0.0,0.989543,1.154466,0.0,0.0,25.72811,10.060351,1029.289309,0.0
TCGA-DU-6402,0.810489,0.540326,0.0,11500.575312,198.840082,0.0,0.270163,0.540326,0.0,0.0,0.0,6.213753,0.540326,0.0,18.641258,0.270163,0.0,11.887179,2.161305,2.701632,0.0,0.0,26.205826,0.0,0.270163,0.0,0.270163,0.0,1.350816,39.713984,0.810489,5.673426,0.270163,1211.411584,0.0,0.270163,0.0,0.0,0.0,3358.128007,0.0,50.250347,0.0,0.0,93635.037135,0.810489,0.0,0.0,0.0,28.367131,0.0,0.0,4.592774,2.431468,0.0,1115.773827,0.0,18860.630123,2.161305,0.0,0.0,650.012549,47343.120984,0.0,0.0,863.441441,0.0,355.804874,0.0,0.0,0.0,0.0,0.270163,3.782284,0.0,0.270163,0.0,0.270163,0.0,0.0,0.0,0.0,0.810489,0.0,16097.131219,0.0,0.0,0.0,1.080653,2.971795,1.080653,0.0,0.540326,9.185547,0.0,0.0,87.532862,29.177621,995.551223,0.0
TCGA-P5-A5EU,1.162325,0.232465,0.0,5349.251916,145.29062,0.0,0.0,0.0,0.232465,0.0,0.0,40.216444,0.697395,0.0,17.202409,0.0,0.232465,0.697395,0.0,13.715434,0.0,0.0,3.486975,0.232465,0.232465,0.0,0.0,0.0,0.0,37.426864,0.46493,0.0,0.0,1144.657617,0.0,0.0,0.0,0.232465,0.92986,3644.586134,0.0,25.803614,0.232465,0.0,241019.00564,0.0,0.0,0.0,0.0,14.645294,0.0,0.0,4.18437,0.232465,0.0,1240.433194,0.0,7350.775492,0.0,0.0,0.0,526.533205,15782.280728,0.0,0.0,16.272549,0.0,184.112273,0.0,0.0,0.232465,0.92986,0.0,0.232465,0.0,0.0,0.232465,0.0,0.0,0.697395,0.0,0.0,0.0,0.232465,6065.941484,0.0,0.0,0.0,0.46493,0.92986,0.232465,0.0,0.232465,1.627255,0.0,0.0,25.338684,1.39479,1107.230754,0.0
TCGA-DB-5281,0.30951,0.0,0.0,4039.110975,1317.895366,0.0,0.0,0.619021,0.0,0.0,0.30951,24.451323,0.30951,0.0,10.832865,0.0,0.619021,22.594261,0.619021,19.808667,0.30951,0.0,49.521667,0.0,0.0,0.0,0.0,0.30951,1.547552,14.237479,0.0,0.30951,0.0,2851.519495,0.30951,0.0,0.0,0.0,1.238042,1470.793514,0.0,6.499719,0.0,0.0,275103.384218,0.0,0.0,0.619021,0.30951,10.213844,0.0,0.0,0.619021,0.30951,0.0,309.200909,0.0,7456.415517,0.30951,0.0,1.238042,80.782219,8935.256301,0.0,0.0,542.262255,0.0,734.468226,0.0,0.30951,0.619021,0.0,0.30951,0.0,0.0,0.0,0.0,0.0,0.0,0.0,0.0,0.0,0.30951,0.0,1092.26227,0.0,0.0,0.0,0.928531,2.476083,0.0,0.0,0.30951,4.333146,0.0,0.0,11.761396,9.594823,2889.279766,0.0
TCGA-QH-A6X9,0.0,0.0,0.090807,5716.041147,296.576332,0.090807,1.271301,0.0,0.0,0.0,0.0,11.441708,2.27018,0.0,33.507859,0.090807,0.181614,42.497772,0.181614,6.084083,0.0,0.0,18.343055,0.0,0.0,0.090807,0.0,0.0,0.998879,16.072875,0.363229,0.272422,0.0,1183.581113,0.544843,0.0,0.0,0.090807,0.272422,3386.29149,0.0,45.766831,0.0,0.272422,241433.566084,0.181614,0.090807,0.090807,0.0,10.170407,0.272422,0.0,1.63453,0.454036,0.0,666.524886,0.0,7934.188749,0.090807,0.090807,0.272422,31.419293,18240.443314,0.0,0.0,608.408275,0.0,292.308394,0.0,0.090807,0.544843,0.0,0.0,0.544843,0.090807,0.363229,0.0,0.181614,0.090807,0.544843,0.0,0.090807,0.0,0.0,4448.190948,0.0,0.0,0.0,0.726458,1.816144,0.090807,0.0,0.63565,0.817265,0.0,0.0,24.154717,84.178279,1153.160699,0.0
TCGA-DU-7019,0.0,0.0,0.0,9636.462023,344.724686,0.293133,0.8794,0.0,0.0,0.0,0.0,32.244656,1.172533,0.293133,16.122328,0.0,0.586266,32.537789,0.586266,5.862665,0.0,0.0,25.795725,0.293133,0.293133,0.0,0.0,0.0,0.8794,29.313324,0.293133,0.293133,0.0,2139.579495,0.0,0.0,0.293133,0.293133,0.293133,5847.714938,0.0,28.433924,0.0,0.0,207851.104731,0.0,0.586266,0.0,0.0,22.864392,0.0,0.0,0.293133,0.8794,0.0,1347.240356,0.0,7659.571474,0.0,0.0,0.293133,135.427555,20787.836612,0.0,0.0,316.290762,0.0,338.275755,0.0,0.293133,0.293133,0.0,0.0,0.586266,0.0,0.293133,0.0,0.0,0.0,4.983265,0.0,0.293133,0.0,0.0,8929.717789,0.0,0.0,0.0,0.8794,2.345066,0.0,0.0,0.8794,1.465666,0.0,0.0,57.454114,44.556252,2082.418513,0.0
TCGA-R8-A6MO,3.206634,0.377251,0.0,10717.703205,193.907056,0.188626,0.943128,0.188626,0.0,0.0,0.0,16.599048,0.377251,0.188626,20.182933,0.0,0.377251,8.8654,0.377251,3.206634,0.0,0.0,13.203788,0.0,0.0,0.0,0.0,0.0,0.188626,23.578193,0.377251,0.188626,0.0,1112.324812,0.377251,0.0,0.188626,0.0,0.188626,7552.566637,0.0,20.937435,0.0,0.0,239341.478058,0.377251,0.0,0.0,0.0,22.82369,0.188626,0.0,3.206634,0.754502,0.0,2679.614427,0.0,15101.172138,0.188626,0.0,0.377251,281.617932,18527.555079,0.0,0.0,134.301385,0.0,341.978105,0.0,0.0,0.377251,0.0,0.188626,0.188626,0.0,0.565877,0.0,0.188626,0.188626,0.565877,0.0,0.188626,0.0,0.0,7205.872894,0.188626,0.0,0.0,2.074881,0.565877,0.0,0.0,1.131753,0.188626,0.0,0.0,74.129837,18.862554,1053.285018,0.754502
TCGA-CS-4942,0.183522,0.0,0.0,3030.41231,160.857314,0.091761,0.091761,0.0,0.183522,0.0,0.0,8.350266,0.458806,0.0,10.827817,0.0,0.0,4.863341,0.0,5.230386,0.0,0.0,6.882087,0.0,0.0,0.0,0.0,0.091761,0.183522,31.6576,0.275283,0.275283,0.0,692.704997,0.0,0.0,0.0,0.0,0.183522,2093.989672,0.0,14.498263,0.0,0.0,282127.669688,0.091761,0.183522,0.091761,0.0,17.985187,0.0,0.0,2.202268,0.091761,0.0,348.600647,0.0,5642.48549,0.458806,0.0,0.275283,169.115818,19867.667561,0.0,0.0,81.116865,0.0,138.46759,0.0,0.091761,0.091761,0.0,0.091761,0.734089,0.0,0.275283,0.0,0.0,0.0,0.0,0.0,0.091761,0.0,0.183522,2758.34047,0.0,0.0,0.0,0.091761,0.734089,0.0,0.0,0.82585,0.642328,0.0,0.0,15.324114,7.249132,686.006432,0.0
TCGA-TM-A7CA,0.0,0.0,0.0,9991.45458,302.038538,0.0,0.493527,0.0,0.0,0.0,0.0,11.597885,1.974108,0.0,31.585729,0.0,0.246764,23.689297,0.493527,4.93527,0.246764,0.0,15.052574,0.0,0.0,0.0,0.0,0.0,0.493527,25.663405,0.740291,0.0,0.0,2017.291706,0.0,0.0,0.0,0.0,0.0,6839.544248,0.0,50.833283,0.0,0.0,233867.403601,0.0,0.0,0.246764,0.0,9.13025,0.246764,0.0,1.974108,0.740291,0.0,881.192499,0.0,13057.244446,0.0,0.0,0.246764,151.266033,19399.066691,0.0,0.0,352.378294,0.246764,298.583849,0.0,0.0,0.0,0.0,0.246764,1.974108,0.246764,0.0,0.0,0.246764,0.0,0.246764,0.0,0.0,0.0,0.0,6319.120002,0.246764,0.0,0.0,0.246764,2.220872,0.0,0.0,0.493527,0.246764,0.0,0.0,48.859175,28.624567,1878.610613,0.0
TCGA-DU-5853,0.0,0.133881,0.133881,9368.843158,339.655541,0.0,0.803285,0.133881,0.0,0.133881,0.0,9.505535,2.945377,0.0,23.563017,0.267762,0.535523,64.396656,1.472689,6.694039,0.0,0.133881,29.052129,0.0,0.401642,0.0,0.0,0.0,0.669404,9.773297,1.071046,0.401642,0.0,2031.239206,0.267762,0.0,0.133881,0.0,0.401642,7952.384497,0.0,99.47342,0.0,0.0,201476.517579,0.133881,0.0,0.0,0.0,9.773297,0.133881,0.0,2.945377,0.937165,0.133881,1325.955253,0.0,15097.601767,0.669404,0.0,0.535523,77.516972,33165.214774,0.0,0.0,336.844044,0.133881,345.412414,0.0,0.267762,0.0,0.133881,0.0,1.874331,0.0,0.267762,0.0,0.0,0.267762,0.535523,0.0,0.133881,0.0,0.0,9783.873578,0.0,0.0,0.0,0.401642,1.472689,0.133881,0.0,1.071046,0.937165,0.0,0.0,67.743675,83.94325,1871.385554,0.669404
TCGA-P5-A5EX,0.333771,0.0,0.166886,11969.541361,198.427069,0.0,0.166886,0.166886,0.0,0.0,0.0,19.859395,2.503285,0.166886,51.400788,0.166886,5.674113,9.679369,0.500657,7.009198,0.0,0.0,7.676741,0.0,0.0,0.0,0.0,0.166886,0.333771,32.208936,0.834428,0.333771,0.0,1333.082782,0.0,0.0,0.0,0.0,0.166886,2485.428377,0.0,28.370565,0.0,0.0,153857.245325,0.0,0.0,0.166886,0.0,41.387648,0.166886,0.0,2.169514,1.001314,0.166886,1887.977656,0.0,14502.365271,0.0,0.0,0.667543,570.415242,46485.838248,0.0,0.0,293.218133,0.0,229.801576,0.0,0.166886,0.333771,0.0,0.0,2.336399,0.0,0.166886,0.0,0.166886,0.0,0.333771,0.0,0.0,0.0,0.333771,30941.438815,0.0,0.0,0.0,0.333771,0.333771,0.0,0.0,2.169514,43.22339,0.0,0.0,76.099868,23.197109,1238.291718,0.0
TCGA-S9-A7J1,0.0,0.0,0.0,11257.216076,176.669388,0.196664,0.0,0.131109,0.0,0.0,0.065555,14.028664,0.065555,0.0,16.191962,0.0,0.065555,5.113251,0.0,2.228853,0.0,0.065555,7.014332,0.262218,0.065555,0.065555,0.065555,0.0,0.262218,39.463811,0.065555,0.065555,0.0,829.067811,0.262218,0.0,0.0,0.0,0.065555,4933.828628,0.0,22.222977,0.0,0.0,252747.159818,0.196664,0.131109,0.065555,0.0,9.570958,0.262218,0.0,1.769972,0.524436,0.065555,646.564072,0.0,6550.861576,0.065555,0.0,0.262218,368.940748,24103.538881,0.0,0.0,57.622409,0.131109,183.159284,0.0,0.196664,0.0,0.0,0.065555,0.917763,0.0,0.065555,0.0,0.262218,0.0,0.196664,0.0,0.065555,0.065555,0.065555,5643.062806,0.131109,0.0,0.0,0.589991,0.327773,0.131109,0.0,0.655545,1.966635,0.0,0.065555,65.882276,9.30874,789.341782,0.0
TCGA-DH-5140,0.696216,0.0,0.232072,3014.617064,639.358738,0.0,0.0,0.0,0.232072,0.0,0.0,32.025955,0.232072,0.0,7.194236,0.232072,0.0,4.177298,0.0,11.835679,0.0,0.0,34.578748,0.0,0.232072,0.0,0.0,0.0,0.464144,19.958204,0.232072,0.0,0.232072,1955.903973,0.0,0.232072,0.0,0.0,0.232072,1296.122887,0.0,10.443246,0.0,0.0,257582.434924,0.0,0.0,0.0,0.0,31.097666,0.0,0.0,1.624505,0.0,0.0,310.744592,0.0,4402.176373,0.232072,0.0,0.928289,54.769024,5244.830303,0.0,0.0,78.904527,0.0,278.254493,0.0,0.0,0.232072,0.232072,0.0,0.232072,0.0,0.232072,0.0,0.0,0.0,0.0,0.0,0.696216,0.0,0.0,1156.183388,0.464144,0.0,0.0,2.320721,3.24901,0.0,0.0,0.696216,3.016938,0.0,0.0,10.443246,3.24901,1967.043436,0.0
TCGA-TQ-A7RM,0.0,0.446799,0.446799,10269.667575,176.597177,0.1117,0.335099,0.0,0.1117,0.0,0.0,10.611469,0.670198,0.0,5.696683,0.446799,0.0,0.670198,0.223399,4.244587,0.0,0.0,10.611469,0.0,0.1117,0.0,0.0,0.0,0.0,97.73721,1.005297,0.223399,0.0,1829.752279,0.0,0.0,0.0,0.0,0.0,12020.559888,0.0,23.233531,0.223399,0.0,252715.809904,0.1117,0.0,0.1117,0.1117,7.372178,0.1117,0.0,1.228696,0.558498,0.1117,685.27747,0.0,10934.839104,0.223399,0.0,0.558498,207.202886,20443.050035,0.0,0.0,25.244125,0.0,475.617191,0.0,0.0,0.223399,0.558498,0.0,0.1117,0.0,0.223399,0.0,0.0,0.223399,0.558498,0.0,0.1117,0.0,0.0,2666.382801,0.0,0.0,0.1117,26.361122,1.563795,0.335099,0.0,2.233993,0.781898,0.0,0.0,37.531089,2.233993,1796.130679,0.0
TCGA-P5-A5EY,0.0,1.034327,0.0,6446.267771,235.826451,0.0,4.482082,0.0,0.344776,0.0,0.0,26.547715,3.792531,0.0,58.611837,0.0,0.344776,50.682,0.344776,8.274612,0.0,0.0,15.170123,0.0,0.0,0.0,0.0,0.0,0.344776,29.99547,0.0,0.344776,0.0,1342.555848,0.0,0.0,0.0,0.0,0.344776,1725.256668,0.0,71.368531,0.0,0.0,233359.237467,0.344776,0.0,0.0,0.0,21.031306,0.689551,0.0,4.482082,0.0,0.344776,1825.586342,0.0,7407.157126,0.344776,0.0,0.344776,38.270082,41969.867999,0.344776,0.0,686.103271,0.344776,285.474125,0.0,0.0,0.689551,0.344776,0.0,0.0,0.0,0.344776,0.0,0.0,0.344776,0.344776,0.0,0.0,0.0,0.0,4440.70861,0.344776,0.0,0.0,1.379102,0.0,0.0,0.0,0.344776,0.344776,0.0,0.0,40.683511,115.499797,1249.46646,0.0
TCGA-QH-A870,0.206386,0.206386,0.103193,9862.976266,449.40532,0.0,0.0,0.0,0.103193,0.0,0.0,25.282274,1.03193,0.0,7.945858,0.103193,0.206386,2.579824,0.103193,6.088384,0.103193,0.0,13.311891,0.103193,0.103193,0.0,0.103193,0.206386,0.103193,37.149464,1.135123,1.238315,0.0,2945.746097,0.103193,0.0,0.0,0.0,0.103193,4280.959744,0.0,51.390092,0.206386,0.0,199009.574655,0.206386,0.309579,0.103193,0.0,3.611753,0.309579,0.0,7.945858,1.444701,0.0,2264.053436,0.0,11051.346338,0.412772,0.0,0.515965,1352.137291,67559.70538,0.0,0.0,22.599257,0.103193,340.743138,0.0,0.309579,0.206386,0.619158,0.206386,2.78621,0.206386,0.206386,0.103193,0.103193,0.309579,0.412772,0.0,0.103193,0.0,0.103193,35874.927662,0.0,0.0,0.0,0.515965,0.412772,0.103193,0.0,3.921332,1.75428,0.0,0.0,94.937519,5.056455,2728.008962,0.309579
TCGA-FG-7638,0.0,0.0,0.461919,9254.315016,170.21713,0.0,0.0,0.923838,0.0,0.0,0.0,28.408015,1.154797,0.0,18.938677,0.0,0.0,17.32196,0.230959,3.233433,0.0,0.0,38.801191,0.230959,0.0,0.0,0.0,0.0,0.461919,47.115732,0.0,0.0,0.0,2146.768277,0.461919,0.0,0.0,0.0,0.0,6888.597161,0.0,44.806137,0.0,0.0,229057.75003,0.0,0.0,0.230959,0.230959,15.243325,0.0,0.0,0.692878,1.154797,0.0,1180.664812,0.0,10182.079208,0.461919,0.0,0.692878,69.74976,26559.877167,0.230959,0.0,135.573209,0.230959,386.626153,0.0,0.230959,0.230959,0.0,0.0,0.461919,0.0,0.461919,0.0,0.230959,0.230959,0.230959,0.0,0.0,0.230959,0.0,5559.42541,0.0,0.0,0.0,0.923838,0.923838,0.0,0.0,2.540554,1.385757,0.0,0.0,70.904557,25.405542,2090.645125,0.0
TCGA-RY-A845,0.0,0.097854,0.0,8605.948317,175.549721,0.0,0.293561,0.0,0.0,0.0,0.097854,7.339035,1.761368,0.097854,22.017105,0.097854,0.0,18.102953,0.0,3.131322,0.0,0.0,8.806842,0.0,0.0,0.097854,0.0,0.0,0.293561,22.702082,0.0,0.097854,0.0,2273.143819,0.0,0.0,0.0,0.0,0.391415,5229.502882,0.0,45.012749,0.097854,0.097854,237781.020218,0.195708,0.0,0.195708,0.0,6.556205,0.097854,0.0,0.978538,0.391415,0.0,930.68751,0.0,14800.876809,0.293561,0.0,0.195708,224.868037,31912.962566,0.097854,0.0,286.907347,0.0,309.511575,0.0,0.0,0.195708,0.0,0.0,0.880684,0.0,0.587123,0.0,0.0,0.097854,0.489269,0.0,0.0,0.0,0.0,9609.047641,0.097854,0.0,0.0,0.489269,1.174246,0.0,0.0,1.467807,0.587123,0.0,0.0,47.459094,31.215363,2197.50283,0.0
TCGA-HT-7687,0.0,0.138605,0.0,11609.553099,166.603186,0.138605,0.27721,0.0,0.0,0.0,0.0,13.999103,0.138605,0.0,9.563744,0.0,0.138605,23.840057,0.138605,1.66326,0.0,0.0,22.315402,0.138605,0.27721,0.0,0.0,0.138605,1.247445,14.414918,0.138605,0.138605,0.0,1300.114709,0.138605,0.0,0.0,0.0,0.138605,9621.541875,0.0,32.710775,0.0,0.0,233017.286259,0.0,0.0,0.138605,0.0,22.869822,0.138605,0.0,1.801865,0.55442,0.0,1381.475833,0.0,23427.706692,0.27721,0.0,0.138605,272.49739,15604.980243,0.0,0.0,393.222327,0.0,193.769762,0.0,0.0,0.138605,0.0,0.0,0.27721,0.415815,0.138605,0.0,0.415815,0.415815,0.55442,0.0,0.138605,0.0,0.0,5423.890065,0.0,0.0,0.0,1.10884,0.138605,0.138605,0.0,0.27721,1.94047,0.0,0.0,51.145238,61.956426,1196.438185,0.27721
TCGA-FG-5965,1.845356,0.0,0.0,7902.427442,485.943619,0.307559,3.690711,0.615119,0.615119,0.0,0.307559,17.530877,1.230237,0.0,62.126969,0.0,0.615119,87.346828,0.0,10.457015,0.0,0.0,18.145996,0.0,0.0,0.0,0.0,0.0,0.922678,24.297181,0.615119,0.0,0.0,1981.604266,0.0,0.0,0.0,0.0,0.615119,5465.943041,0.0,76.889813,0.0,0.0,215631.329954,0.307559,0.0,0.0,0.0,16.30064,0.0,0.0,3.075593,0.307559,0.0,1643.904206,0.0,7268.855381,0.0,0.0,1.537796,60.281614,19790.822801,0.0,0.0,610.505117,0.0,489.634331,0.0,0.0,0.307559,0.307559,0.0,0.615119,0.0,0.0,0.0,0.615119,0.0,0.0,0.0,0.307559,0.0,0.307559,6563.622015,0.615119,0.0,0.0,1.230237,0.922678,0.615119,0.0,1.537796,1.845356,0.0,0.0,77.504932,179.307044,1927.781397,0.0
TCGA-DH-A7UV,0.0,0.309676,0.0,7033.673094,319.740566,0.0,0.0,0.464514,0.0,0.0,0.0,13.780586,0.154838,0.0,26.477306,0.0,0.464514,3.870951,0.0,7.12255,0.0,0.0,8.825769,0.0,0.0,0.0,0.0,0.0,0.929028,33.29018,0.154838,0.0,0.0,1114.36942,0.309676,0.0,0.0,0.0,0.154838,4151.362861,0.0,20.903136,0.0,0.0,266564.690329,0.0,0.154838,0.154838,0.0,6.038684,0.0,0.0,0.929028,0.619352,0.309676,562.216946,0.0,8429.538082,0.154838,0.0,0.619352,17.961213,19441.929617,0.0,0.0,77.573861,0.0,270.347229,0.0,0.0,0.464514,0.0,0.0,0.929028,0.0,0.154838,0.0,0.0,0.0,0.464514,0.0,0.154838,0.0,0.0,2414.854171,0.0,0.0,0.0,0.929028,0.464514,0.309676,0.0,0.619352,0.309676,0.0,0.0,26.94182,5.729008,1068.537358,0.0
TCGA-HW-7495,0.0,0.144639,0.0,11639.382224,256.734062,0.0,0.578556,0.289278,0.0,0.0,0.0,15.621002,0.578556,0.0,12.583585,0.0,2.169584,36.449005,0.144639,5.496279,0.0,0.0,47.441562,0.144639,0.144639,0.0,0.0,0.289278,0.433917,21.985114,0.433917,1.012472,0.0,2448.736717,0.144639,0.0,0.0,0.0,0.144639,8283.180997,0.0,57.277008,0.0,0.0,222409.658176,0.144639,0.0,0.289278,0.0,11.426474,0.289278,0.0,6.508751,0.723195,0.0,1636.299969,0.0,20545.812277,0.144639,0.0,0.723195,223.611752,23140.200374,0.289278,0.0,301.716763,0.0,340.913907,0.0,0.0,0.144639,0.289278,0.289278,1.012472,0.289278,0.433917,0.0,0.144639,0.0,0.0,0.0,0.0,0.144639,0.0,14456.369601,0.289278,0.0,0.0,0.723195,0.433917,0.0,0.0,2.458861,1.30175,0.0,0.0,99.36693,53.227118,2365.569344,0.289278
TCGA-TQ-A7RS,0.0,0.081128,0.0,7185.075422,132.157036,0.0,0.162255,0.162255,0.0,0.0,0.0,11.439007,0.162255,0.081128,5.516684,0.081128,0.324511,3.245108,0.0,1.865937,0.0,0.0,6.652472,0.081128,0.081128,0.0,0.0,0.0,0.081128,15.333137,0.081128,0.405639,0.0,1087.192409,0.162255,0.0,0.0,0.0,0.162255,4872.935756,0.0,17.929223,0.0,0.0,268156.92857,0.0,0.081128,0.081128,0.0,8.680665,0.0,0.0,0.730149,0.486766,0.0,1397.019125,0.0,11118.71458,0.081128,0.0,0.081128,147.490172,20656.818033,0.081128,0.0,58.574205,0.0,248.007402,0.0,0.0,0.081128,0.081128,0.0,0.567894,0.0,0.243383,0.0,0.081128,0.081128,0.486766,0.0,0.081128,0.0,0.0,3914.249636,0.0,0.0,0.0,0.486766,0.649022,0.081128,0.0,0.486766,0.567894,0.0,0.0,22.959141,5.841195,1063.09748,0.162255
TCGA-HT-A74L,0.0,0.068125,0.0,5566.373079,123.851597,0.0,0.0,0.13625,0.0,0.0,0.0,8.106898,0.272501,0.068125,16.418171,0.13625,0.068125,2.725008,0.0,2.316256,0.068125,0.0,7.493771,0.068125,0.0,0.0,0.0,0.0,0.340626,18.189426,0.13625,0.068125,0.0,1252.822256,0.068125,0.0,0.068125,0.0,0.13625,4296.383275,0.0,19.347554,0.0,0.0,279265.525969,0.0,0.0,0.0,0.0,16.826922,0.068125,0.0,0.817502,0.476876,0.0,618.372356,0.0,9592.026846,0.068125,0.0,0.13625,525.994597,25982.94772,0.068125,0.0,68.125191,0.0,178.147374,0.0,0.204376,0.13625,0.13625,0.0,0.272501,0.0,0.13625,0.0,0.068125,0.0,0.340626,0.0,0.068125,0.0,0.068125,5516.573565,0.0,0.0,0.0,0.613127,0.0,0.068125,0.0,0.545002,0.545002,0.0,0.0,17.371924,5.177514,1208.268382,0.068125
TCGA-QH-A6XA,0.0,0.0,0.0,6816.400911,252.65187,0.0,0.236344,0.118172,0.0,0.0,0.0,11.580862,1.181721,0.0,25.052477,0.118172,0.236344,15.835056,0.0,4.726883,0.0,0.0,16.544089,0.118172,0.0,0.0,0.0,0.0,0.59086,30.724736,0.236344,0.59086,0.0,1402.702382,0.0,0.0,0.236344,0.0,0.0,4536.625481,0.0,52.70474,0.0,0.0,244420.476524,0.118172,0.118172,0.0,0.0,7.090324,0.0,0.0,2.717957,0.472688,0.118172,933.32295,0.0,11975.438646,0.472688,0.0,0.236344,26.94323,31429.868958,0.118172,0.0,258.678645,0.0,295.6665,0.0,0.0,0.472688,0.236344,0.0,1.418065,0.0,0.354516,0.118172,0.0,0.118172,0.354516,0.0,0.0,0.0,0.0,4765.997454,0.0,0.0,0.0,0.0,0.709032,0.0,0.0,1.299893,0.472688,0.0,0.0,43.723663,42.42377,1328.135811,0.0
TCGA-HT-7478,6.208423,0.0,0.0,12918.952142,509.866736,0.0,0.0,0.0,0.776053,0.0,0.0,40.354749,0.776053,0.0,17.849216,0.0,3.104211,39.578696,0.776053,7.760529,0.0,0.0,41.130802,0.0,0.0,0.0,0.0,0.0,0.0,41.906855,0.776053,0.776053,0.0,3040.575148,0.0,0.0,0.0,0.0,0.0,9551.658735,0.0,88.470027,0.0,0.0,150942.283396,0.776053,0.0,0.0,0.0,28.713956,0.776053,0.0,2.328159,3.104211,0.0,1934.699807,0.0,19676.04449,0.0,0.0,3.880264,284.811404,29520.275157,0.0,0.0,969.290036,0.0,469.511987,0.0,0.0,0.776053,0.0,0.0,1.552106,0.0,0.0,0.0,0.0,0.0,0.0,0.0,0.0,0.0,0.0,7259.198555,0.0,0.0,0.0,0.776053,1.552106,0.0,0.0,2.328159,6.984476,0.0,0.0,208.758222,31.818168,3035.142778,0.0
TCGA-DU-6394,0.0,0.177792,0.0,19793.905638,283.311075,0.0,0.0,0.0,0.0,0.0,0.0,13.334378,0.444479,0.0,10.756398,0.0,0.0,4.089209,0.088896,0.977854,0.0,0.0,15.112295,0.088896,0.266688,0.0,0.177792,0.088896,0.355583,26.402068,0.533375,0.177792,0.0,1193.071209,0.088896,0.0,0.088896,0.0,0.088896,8697.03663,0.0,41.869946,0.0,0.0,205546.763262,0.088896,0.0,0.177792,0.0,30.84686,0.177792,0.0,0.711167,3.200251,0.0,1715.867705,0.0,36466.322385,0.266688,0.0,0.355583,1438.779339,26426.780622,0.0,0.0,295.134223,0.0,319.936166,0.0,0.355583,0.0,0.0,0.266688,0.711167,0.0,0.177792,0.0,0.0,0.177792,0.977854,0.0,0.0,0.0,0.0,9659.245315,0.0,0.0,0.0,0.711167,0.977854,0.266688,0.0,0.088896,0.800063,0.0,0.0,36.802882,9.689648,1122.932383,0.088896
TCGA-HT-7471,0.0,0.145717,0.0,19102.238088,191.181213,0.0,0.0,0.0,0.145717,0.0,0.0,17.631804,0.291435,0.0,10.345935,0.145717,0.0,14.280304,0.145717,1.165739,0.0,0.145717,26.374847,0.0,0.145717,0.0,0.0,0.0,0.437152,17.048934,0.0,0.291435,0.0,1689.301677,0.291435,0.0,0.0,0.0,0.291435,6616.735147,0.0,40.072282,0.145717,0.0,222920.354227,0.0,0.145717,0.291435,0.0,19.380413,0.145717,0.0,0.874304,2.76863,0.0,1977.239235,0.0,31591.821116,0.58287,0.0,0.0,234.896429,15041.823076,0.0,0.145717,266.07995,0.0,219.450386,0.0,0.145717,0.0,0.0,0.0,0.728587,0.145717,0.291435,0.0,0.0,0.0,0.291435,0.0,0.0,0.0,0.0,4948.562491,0.0,0.0,0.0,0.145717,1.311456,0.0,0.0,1.748609,1.311456,0.0,0.0,54.352586,36.137912,1604.93131,0.0
TCGA-HT-8011,73.176605,0.874621,0.0,9849.104592,382.500821,0.0,0.29154,0.0,0.0,0.0,0.0,53.060327,0.29154,0.0,11.66161,0.0,0.0,19.533197,0.0,12.536231,0.0,0.0,34.984831,0.0,0.583081,0.0,0.0,0.874621,0.583081,59.765753,0.29154,0.29154,0.0,2074.892028,0.0,0.0,0.0,0.0,0.583081,7411.536481,0.0,62.972696,0.0,0.0,178060.545915,0.29154,0.0,0.29154,0.0,19.533197,0.0,0.0,2.915403,1.166161,0.0,1100.856021,0.0,24874.506495,1.166161,0.0,0.0,62.389616,24114.169498,0.0,0.0,427.10648,0.0,494.45228,0.0,0.0,0.0,0.874621,0.0,1.166161,0.0,0.29154,0.0,0.0,0.583081,0.0,0.0,0.0,0.29154,0.0,17622.734076,0.0,0.0,0.0,0.29154,4.081564,0.874621,0.0,2.040782,1.749242,0.0,0.0,62.389616,29.445566,1886.26548,0.0
